source,target,edge_type,weight,timestamp
u_49,u_3429,transaction,940.0417760403054,1700000241.6213877
u_29,u_667,transaction,480.07978743824407,1700000312.3986
u_1433,u_612,transaction,1080.0705112610478,1700000511.2564979
u_4167,u_4741,transaction,751.7340790571552,1700001273.1863525
u_1478,u_329,transaction,867.3203692233491,1700001549.4412096
u_1823,u_1096,transaction,3478.532040577535,1700001782.4216368
u_33,u_2160,transaction,1302.6989935603683,1700002014.4798062
u_1502,u_875,transaction,2723.744306553144,1700002050.2013535
u_1271,u_1742,transaction,109.73720154291357,1700002099.3703783
u_525,u_2588,transaction,1969.6176250726955,1700003126.340367
u_698,u_4877,transaction,1537.7032453762083,1700003289.4732604
u_2303,u_4,transaction,3490.3705213962176,1700004262.574472
u_4836,u_1055,transaction,292.7727466727003,1700004828.5239196
u_131,u_37,transaction,2055.1506123188014,1700005039.5973482
u_41,u_389,transaction,1329.3276710109526,1700005114.6835244
u_1834,u_1201,transaction,2209.363251301411,1700005243.6826324
u_7,u_150,transaction,192.82224741480536,1700005525.8527684
u_61,u_735,transaction,261.8926904641986,1700005702.0840008
u_72,u_4,transaction,10673.196196369558,1700005797.8124874
u_123,u_555,transaction,3758.8588925105123,1700006760.9789157
u_51,u_4331,transaction,5034.464911951964,1700006896.1370485
u_103,u_638,transaction,530.057728711345,1700007366.3181603
u_917,u_828,transaction,571.912447801595,1700007461.150235
u_3599,u_884,transaction,564.1592960856518,1700007904.7966657
u_3793,u_4465,transaction,3225.7754455882173,1700008317.7247212
u_349,u_4965,transaction,1376.1798016692312,1700008697.7814424
u_1177,u_4882,transaction,4843.533093731775,1700009045.4821477
u_1128,u_1602,transaction,3969.542834433366,1700009260.7419937
u_4,u_984,transaction,8456.886571227496,1700009948.3384898
u_2409,u_1110,transaction,4618.916983828773,1700010144.0115387
u_2721,u_4415,transaction,822.3912442752531,1700010619.535305
u_78,u_577,transaction,1248.1099773381568,1700011149.2756333
u_7,u_3053,transaction,7876.07594714464,1700011549.6185613
u_4736,u_1663,transaction,1206.1691452713142,1700011795.5125644
u_3627,u_4849,transaction,857.5314660976032,1700011831.4205635
u_2743,u_3853,transaction,851.3269232300684,1700011979.1721473
u_498,u_1992,transaction,4968.333420658011,1700012243.9537911
u_3400,u_2046,transaction,366.97617685031076,1700012304.5861237
u_539,u_3764,transaction,4065.370022869189,1700012366.693924
u_2413,u_1261,transaction,2210.215040376039,1700012685.661146
u_686,u_45,transaction,2897.322693504629,1700012687.6850805
u_21,u_0,transaction,283.43463071803194,1700013120.1039414
u_2662,u_10,transaction,877.0055998453086,1700013371.8266003
u_1676,u_703,transaction,6429.8976181428425,1700013410.2570026
u_3891,u_77,transaction,216.16725079538878,1700013856.597984
u_3225,u_2063,transaction,2155.124017927766,1700013944.0073962
u_232,u_2288,transaction,2793.19404321691,1700013949.9035897
u_4637,u_199,transaction,472.9242779134566,1700014112.7320137
u_4693,u_862,transaction,2708.8914061593387,1700014357.7378778
u_4548,u_2730,transaction,1000.0038762125607,1700014737.685465
u_2568,u_2914,transaction,810.11446787741,1700014786.0546136
u_312,u_475,transaction,1046.6186521215484,1700015631.3540018
u_11,u_240,transaction,3022.3379029061043,1700015736.524283
u_99,u_3527,transaction,5212.0499918629675,1700016166.0475688
u_856,u_4038,transaction,673.2566836603038,1700016250.4421232
u_4518,u_12,transaction,5630.468012132221,1700016592.6071835
u_3024,u_720,transaction,5060.29689837307,1700016803.8944178
u_909,u_1162,transaction,2993.716131536058,1700016890.4672587
u_74,u_290,transaction,1359.8953976205476,1700017075.3746028
u_2464,u_365,transaction,2005.077774591122,1700017099.1638274
u_1033,u_772,transaction,5866.424638994792,1700017161.7239544
u_238,u_1937,transaction,1559.9318504827077,1700017314.6591723
u_1198,u_3379,transaction,6016.427979815252,1700017375.5692134
u_2041,u_3269,transaction,3039.227789856035,1700017489.7615488
u_4438,u_226,transaction,736.5467970563834,1700017546.3531175
u_2682,u_4404,transaction,3464.0758911005414,1700017720.3300054
u_2057,u_1138,transaction,378.1145638383751,1700017954.4073627
u_3432,u_329,transaction,393.24321649621595,1700018360.251072
u_1097,u_185,transaction,4403.9075301561015,1700018416.520518
u_8,u_343,transaction,1198.9311278425932,1700018492.7875485
u_3099,u_534,transaction,538.6057198869925,1700018721.176931
u_2156,u_2740,transaction,517.4362988818347,1700018899.2553573
u_8,u_2829,transaction,4432.847052117086,1700018913.1551034
u_4929,u_1504,transaction,2248.013777438823,1700019147.810257
u_4024,u_3847,transaction,2006.6081818486466,1700019324.6629608
u_785,u_810,transaction,3533.519475591255,1700019436.4849503
u_1677,u_2379,transaction,2921.7549971755957,1700019444.0358167
u_985,u_3739,transaction,2444.754551418173,1700019722.4171107
u_1682,u_1838,transaction,1158.0553774240377,1700019967.812307
u_1,u_391,transaction,4399.093714826762,1700020182.9597278
u_1327,u_151,transaction,2713.66696387346,1700020377.90414
u_4165,u_1609,transaction,1638.0783656476249,1700020399.7303536
u_3487,u_2016,transaction,6106.8020606954815,1700020535.410673
u_1379,u_56,transaction,9441.905109549425,1700020716.888189
u_4091,u_457,transaction,527.1455441298103,1700021239.3619084
u_162,u_867,transaction,1572.7071681034995,1700021331.9656441
u_4639,u_3,transaction,2569.5341589542813,1700021483.9539976
u_357,u_129,transaction,358.98716115595255,1700022163.8228028
u_323,u_3027,transaction,1943.582788707398,1700022366.4260247
u_3111,u_202,transaction,2684.8326605564835,1700022472.4334304
u_1115,u_3052,transaction,563.8554926905673,1700022695.0877714
u_4046,u_4485,transaction,2901.971037672767,1700022833.1023488
u_264,u_74,transaction,1716.5044907157062,1700023007.1971445
u_1847,u_953,transaction,914.1692706932555,1700023713.8204505
u_2022,u_4947,transaction,1829.6508486007342,1700023797.1522708
u_1684,u_42,transaction,1793.6848507041113,1700024951.2868855
u_3514,u_155,transaction,3593.768427190899,1700025400.121372
u_2553,u_4255,transaction,548.0481610661337,1700025950.576979
u_799,u_2409,transaction,4922.795431202535,1700026028.543317
u_10,u_915,transaction,965.7947961511287,1700026754.0723572
u_2840,u_1729,transaction,2908.4210275640226,1700026979.3963897
u_4656,u_198,transaction,8291.86221175655,1700027127.0934405
u_413,u_132,transaction,1633.8905352722873,1700027202.2630577
u_2348,u_2023,transaction,2324.6311220193697,1700027478.046099
u_258,u_2354,transaction,437.2769745904998,1700027506.9911559
u_77,u_4062,transaction,2284.233758839265,1700028206.5890412
u_15,u_1192,transaction,1283.2114222377313,1700028524.7062614
u_4,u_224,transaction,960.2992648628154,1700028793.0679324
u_539,u_1582,transaction,5284.362873550945,1700029565.8072057
u_3886,u_1160,transaction,867.1301687397182,1700029627.4629574
u_921,u_23,transaction,5102.775795404066,1700029950.2267456
u_204,u_117,transaction,235.5387550351257,1700029967.965026
u_489,u_3672,transaction,428.9240651476752,1700030024.2891095
u_4698,u_238,transaction,2675.4724545160984,1700030343.5058103
u_4,u_192,transaction,6529.624358896856,1700030983.3623564
u_5,u_2878,transaction,1248.8631920234861,1700031662.2549255
u_7,u_10,transaction,5465.612979207284,1700031861.7546794
u_3392,u_3210,transaction,2084.0001582949935,1700031963.938056
u_4623,u_575,transaction,864.5968209422197,1700032137.962266
u_2021,u_2725,transaction,227.8352592544487,1700032322.1660328
u_1900,u_4519,transaction,1123.2004593333922,1700032410.853147
u_2424,u_2669,transaction,12597.043675278595,1700032417.1214435
u_2974,u_1193,transaction,1715.560162203771,1700032664.2291455
u_255,u_1475,transaction,911.879878644746,1700033079.6015599
u_1039,u_921,transaction,3739.8248075180545,1700033179.6804302
u_1817,u_3434,transaction,7587.896335707057,1700033381.5758376
u_185,u_1601,transaction,2744.804386954367,1700034209.3210988
u_3734,u_2932,transaction,100.0,1700034256.9799557
u_865,u_117,transaction,866.864951422091,1700034378.2333176
u_3508,u_4053,transaction,5642.882700169577,1700034386.7804036
u_1,u_213,transaction,2954.17573439466,1700034401.8865495
u_1776,u_4544,transaction,2898.655451127698,1700034575.5547328
u_564,u_2440,transaction,2777.5952734612706,1700035485.7272449
u_1033,u_134,transaction,339.375138465105,1700035743.664798
u_2224,u_56,transaction,2970.9427776569296,1700036159.1743498
u_115,u_3215,transaction,384.7893382132357,1700036313.9907477
u_0,u_2014,transaction,5371.001419615715,1700036647.5197945
u_2101,u_3289,transaction,889.4193576413838,1700036656.2411642
u_2505,u_2211,transaction,562.1800499433957,1700036810.0289974
u_435,u_732,transaction,883.0894621198892,1700036860.1079125
u_693,u_85,transaction,226.87790082014075,1700036969.8352537
u_916,u_517,transaction,4315.928373599454,1700037061.7559774
u_2799,u_199,transaction,753.0903259250997,1700037709.7601004
u_2449,u_98,transaction,762.4267170188394,1700037746.9371753
u_26,u_3318,transaction,537.722628806926,1700038156.5007062
u_1704,u_805,transaction,2305.6886056643757,1700038595.408349
u_238,u_4906,transaction,1830.8248176696954,1700038747.849904
u_3736,u_2946,transaction,6454.740899226958,1700039074.1446676
u_1350,u_1344,transaction,1399.42994075313,1700039076.6938224
u_3263,u_1279,transaction,2761.69269384315,1700039340.4636629
u_1203,u_4378,transaction,1435.421549680297,1700039348.2253997
u_777,u_4390,transaction,4381.981598752256,1700039425.0816786
u_3126,u_1896,transaction,1975.1643445267073,1700039687.8704185
u_1901,u_646,transaction,4565.189950006976,1700040306.8999312
u_723,u_2778,transaction,1039.3498938941336,1700040424.1368706
u_781,u_120,transaction,267.9080735405517,1700040840.8798585
u_1760,u_3401,transaction,1287.7976790745324,1700040963.1736875
u_3061,u_3311,transaction,1711.4666969531759,1700041826.9283502
u_391,u_1710,transaction,3991.2482692310373,1700041888.1523151
u_1,u_305,transaction,1031.3892961254235,1700042264.8611593
u_807,u_670,transaction,2049.2404732940818,1700042508.7187004
u_768,u_4825,transaction,1878.5171506818629,1700042569.0907774
u_3906,u_1988,transaction,5038.048643984727,1700042984.3494132
u_3627,u_3680,transaction,4122.0376563126565,1700043014.6073487
u_4293,u_680,transaction,555.3172181876905,1700043162.2601438
u_199,u_3573,transaction,1152.8439194257985,1700043168.354218
u_2453,u_1920,transaction,2001.772533335315,1700043671.2832816
u_293,u_4571,transaction,314.6522393055884,1700044240.470336
u_3,u_3173,transaction,1810.0503556740885,1700044357.536057
u_3375,u_3862,transaction,1002.9774931820292,1700044516.1980789
u_2211,u_2895,transaction,3588.965843903903,1700044711.2289777
u_2323,u_1260,transaction,4143.953576039877,1700044770.5475621
u_677,u_672,transaction,3618.8921902478337,1700044805.4491944
u_12,u_1694,transaction,2593.4796693022045,1700044925.653565
u_2009,u_4746,transaction,3958.3781599858225,1700044961.880543
u_5104,u_5113,transaction,1095.3195943392523,1700045007.7322261
u_4,u_69,transaction,7497.8370282622245,1700046042.6043015
u_4191,u_44,transaction,2965.217468022316,1700046296.689582
u_2021,u_3386,transaction,252.81928267649883,1700046344.552167
u_4755,u_596,transaction,17832.727307477493,1700046359.734874
u_1259,u_1003,transaction,4133.329893509025,1700046510.7277026
u_475,u_4595,transaction,1280.3043714763805,1700046991.6165571
u_3961,u_31,transaction,4884.304670002889,1700047424.8566566
u_903,u_679,transaction,2657.968477518028,1700047486.428384
u_566,u_28,transaction,7925.922888250855,1700047766.7352767
u_1145,u_86,transaction,7175.800680203523,1700047784.5426345
u_4341,u_1142,transaction,1332.4986654742675,1700047939.0012624
u_1545,u_3993,transaction,1135.6086637527706,1700048428.198703
u_756,u_2526,transaction,682.578919802014,1700048755.1033661
u_3436,u_2522,transaction,5276.828326136445,1700048968.0094655
u_0,u_1959,transaction,2224.947942844334,1700049918.8656054
u_3163,u_2344,transaction,124.6404100318016,1700050086.3713565
u_2348,u_4937,transaction,1721.8768453775035,1700050184.0318656
u_56,u_3273,transaction,822.1507283726817,1700050737.994909
u_352,u_556,transaction,1727.5988141968644,1700051144.5361676
u_2444,u_1305,transaction,2766.794929726727,1700051149.128982
u_1175,u_3,transaction,1061.9174168564014,1700051219.6109958
u_527,u_5,transaction,834.7854831707548,1700051508.3507617
u_3276,u_3198,transaction,17526.15727564716,1700052183.2209284
u_3227,u_2759,transaction,1635.7323826914744,1700052302.7853394
u_3930,u_155,transaction,6358.953230311717,1700052572.6781318
u_95,u_748,transaction,706.578871436213,1700052679.5772796
u_3818,u_4558,transaction,730.2240865000213,1700053569.8686197
u_382,u_4854,transaction,2858.831102320477,1700054018.5410657
u_81,u_2475,transaction,2864.1941736957233,1700054033.3709745
u_1155,u_1087,transaction,6492.70785700625,1700054116.4319143
u_269,u_1020,transaction,2268.8638506638954,1700054117.5233338
u_2315,u_697,transaction,402.18802302496846,1700054713.7092385
u_756,u_4624,transaction,401.5289462151369,1700055158.1636395
u_4971,u_3821,transaction,5673.52584113551,1700055207.379018
u_440,u_50,transaction,914.0864963897038,1700055228.6944919
u_7,u_1481,transaction,5069.510393009412,1700055265.387128
u_33,u_1825,transaction,1486.6811059973402,1700055303.5044992
u_3288,u_950,transaction,2911.3080746532505,1700056264.208607
u_1770,u_1317,transaction,951.6321813978625,1700056327.0648186
u_373,u_307,transaction,8356.131271010574,1700056416.3172152
u_1222,u_3692,transaction,695.0205742170355,1700057021.466349
u_35,u_4478,transaction,3035.409748214985,1700057501.0020761
u_1733,u_4749,transaction,2493.123125414326,1700057728.5503876
u_3311,u_4537,transaction,2239.692243533169,1700058335.0376089
u_534,u_4091,transaction,1217.6967602779728,1700058368.2789488
u_1043,u_3784,transaction,4059.92292892711,1700058425.9439218
u_4883,u_4862,transaction,3983.5143938472806,1700058451.973461
u_384,u_1632,transaction,1545.3028222081396,1700058573.7150385
u_3621,u_4141,transaction,1176.5774319014163,1700058655.528532
u_4557,u_953,transaction,3447.401195782115,1700058864.0961902
u_4066,u_3081,transaction,4273.4751957766375,1700058925.9049845
u_1048,u_3298,transaction,3116.481342438469,1700058949.6897748
u_3144,u_66,transaction,10943.61195068125,1700059229.192022
u_4524,u_763,transaction,2067.646775169766,1700059328.500805
u_505,u_1295,transaction,329.7497857005435,1700059578.000992
u_197,u_2503,transaction,1856.0479585977725,1700059678.8245935
u_2909,u_1720,transaction,963.875501835157,1700059819.0406163
u_245,u_207,transaction,1000.9603930983579,1700059927.9347196
u_4831,u_255,transaction,1129.177647137996,1700060008.8837326
u_1702,u_546,transaction,1237.5294090044085,1700060020.227889
u_113,u_3842,transaction,2782.2345871471002,1700060052.9699755
u_1074,u_4205,transaction,1572.5565614795298,1700060095.5971906
u_3724,u_3505,transaction,18940.84133274127,1700060122.8264067
u_787,u_1102,transaction,1583.5048388363043,1700060138.7880404
u_2537,u_2960,transaction,8773.033245929679,1700060456.949584
u_1315,u_3246,transaction,338.8408538722526,1700060639.6989448
u_666,u_354,transaction,953.2198248033285,1700060749.193885
u_1270,u_3190,transaction,4689.94556296547,1700060864.6021838
u_402,u_1142,transaction,2725.889525830529,1700061127.5538597
u_4252,u_78,transaction,1791.5163204061791,1700061167.896163
u_25,u_953,transaction,2643.258290376999,1700061270.3766274
u_1334,u_117,transaction,6823.952591636238,1700061425.0648115
u_2905,u_5,transaction,4094.7753151981087,1700061784.9574797
u_4499,u_137,transaction,1647.6832652917094,1700061909.6576319
u_164,u_3180,transaction,100.0,1700062800.7082868
u_302,u_3126,transaction,2384.371387334117,1700063006.8008912
u_653,u_2908,transaction,5510.009876804587,1700063145.591261
u_3108,u_2630,transaction,5584.711350132013,1700063373.9316595
u_2166,u_570,transaction,679.7635804713722,1700063460.6044183
u_1793,u_1681,transaction,3023.755122519854,1700063501.2096937
u_3149,u_349,transaction,2190.5097209517035,1700064491.2417126
u_1391,u_141,transaction,459.52668790326146,1700064818.5621135
u_4046,u_4489,transaction,2519.758764897335,1700065189.1163895
u_2760,u_284,transaction,1997.4993756759034,1700065715.3995147
u_2485,u_2052,transaction,1503.3851969962936,1700065900.629951
u_489,u_6,transaction,3446.848402319911,1700066256.04801
u_351,u_26,transaction,562.3557702232456,1700066886.7147403
u_1468,u_823,transaction,1427.1642504511642,1700067114.1182415
u_4587,u_614,transaction,1420.4996318766591,1700067157.9140017
u_2961,u_56,transaction,1536.552114139725,1700068064.508634
u_517,u_967,transaction,889.4106012627966,1700068141.244314
u_47,u_903,transaction,10924.082320927475,1700068932.7520456
u_1046,u_64,transaction,1146.7161064439324,1700069170.1387534
u_4219,u_1958,transaction,467.9284475524761,1700069367.5792058
u_248,u_59,transaction,1258.353071178631,1700069466.5156755
u_322,u_1184,transaction,2500.3008721837364,1700069489.4203568
u_58,u_8,transaction,2471.000011065044,1700069741.7993987
u_1694,u_10,transaction,540.362714427016,1700070161.2379243
u_2904,u_2048,transaction,6733.931676260235,1700070508.8016005
u_139,u_877,transaction,909.8389487318565,1700070739.7564218
u_449,u_4483,transaction,707.8094790438856,1700071200.4654617
u_2445,u_1672,transaction,7861.905285528855,1700071371.3426826
u_325,u_2629,transaction,1860.8256463114587,1700071395.1228836
u_1565,u_49,transaction,232.7718341995746,1700072023.0341258
u_1364,u_592,transaction,255.94209556141902,1700072315.4656985
u_813,u_2319,transaction,978.3597402736943,1700072353.2520726
u_3409,u_490,transaction,1637.8747540500663,1700072465.3859491
u_202,u_1149,transaction,1957.8414853379832,1700072572.4169252
u_4,u_4567,transaction,5787.039083155632,1700073070.1668122
u_889,u_3838,transaction,812.4541593072147,1700073294.5057452
u_2786,u_227,transaction,475.98645268936014,1700073830.863739
u_1846,u_1594,transaction,1292.3470989627274,1700073847.1618822
u_179,u_3744,transaction,1331.4789134869727,1700074217.7960587
u_4166,u_89,transaction,626.8996488302312,1700074292.4541755
u_3294,u_170,transaction,1859.7198877253911,1700074428.667436
u_706,u_101,transaction,1114.3945757638871,1700074579.8775063
u_4030,u_167,transaction,5468.58139293424,1700075403.2784667
u_959,u_116,transaction,550.3685293103987,1700075833.1595275
u_3887,u_529,transaction,1244.6772956219088,1700075896.8654485
u_4435,u_883,transaction,734.0846288308175,1700075984.9447267
u_2622,u_132,transaction,2069.7649746301618,1700075989.8671913
u_97,u_539,transaction,715.9561127344874,1700076212.503579
u_69,u_77,transaction,2517.144069851228,1700076386.775608
u_151,u_1611,transaction,2393.797759526013,1700076423.4566324
u_2300,u_1704,transaction,590.153437536924,1700076626.4753897
u_697,u_3661,transaction,6383.80282302816,1700076679.6238952
u_656,u_2128,transaction,467.37601782172544,1700076936.9519446
u_681,u_928,transaction,3377.5423028434175,1700077307.1221416
u_3970,u_252,transaction,5677.652128267329,1700077442.5201812
u_510,u_2858,transaction,1042.5375091224787,1700078341.8684797
u_1689,u_690,transaction,10173.516184065033,1700078433.4736397
u_190,u_4294,transaction,1614.6475030757706,1700078475.1333559
u_108,u_2552,transaction,1095.2806296594429,1700078563.5405545
u_1437,u_316,transaction,16060.156519590762,1700078823.7542722
u_2306,u_531,transaction,2590.844012412779,1700079365.1561453
u_4969,u_4042,transaction,2488.7221644937376,1700079401.2482083
u_4154,u_3683,transaction,1145.163138612554,1700080096.2769952
u_1923,u_4169,transaction,607.3064780315466,1700080337.1206143
u_3806,u_3700,transaction,1751.017813977426,1700080879.9624095
u_3874,u_3369,transaction,3889.6726382691354,1700081179.0341685
u_1926,u_618,transaction,2870.302391461452,1700081530.3638542
u_1743,u_2312,transaction,414.86904946278173,1700081797.9922504
u_1445,u_1009,transaction,1869.6839827551037,1700082668.1820517
u_1510,u_3336,transaction,2908.610290013874,1700082906.0457187
u_27,u_4776,transaction,3081.6095415590053,1700082914.0873227
u_4372,u_102,transaction,9326.495094296528,1700083070.1459172
u_119,u_1752,transaction,2443.3060487314124,1700083642.1308336
u_1207,u_116,transaction,2003.2806482753986,1700083743.5089657
u_270,u_3887,transaction,2086.6314640079586,1700083815.6307898
u_1937,u_4,transaction,5982.366483348772,1700084115.4511263
u_3187,u_2039,transaction,2697.2823434098837,1700084356.509016
u_3176,u_2417,transaction,781.9755840914783,1700085159.08473
u_2758,u_2450,transaction,963.6993102757202,1700085237.2473176
u_252,u_159,transaction,2489.3625038832383,1700085373.5494716
u_1717,u_3095,transaction,24384.015988448264,1700086493.597231
u_86,u_7,transaction,1632.5474737216578,1700086497.4927535
u_3016,u_2701,transaction,2264.949908094338,1700086555.5316308
u_790,u_6,transaction,1910.6508889244053,1700086829.2135057
u_1405,u_134,transaction,427.2140663688523,1700087203.2851999
u_8,u_1990,transaction,3020.282950431942,1700087683.4342105
u_4029,u_1864,transaction,4655.889035541816,1700087717.3229196
u_1485,u_1667,transaction,437.08288081536796,1700087847.3981202
u_827,u_53,transaction,852.2190497323326,1700087912.3477616
u_596,u_60,transaction,476.6925077704186,1700087986.86777
u_2555,u_269,transaction,950.0187959599458,1700088030.2036452
u_61,u_3484,transaction,1489.4673640330573,1700088256.9958663
u_31,u_184,transaction,794.5964639823206,1700088659.852407
u_34,u_2308,transaction,2595.1396404693496,1700088840.38257
u_1093,u_158,transaction,574.5887726762851,1700089945.1210494
u_1766,u_769,transaction,3204.753038051343,1700090184.1493275
u_4624,u_2289,transaction,911.428200999221,1700090645.9050174
u_5017,u_5024,transaction,925.6662781702439,1700091171.1825142
u_6,u_2250,transaction,627.0914686098769,1700091306.673442
u_2916,u_309,transaction,618.4751259316927,1700091325.8015661
u_47,u_2626,transaction,449.4576434246633,1700092219.020502
u_4302,u_91,transaction,1329.0125858861152,1700092410.1754355
u_1275,u_490,transaction,419.76606365007166,1700092676.9244418
u_1592,u_403,transaction,2282.537294209948,1700092839.8106024
u_616,u_4870,transaction,663.4613732093239,1700093320.6733692
u_2473,u_1053,transaction,7535.10956372156,1700093330.532008
u_21,u_849,transaction,2337.297902640833,1700093371.4837017
u_400,u_317,transaction,815.6096433680954,1700093533.248956
u_3339,u_314,transaction,1207.5533137886916,1700093666.5146265
u_282,u_384,transaction,264.3379050101812,1700093713.4342468
u_103,u_1043,transaction,1198.6786013387605,1700094095.014767
u_1535,u_487,transaction,2166.832187879649,1700094222.8753626
u_1499,u_2119,transaction,296.1103785769576,1700094384.7611663
u_976,u_995,transaction,624.9653987937636,1700094643.4220126
u_4,u_1516,transaction,427.9551350659648,1700094836.6307979
u_1882,u_2011,transaction,249.8801259107953,1700095102.799994
u_2003,u_1746,transaction,6510.936975687942,1700095443.1749866
u_591,u_4786,transaction,2476.1113162084334,1700095819.5520158
u_3112,u_770,transaction,3005.708640622234,1700095892.4840114
u_129,u_173,transaction,2089.9341412461627,1700096346.4370675
u_324,u_4093,transaction,5135.975779053897,1700096654.8534782
u_2955,u_3657,transaction,2654.642967032258,1700096724.0836306
u_2074,u_4617,transaction,4322.219775056832,1700096977.3954918
u_203,u_819,transaction,3074.7401172822515,1700097019.322435
u_610,u_58,transaction,1253.454129337609,1700097177.9684577
u_4474,u_259,transaction,4836.044161932038,1700098571.4740002
u_20,u_1051,transaction,527.1365846021333,1700098689.0057523
u_2587,u_1956,transaction,11165.05296317389,1700099115.1733046
u_3767,u_849,transaction,4590.140749061927,1700099977.6954067
u_229,u_163,transaction,435.2116218537707,1700100100.6329544
u_1413,u_14,transaction,2695.2013498831307,1700101135.241515
u_1159,u_2131,transaction,2264.863388601733,1700101649.389738
u_4,u_113,transaction,1747.7329572135584,1700101736.7569413
u_2437,u_403,transaction,1178.3669744896604,1700102021.4199986
u_1936,u_2563,transaction,1252.3737954773565,1700102148.9767401
u_2591,u_3111,transaction,1306.8570376743583,1700102342.5664673
u_160,u_118,transaction,6269.3519943523215,1700102348.2875953
u_1246,u_470,transaction,870.5019158418916,1700102657.593011
u_600,u_1749,transaction,1891.6839855567537,1700103052.4444423
u_4616,u_149,transaction,2963.315195227572,1700103204.6086507
u_1288,u_2040,transaction,1338.324910231047,1700103581.8687065
u_479,u_1919,transaction,862.4418682048387,1700104142.7566576
u_144,u_210,transaction,531.6895323802253,1700104554.833536
u_2875,u_286,transaction,453.5929767941658,1700104608.3826303
u_3102,u_2208,transaction,5880.753157623371,1700104613.6083481
u_406,u_265,transaction,5355.586848849524,1700104616.2073343
u_1115,u_3765,transaction,852.3784925458376,1700105304.1429758
u_2655,u_2168,transaction,1504.1264861404159,1700105715.0926826
u_3151,u_4096,transaction,13253.760943881703,1700105945.5492086
u_2112,u_2000,transaction,1009.209430679132,1700105974.7159653
u_2290,u_1899,transaction,1016.5621367697283,1700106153.0581405
u_384,u_0,transaction,1288.6248823481483,1700106251.167559
u_1073,u_2400,transaction,1836.4305491471289,1700107479.028546
u_454,u_611,transaction,6325.116054447508,1700107501.629717
u_2806,u_1974,transaction,1099.300295744691,1700107545.9814394
u_41,u_3325,transaction,3004.4078008679285,1700107796.484617
u_2666,u_2404,transaction,370.96108930006955,1700108137.576937
u_341,u_1049,transaction,2298.1799263705784,1700108490.0236166
u_670,u_4278,transaction,1490.190212697698,1700108790.912844
u_964,u_1635,transaction,991.9387297312088,1700108929.7075233
u_4246,u_128,transaction,8510.195135922513,1700108973.5369575
u_401,u_2600,transaction,1138.7935725068955,1700109670.0110383
u_1288,u_3652,transaction,533.3385229421632,1700110694.1147556
u_3749,u_3602,transaction,842.786695572672,1700110775.6828146
u_4010,u_2522,transaction,512.7740166828112,1700111875.498224
u_1842,u_1093,transaction,4781.186411438605,1700111967.8244984
u_4365,u_380,transaction,4527.213677717101,1700112021.1710863
u_21,u_69,transaction,6308.860924760331,1700112447.0478265
u_416,u_4779,transaction,698.6076412866994,1700112647.7158391
u_501,u_10,transaction,1115.227320163397,1700112812.7151725
u_4468,u_2550,transaction,7329.002090377261,1700112925.580742
u_1573,u_4185,transaction,5279.126543145092,1700113133.7001624
u_2492,u_736,transaction,5247.360016254191,1700113340.7835858
u_513,u_7,transaction,2188.3793458776872,1700113781.8115582
u_751,u_4651,transaction,1984.1296880773825,1700114541.6444979
u_56,u_3417,transaction,1652.8631503101763,1700115427.95335
u_1,u_971,transaction,885.3073581137224,1700115737.599121
u_4460,u_222,transaction,1196.936898880525,1700115761.1079786
u_1359,u_1238,transaction,1141.7794297412527,1700116998.1252472
u_797,u_566,transaction,18300.04076959053,1700117146.9291222
u_1694,u_4278,transaction,265.397521919446,1700117330.718483
u_2038,u_1971,transaction,14434.023468804337,1700117371.3626077
u_725,u_156,transaction,1511.573915312529,1700117694.769876
u_227,u_4812,transaction,1183.5921439559575,1700117948.891823
u_2097,u_889,transaction,446.1672247794696,1700118091.7515552
u_808,u_2165,transaction,1602.6484348016706,1700118468.1409385
u_465,u_452,transaction,371.60194336687437,1700119009.1110387
u_1107,u_2219,transaction,2218.882306183433,1700119061.7767153
u_68,u_3815,transaction,1657.8864775701506,1700119280.2383513
u_331,u_14,transaction,809.2044344110993,1700119280.9274979
u_345,u_4240,transaction,5225.241304845222,1700119612.6156578
u_2474,u_77,transaction,3468.2008495056903,1700121105.6464908
u_709,u_4270,transaction,2099.80121040475,1700121448.5638094
u_3158,u_2312,transaction,5170.136637177111,1700121484.2716534
u_10,u_48,transaction,1364.95196307302,1700121824.4219866
u_100,u_1168,transaction,966.8892721356725,1700122445.1519876
u_46,u_3859,transaction,3423.40834402327,1700122511.9773276
u_919,u_9,transaction,5022.1980934601725,1700122539.235802
u_135,u_4852,transaction,3576.248017679133,1700122626.0981157
u_233,u_9,transaction,844.4155491079072,1700122638.1302905
u_281,u_628,transaction,578.9214956127058,1700122786.9900093
u_790,u_650,transaction,1014.8191882792521,1700123143.8083982
u_952,u_2536,transaction,1354.8571509785795,1700123699.3683126
u_970,u_883,transaction,263.4917825047502,1700123775.123275
u_244,u_532,transaction,962.0526378438786,1700123943.7498655
u_1335,u_4751,transaction,274.203709655166,1700124176.070272
u_4629,u_153,transaction,1495.6355410300807,1700124703.8386943
u_1548,u_3699,transaction,891.1925014879291,1700124922.2749884
u_979,u_1696,transaction,513.6258537076552,1700125444.165065
u_2066,u_1710,transaction,2716.3715699937147,1700125720.3680232
u_399,u_3445,transaction,1411.8610915203124,1700126999.390541
u_1607,u_1243,transaction,1172.8900572329653,1700127586.086892
u_3091,u_3621,transaction,596.1810788855569,1700127761.5501199
u_382,u_8,transaction,2725.4348620984983,1700127786.4498813
u_439,u_4969,transaction,4562.731597570873,1700128283.4789946
u_1971,u_1155,transaction,677.6792297217276,1700128430.9726164
u_56,u_4081,transaction,3306.9495903650522,1700128488.4056811
u_5,u_609,transaction,836.7917220400087,1700128997.8451042
u_488,u_634,transaction,1130.7693645030515,1700129290.0466063
u_45,u_663,transaction,403.7592554714029,1700129404.7796273
u_33,u_5,transaction,333.3951330879467,1700129611.1691036
u_468,u_129,transaction,6042.274080445732,1700129683.3411577
u_678,u_3015,transaction,3378.9433931252356,1700129812.5237408
u_1471,u_1325,transaction,5845.586883396935,1700130126.54324
u_631,u_13,transaction,946.2040035394359,1700130410.454361
u_22,u_626,transaction,840.4645692599578,1700130769.3725975
u_5,u_883,transaction,1360.5106012888466,1700130859.8010828
u_690,u_895,transaction,2804.9756407666277,1700130927.4885163
u_525,u_4131,transaction,2971.1790899944644,1700131675.620941
u_246,u_880,transaction,6135.241280991915,1700131748.473334
u_4188,u_4895,transaction,1484.2451116928487,1700131789.5740483
u_2921,u_534,transaction,3817.2807597520987,1700132818.3536003
u_512,u_1099,transaction,2045.8071724496403,1700132896.6899762
u_99,u_4345,transaction,1679.1658553015536,1700132947.530106
u_1299,u_3800,transaction,3321.816883686977,1700133335.633987
u_4646,u_1336,transaction,6881.950252965325,1700133607.9837615
u_2727,u_4431,transaction,2389.9351860978845,1700133853.798905
u_1250,u_3349,transaction,8629.041988815217,1700134137.1251366
u_4236,u_615,transaction,2444.0384920557726,1700134144.0863109
u_2153,u_1441,transaction,675.4270889469651,1700134257.2342327
u_2606,u_316,transaction,3256.972199977188,1700134280.4749784
u_12,u_4671,transaction,616.626413308886,1700134285.9233453
u_167,u_3864,transaction,1591.7560625303122,1700134410.4262812
u_8,u_88,transaction,3580.755149663239,1700134747.2100794
u_242,u_322,transaction,795.619516793089,1700134849.0568464
u_31,u_1744,transaction,6082.54935198674,1700134922.4902651
u_4240,u_368,transaction,1977.1175475338946,1700134980.3643336
u_2109,u_1545,transaction,3956.660561841633,1700135123.5050666
u_1458,u_450,transaction,1457.113748753352,1700135285.1228583
u_3,u_86,transaction,465.9273194611716,1700135306.9109483
u_2351,u_4130,transaction,647.841700793592,1700135413.7552905
u_64,u_2822,transaction,1096.346956337982,1700135519.0765564
u_1610,u_8,transaction,2293.060475100097,1700135684.89812
u_1614,u_2472,transaction,5065.881575884321,1700135781.6571882
u_8,u_4270,transaction,1390.2700006221219,1700136019.3911064
u_1505,u_2844,transaction,2076.9280536212855,1700136269.1116219
u_718,u_460,transaction,3754.701695380008,1700136278.9229589
u_2090,u_4184,transaction,2202.428088657537,1700136317.5434387
u_549,u_532,transaction,16211.068850643172,1700136402.6291354
u_747,u_2370,transaction,12041.60813838107,1700136500.7187462
u_1082,u_811,transaction,10259.545332433918,1700136748.9269993
u_150,u_3595,transaction,2766.4530971343147,1700136822.3022826
u_972,u_1610,transaction,4545.084062214366,1700137217.3353784
u_2298,u_459,transaction,3856.4706701689242,1700137429.9479318
u_242,u_1176,transaction,2044.8469030826368,1700137491.0152304
u_1668,u_246,transaction,9558.0822317052,1700137618.3857245
u_2905,u_3773,transaction,3564.3182105794135,1700137674.975601
u_3237,u_2601,transaction,2197.2351355824712,1700137838.0371394
u_4899,u_495,transaction,5183.0701531219565,1700137981.8993762
u_3786,u_2130,transaction,1418.5875375717744,1700138095.270824
u_797,u_3635,transaction,3435.600919200505,1700138234.4533257
u_4453,u_1429,transaction,483.3556922002574,1700138554.3392582
u_3,u_1533,transaction,1895.804700257976,1700138867.3534677
u_34,u_35,transaction,3006.729954193006,1700139107.0684745
u_1424,u_2225,transaction,637.7558869284017,1700139329.8203375
u_3155,u_674,transaction,3360.1429097043547,1700139532.051473
u_438,u_80,transaction,4424.491147997633,1700139532.7058308
u_19,u_3351,transaction,6487.7873664423905,1700139539.0957184
u_3,u_3236,transaction,5575.0147985441,1700140187.7154791
u_1217,u_1931,transaction,648.2311309753417,1700140429.496461
u_2593,u_2106,transaction,371.5086047152401,1700140498.3829954
u_4048,u_2189,transaction,1756.058873658542,1700140551.8927288
u_4530,u_570,transaction,1536.415052885071,1700140877.3362048
u_1652,u_1763,transaction,23946.40914221192,1700141092.2956302
u_1980,u_55,transaction,1901.1755781512372,1700141174.2418182
u_1424,u_406,transaction,216.6200941395663,1700141446.6514986
u_1643,u_4661,transaction,573.1835315627953,1700141476.6442397
u_1886,u_1015,transaction,3402.331850924986,1700142334.8084257
u_4,u_2138,transaction,2465.1279286573135,1700142419.14927
u_1173,u_1494,transaction,5203.684577355765,1700142468.562026
u_1209,u_1957,transaction,250.64477560582415,1700142481.8256626
u_630,u_549,transaction,5500.720184052326,1700142622.0522714
u_3405,u_202,transaction,1846.823935055092,1700142731.5115936
u_9,u_1285,transaction,1261.7202596293232,1700142845.619693
u_3951,u_4955,transaction,12375.15106734934,1700142884.415032
u_1884,u_91,transaction,659.9288899909412,1700142891.2685444
u_3022,u_2465,transaction,3074.490004270794,1700143030.856238
u_2394,u_1910,transaction,4688.530786401445,1700143204.8369827
u_353,u_1625,transaction,11137.375826240654,1700143259.3186917
u_363,u_1645,transaction,1071.9953237856273,1700143499.793142
u_1662,u_4739,transaction,470.6055735652761,1700143563.516511
u_204,u_8,transaction,1970.6995949814575,1700143656.0235164
u_164,u_1719,transaction,1070.9149946558869,1700143741.1632185
u_4047,u_2064,transaction,22627.752663974254,1700143806.5694852
u_957,u_4204,transaction,4663.523056195516,1700143938.5588288
u_2509,u_348,transaction,2228.0088985552607,1700144120.6991715
u_316,u_2556,transaction,2001.455717504119,1700144259.028117
u_3549,u_4796,transaction,1903.0209989309903,1700144567.6156783
u_1527,u_2734,transaction,7871.742212634261,1700145125.6807506
u_1708,u_117,transaction,2599.317747599712,1700145144.5330715
u_226,u_114,transaction,6076.166123257228,1700145423.8379612
u_1768,u_592,transaction,755.2214617895219,1700145426.3699055
u_6,u_4411,transaction,2882.3418193790794,1700145443.54318
u_49,u_876,transaction,9595.691991256566,1700145946.0934603
u_950,u_662,transaction,2236.6618233045383,1700146209.164431
u_1132,u_1061,transaction,3220.7306576346978,1700146330.8663487
u_1627,u_1075,transaction,606.4893905539172,1700146502.1934557
u_2540,u_268,transaction,520.8768024225695,1700147448.1822526
u_184,u_2804,transaction,2590.693417658574,1700147798.607321
u_557,u_387,transaction,2088.761262186936,1700147798.7059252
u_53,u_132,transaction,5370.888444407478,1700148330.1212955
u_2832,u_21,transaction,1390.3912755075005,1700148361.2719362
u_440,u_897,transaction,1934.9862713466152,1700148626.2220287
u_264,u_1997,transaction,2008.966131219523,1700148826.5421333
u_112,u_287,transaction,7108.841590733355,1700149539.6242707
u_1845,u_4301,transaction,2277.197742480128,1700150035.1517901
u_20,u_3368,transaction,727.4267425637777,1700150056.7964168
u_2129,u_1872,transaction,1435.797000153697,1700150195.441344
u_1871,u_2171,transaction,2187.7646445173464,1700150218.2056167
u_1923,u_1727,transaction,774.6149532553146,1700150297.340026
u_1118,u_2771,transaction,728.0134772180788,1700150460.1507003
u_974,u_66,transaction,2090.3018198821196,1700150926.2101707
u_28,u_242,transaction,1013.2070642948856,1700151083.1102452
u_8,u_756,transaction,3864.9819677401947,1700151570.353689
u_2712,u_203,transaction,6004.483683622584,1700151777.699133
u_1322,u_959,transaction,1560.8690030301893,1700151845.5280616
u_1436,u_4672,transaction,1337.1114689184647,1700152327.267868
u_582,u_150,transaction,2354.9863497594965,1700153137.0309148
u_858,u_1524,transaction,3777.5989829235864,1700153212.6921306
u_3306,u_4897,transaction,792.6549365965643,1700153323.539814
u_4336,u_269,transaction,4425.741969140226,1700153414.9137862
u_865,u_4585,transaction,2414.345882084379,1700153476.9358423
u_1553,u_3180,transaction,61639.31568492832,1700153924.9293752
u_21,u_1912,transaction,2826.243180880172,1700154144.768388
u_649,u_3,transaction,11482.83778677847,1700154405.644579
u_235,u_231,transaction,2250.6265336953093,1700154476.4263563
u_168,u_3042,transaction,2294.7265905384133,1700154835.212283
u_4018,u_4336,transaction,5633.327486397118,1700154896.076051
u_1260,u_3369,transaction,4015.8108036312556,1700155192.326757
u_678,u_4447,transaction,332.6341328459389,1700155512.4294553
u_3735,u_16,transaction,287.12631919453173,1700156739.6619225
u_23,u_707,transaction,771.0670671485592,1700156883.2340343
u_1705,u_339,transaction,5618.219607433863,1700157126.6942475
u_268,u_976,transaction,9572.629955955841,1700157318.4101348
u_501,u_1228,transaction,1848.8872291044127,1700157908.465048
u_4501,u_1640,transaction,1055.6925135449987,1700158367.0879772
u_661,u_3071,transaction,1485.5396955700207,1700158781.949125
u_4593,u_3381,transaction,647.6656021668119,1700159512.1987474
u_1734,u_1501,transaction,1514.8213231994225,1700159620.5550334
u_581,u_4027,transaction,3710.61648650066,1700159635.1501806
u_2813,u_2317,transaction,2163.7146780414696,1700159833.8348408
u_200,u_3890,transaction,3143.6793372514976,1700160353.907628
u_2263,u_3,transaction,761.7156281767177,1700160556.3491158
u_87,u_7,transaction,2659.7039339874705,1700160599.8245847
u_2330,u_1425,transaction,497.2325283206774,1700160619.579526
u_384,u_4572,transaction,5185.605000064531,1700160711.8864372
u_88,u_450,transaction,5925.55898824245,1700160763.75396
u_2097,u_4263,transaction,2060.5754703002235,1700160882.508207
u_4532,u_4994,transaction,5022.207034622545,1700161243.1462398
u_5,u_373,transaction,8323.288129196008,1700161504.9987812
u_3413,u_227,transaction,1649.1768008077452,1700161781.2969203
u_601,u_3889,transaction,1710.2850458587598,1700162048.8678603
u_12,u_516,transaction,975.7677904455741,1700162250.8415375
u_4245,u_21,transaction,431.0697781199424,1700162301.4935048
u_3328,u_304,transaction,738.5181114688619,1700162692.431748
u_3337,u_307,transaction,1221.1262821404302,1700162719.6359525
u_726,u_2092,transaction,829.3354145885177,1700162809.610913
u_1771,u_209,transaction,3324.7026451258544,1700163131.5871964
u_4549,u_4418,transaction,2776.5597727657114,1700163415.0511076
u_3226,u_759,transaction,870.2194586731395,1700163480.1571894
u_183,u_690,transaction,1277.5477652948325,1700163633.215102
u_904,u_1770,transaction,1364.8993348479391,1700163998.9017537
u_1118,u_1805,transaction,1326.5678023766504,1700164100.952407
u_2448,u_383,transaction,1618.6287698688807,1700164205.7086384
u_2240,u_454,transaction,3022.7063445644267,1700164936.8507845
u_38,u_1437,transaction,5986.40847003811,1700164950.670039
u_4191,u_1225,transaction,6995.827369029221,1700165172.685809
u_3996,u_345,transaction,2350.7809964760468,1700165245.2230935
u_0,u_3,transaction,2436.111661882669,1700165711.0640965
u_4844,u_4577,transaction,1378.6725555674345,1700165839.5470586
u_2678,u_33,transaction,1254.7334626957663,1700166082.2800455
u_97,u_2774,transaction,1975.6595895286123,1700166262.539681
u_16,u_126,transaction,2175.388585015104,1700166301.0165687
u_750,u_218,transaction,1591.3616597184284,1700166420.1546874
u_2546,u_1789,transaction,100.0,1700166806.000022
u_1960,u_260,transaction,3679.5623678001602,1700167307.7749417
u_430,u_425,transaction,748.4760722395122,1700167393.2237256
u_4774,u_4183,transaction,443.0499582801344,1700167681.311867
u_831,u_1218,transaction,1560.8324450930177,1700167902.0085843
u_2327,u_4971,transaction,1293.1834122005923,1700167926.7296474
u_1065,u_7,transaction,2544.845484940265,1700168692.8993196
u_4814,u_364,transaction,2533.816833504308,1700168904.04546
u_1407,u_236,transaction,1768.6381736163175,1700169000.6012588
u_1891,u_2245,transaction,2262.479023818799,1700169367.7856417
u_2526,u_2819,transaction,598.0692127204078,1700169740.3147256
u_1223,u_4490,transaction,25387.49250063465,1700169805.4144857
u_81,u_958,transaction,6839.2430848168415,1700170100.3003016
u_2089,u_612,transaction,1493.8264708929705,1700170359.6961563
u_456,u_670,transaction,744.95147178665,1700170637.527415
u_2838,u_1003,transaction,1059.1726136501836,1700171035.1465895
u_868,u_4634,transaction,5218.421130808097,1700171381.466857
u_2706,u_3915,transaction,2149.909282082315,1700171648.4624667
u_19,u_2998,transaction,5061.474388452261,1700171694.5385993
u_3948,u_2162,transaction,887.6147474703466,1700171901.8032987
u_1426,u_3943,transaction,1653.7433633147384,1700173154.942574
u_39,u_79,transaction,3209.168376770894,1700173447.443342
u_4,u_2847,transaction,2368.6071439547723,1700173595.9858458
u_2489,u_438,transaction,7119.096811176385,1700173738.1336153
u_2156,u_2401,transaction,2913.2973458529473,1700173761.4418633
u_1705,u_49,transaction,102.28241754886075,1700173808.8677235
u_892,u_29,transaction,149.48402046625796,1700173951.4311087
u_774,u_4031,transaction,1739.3332080698437,1700174210.9788108
u_4856,u_2374,transaction,1734.9039194218665,1700174546.8948631
u_5099,u_5111,transaction,1624.9400387014966,1700174814.8108003
u_166,u_1910,transaction,1395.5741734174799,1700174827.2310147
u_1515,u_1287,transaction,1521.11403416813,1700175139.1452403
u_4038,u_64,transaction,3048.853101054524,1700175349.092001
u_352,u_4704,transaction,688.9786353759814,1700175896.8753266
u_3860,u_68,transaction,8586.147539089263,1700176716.9022079
u_1822,u_444,transaction,1513.1921573729949,1700176961.7116885
u_1639,u_3756,transaction,1340.7610098432292,1700177236.0668993
u_945,u_2762,transaction,30461.547405660447,1700177580.383309
u_69,u_4545,transaction,2039.8565401171263,1700177690.4949305
u_7,u_1555,transaction,4781.714530812763,1700177726.0060613
u_63,u_34,transaction,430.1312850383661,1700177768.2356815
u_678,u_3896,transaction,3001.9587526291034,1700177871.7867258
u_1380,u_3867,transaction,836.4620880395189,1700177998.3577306
u_2206,u_103,transaction,249.14511410027214,1700178273.5842206
u_483,u_1205,transaction,375.721301404584,1700178933.700204
u_14,u_1835,transaction,1611.2664560935202,1700178953.783533
u_10,u_1717,transaction,1300.562592964094,1700179092.7613306
u_2216,u_3733,transaction,1295.9021609213617,1700179341.6590464
u_1654,u_30,transaction,539.3179346203176,1700179342.142887
u_2231,u_4729,transaction,1861.5979372505824,1700179480.4991505
u_101,u_1295,transaction,6455.674135306914,1700179531.8490193
u_2309,u_408,transaction,226.37392787700742,1700179886.282766
u_221,u_4087,transaction,1341.0121061857512,1700181093.6964865
u_3157,u_38,transaction,1866.1298641292535,1700181633.0459447
u_3049,u_1907,transaction,587.1955554188843,1700181708.6230104
u_3,u_1075,transaction,6429.057549488252,1700181875.1674278
u_3967,u_3277,transaction,1870.5879949536507,1700182039.3093607
u_3086,u_1616,transaction,1520.8945189878004,1700182052.6776671
u_155,u_1777,transaction,570.4968078977461,1700182304.669509
u_4028,u_3478,transaction,3805.435469190318,1700182405.9273124
u_2132,u_272,transaction,2587.515992445061,1700182578.7693326
u_864,u_1887,transaction,2998.1041937337,1700182723.500139
u_3291,u_183,transaction,412.84617768917855,1700182826.990989
u_2625,u_258,transaction,3444.4464612162624,1700183029.9142952
u_5063,u_5079,transaction,1057.6209015380546,1700183493.0558875
u_51,u_1532,transaction,1840.9129058439232,1700183890.1138499
u_3072,u_269,transaction,2014.2740187091856,1700184116.025754
u_2683,u_323,transaction,3925.132917737263,1700184644.1448402
u_269,u_4506,transaction,1121.2059760181774,1700184821.8094406
u_1541,u_54,transaction,5884.800819938219,1700184833.8799634
u_4,u_4299,transaction,5307.351132446322,1700185347.4101334
u_100,u_570,transaction,131.87662168705168,1700185391.735406
u_5039,u_5040,transaction,8278.20559719034,1700185508.8244636
u_5040,u_5041,transaction,7450.385037471306,1700185534.9509022
u_5041,u_5042,transaction,6705.346533724175,1700185550.7289066
u_5042,u_5043,transaction,6034.811880351758,1700185590.6260998
u_5043,u_5044,transaction,5431.330692316582,1700185647.757068
u_5044,u_5045,transaction,4888.197623084924,1700185688.5632334
u_5045,u_5046,transaction,4399.377860776432,1700185730.1370533
u_5046,u_5039,transaction,3959.4400746987885,1700185762.067511
u_966,u_3910,transaction,2428.3601076714212,1700185826.7911682
u_309,u_4200,transaction,1549.9877936258215,1700185920.24797
u_3156,u_3898,transaction,943.8784706847351,1700186159.8525655
u_2579,u_19,transaction,5473.760278983268,1700186449.7985222
u_5015,u_5024,transaction,741.3733464572439,1700186921.7058249
u_48,u_1021,transaction,1973.159667337065,1700187263.8656394
u_2062,u_1421,transaction,1872.08402372704,1700187485.0588024
u_3205,u_3358,transaction,1229.6769346218134,1700187541.8237817
u_150,u_2107,transaction,261.134573770771,1700187593.0076036
u_610,u_108,transaction,6075.040806991281,1700188326.0218914
u_1303,u_2531,transaction,1005.8465971514808,1700188458.3677273
u_2959,u_4647,transaction,614.2900113568531,1700188524.3655999
u_1038,u_3389,transaction,788.3400283715506,1700189088.8638883
u_3040,u_1440,transaction,127.61656619614197,1700189147.9533603
u_2427,u_4037,transaction,2334.1048989173314,1700189174.365481
u_2786,u_693,transaction,4520.273024725964,1700189669.0703661
u_84,u_1927,transaction,1499.4531215739662,1700189795.1618392
u_232,u_16,transaction,929.1837709298442,1700190318.3586235
u_1303,u_4,transaction,6037.941494776066,1700190645.4122202
u_93,u_261,transaction,3894.944577847499,1700190807.367155
u_3700,u_2995,transaction,933.5317231007556,1700190814.4594889
u_1687,u_908,transaction,764.2923154496956,1700190954.1383193
u_1170,u_3523,transaction,3277.5595125967084,1700191061.1064394
u_2841,u_3171,transaction,7075.024915784328,1700191551.107524
u_3702,u_3172,transaction,145.2411113795443,1700191586.4291828
u_7,u_162,transaction,2175.405961503492,1700192267.9445243
u_1424,u_521,transaction,1445.967631521334,1700192493.659005
u_1259,u_1195,transaction,1002.8841151542148,1700192509.6945496
u_1858,u_567,transaction,4440.453121236226,1700192627.1029181
u_2472,u_199,transaction,2798.2193620281128,1700193006.9790716
u_2454,u_4760,transaction,6492.817614833184,1700193255.9561825
u_2809,u_69,transaction,1332.157780026092,1700193369.7699785
u_128,u_596,transaction,1466.5622314128836,1700193466.0745554
u_102,u_2732,transaction,1340.0344328892297,1700193495.258103
u_3835,u_2811,transaction,5929.406415776308,1700194431.6720946
u_760,u_88,transaction,4681.853123315701,1700194503.384916
u_3590,u_4863,transaction,1012.2660986662416,1700194899.5364823
u_4370,u_4,transaction,3333.160689580353,1700195353.1194918
u_2927,u_110,transaction,1602.9786536913984,1700196324.3494358
u_3834,u_428,transaction,6344.880901098678,1700196534.0785751
u_3143,u_269,transaction,21001.93620868057,1700196957.9655604
u_3927,u_684,transaction,5115.660601513305,1700197353.5023098
u_2511,u_2345,transaction,9023.416460807079,1700197561.9564416
u_364,u_5,transaction,1069.9183251779966,1700198178.9233804
u_2253,u_122,transaction,1050.8201150838122,1700198296.2553327
u_488,u_2580,transaction,2841.444527421652,1700198565.2998998
u_2967,u_1987,transaction,1043.2281421217435,1700198706.6024406
u_373,u_988,transaction,1673.3059164202205,1700199251.9004421
u_1439,u_78,transaction,2324.9960263901994,1700199419.0137272
u_2086,u_608,transaction,1860.7684432774965,1700199562.6023219
u_1114,u_1471,transaction,576.5113845809807,1700199596.931849
u_192,u_2748,transaction,328.7225540442509,1700200287.1478527
u_1459,u_1048,transaction,1134.8664371028908,1700200427.261538
u_394,u_1087,transaction,3306.5007665989574,1700200454.1112266
u_945,u_2808,transaction,1962.2152793543069,1700200948.9035153
u_637,u_1804,transaction,2669.4138017168575,1700201691.7684805
u_1912,u_2386,transaction,781.6555743798602,1700201740.9761877
u_1310,u_33,transaction,1548.9774668954335,1700201796.842551
u_6,u_200,transaction,1880.7897515767074,1700201877.7288048
u_391,u_832,transaction,23346.42825024323,1700202264.4217317
u_16,u_28,transaction,2745.3964019410805,1700202304.6814194
u_1289,u_304,transaction,1362.0987136353717,1700202898.3065944
u_510,u_255,transaction,1006.337042326093,1700203344.387531
u_1599,u_592,transaction,1443.0389873441002,1700203720.6280637
u_807,u_2498,transaction,2785.5947679387023,1700204712.2641127
u_2262,u_4306,transaction,1695.7182110576387,1700204716.0431833
u_1201,u_3405,transaction,951.955609261348,1700205078.7203844
u_2196,u_1212,transaction,3718.7220843843197,1700205202.8580928
u_3892,u_1575,transaction,2179.316913994996,1700205456.9488192
u_2612,u_3626,transaction,3985.316042268846,1700205510.4448035
u_4159,u_84,transaction,1572.48173279854,1700205661.894344
u_3094,u_1321,transaction,5564.223493357567,1700205915.2683673
u_457,u_2720,transaction,9873.63921942446,1700206382.9866767
u_856,u_2915,transaction,1099.5382837073932,1700206390.0571637
u_726,u_911,transaction,5477.7220089613,1700206493.6695907
u_13,u_3864,transaction,4811.951753624799,1700206657.6101854
u_797,u_4127,transaction,10160.13029778761,1700207093.2653503
u_0,u_74,transaction,2432.251563545103,1700207172.385975
u_54,u_3627,transaction,609.2637887879488,1700207263.0838134
u_4952,u_136,transaction,1002.9954676969663,1700207295.0797937
u_3728,u_3240,transaction,1435.6002499190886,1700207304.2431865
u_568,u_64,transaction,587.6441601369933,1700207316.8730016
u_16,u_604,transaction,1595.7169372646551,1700207948.0822704
u_2553,u_131,transaction,1697.4408048885396,1700208118.2322378
u_1120,u_1016,transaction,2104.34175604794,1700208126.2209473
u_3327,u_4671,transaction,2842.308338463566,1700209085.527161
u_33,u_1056,transaction,8677.762391926508,1700210101.2445261
u_1626,u_4801,transaction,2387.4531287354816,1700210190.1544855
u_433,u_281,transaction,7603.998600488093,1700211034.8487964
u_14,u_17,transaction,391.396402701495,1700211400.510108
u_4515,u_1505,transaction,4617.321885927079,1700211543.8923013
u_4995,u_0,transaction,4026.697932746903,1700211839.4428966
u_26,u_3052,transaction,1889.048986105547,1700212698.485895
u_1329,u_301,transaction,2017.4136123659252,1700212707.9138002
u_285,u_978,transaction,1226.0097795128802,1700212753.701436
u_4557,u_163,transaction,7687.152435049433,1700212820.6709688
u_4,u_1791,transaction,2428.9039086122775,1700212899.1518495
u_2484,u_415,transaction,1323.7374639196503,1700213019.8822582
u_1831,u_4452,transaction,3438.7231150090647,1700213368.0948522
u_2850,u_1904,transaction,4223.548296158003,1700213980.6373794
u_1653,u_3283,transaction,1212.0882892484447,1700214529.2771144
u_2014,u_86,transaction,315.16752052493393,1700215040.2940316
u_4264,u_3259,transaction,187.53170151220758,1700215182.3258524
u_3869,u_3231,transaction,1156.8835199590333,1700215718.017319
u_349,u_230,transaction,1001.2270174551267,1700215823.620016
u_509,u_2718,transaction,4574.468020810328,1700216095.2643309
u_1929,u_697,transaction,7260.872847437922,1700216114.9603782
u_3048,u_636,transaction,470.65675789233467,1700216341.4032967
u_1466,u_1813,transaction,2042.325654327425,1700216387.2787964
u_241,u_2929,transaction,2175.1625014894475,1700216621.0981731
u_2935,u_1638,transaction,9666.82270352957,1700216679.7263987
u_1364,u_1895,transaction,584.8558962090774,1700217320.4839778
u_510,u_7,transaction,748.5405285642784,1700217721.7775009
u_3572,u_1835,transaction,571.9241756712798,1700219098.074709
u_640,u_3600,transaction,6606.9128531422175,1700219114.7462375
u_465,u_422,transaction,386.5257482364745,1700219214.6807318
u_679,u_34,transaction,1015.8587564917011,1700219367.0484855
u_3200,u_107,transaction,1469.5094314763915,1700219662.1651723
u_79,u_13,transaction,9040.960210995596,1700219767.4144902
u_2664,u_153,transaction,1696.6762357874736,1700219848.3359332
u_276,u_506,transaction,363.8650850216931,1700219921.0491154
u_968,u_102,transaction,767.5074105636021,1700219955.1936133
u_2208,u_1776,transaction,2592.4760863748475,1700220070.3004775
u_1,u_4334,transaction,2504.3795960125744,1700220145.879277
u_136,u_3820,transaction,1412.7247648027721,1700220171.21019
u_4286,u_3322,transaction,2520.7556885987415,1700220517.3508928
u_82,u_58,transaction,451.2996131057496,1700220553.474392
u_2365,u_1460,transaction,1136.1296288811088,1700221198.8473344
u_30,u_1923,transaction,534.170744163937,1700221336.3856313
u_5,u_17,transaction,9095.934400956603,1700221486.6441174
u_1572,u_2844,transaction,3908.0828771520396,1700221642.5898747
u_820,u_139,transaction,1699.34131064471,1700221871.3687747
u_2812,u_91,transaction,4445.287722983613,1700221874.9578345
u_4206,u_772,transaction,4104.091645015568,1700222005.2055273
u_2753,u_284,transaction,5158.920602599832,1700222207.9699082
u_3968,u_583,transaction,937.1703203659192,1700222321.7686634
u_1630,u_3126,transaction,1789.4215856243995,1700222508.1673524
u_561,u_1112,transaction,2111.8613609868753,1700222705.711032
u_3260,u_1473,transaction,227.09307658553163,1700224484.2536032
u_1796,u_2177,transaction,2356.129032715803,1700224732.5342462
u_484,u_2860,transaction,754.3079678082242,1700225050.6943066
u_757,u_7,transaction,2538.5689932266823,1700225118.167663
u_271,u_2828,transaction,201.95024268562113,1700225428.0452359
u_1157,u_382,transaction,2094.9773071517156,1700225628.0947351
u_2710,u_241,transaction,1085.836619942416,1700225761.7303298
u_1802,u_1164,transaction,2279.797932979617,1700225827.9767666
u_371,u_95,transaction,706.294416321552,1700225981.5857408
u_3992,u_558,transaction,1379.849386979855,1700226119.9832351
u_3222,u_627,transaction,891.0264432294687,1700226198.150998
u_2538,u_1228,transaction,8843.16923753678,1700226243.8393893
u_5070,u_5079,transaction,621.0121720644516,1700226709.2361417
u_14,u_1055,transaction,4425.056448465875,1700226964.5315716
u_3305,u_3894,transaction,918.8087551758284,1700227062.795081
u_6,u_978,transaction,5412.937054934301,1700227202.0264807
u_1616,u_2645,transaction,288.36621257738676,1700227229.8884783
u_1026,u_2611,transaction,1688.6991743907504,1700227240.1840558
u_2191,u_869,transaction,994.7483646336581,1700227703.968362
u_12,u_726,transaction,3799.7190864356576,1700228293.4517415
u_1465,u_4,transaction,1122.6514996397327,1700228303.8084986
u_1687,u_2201,transaction,2861.7256020536306,1700228904.9417453
u_4415,u_171,transaction,914.7216075438467,1700228905.4136987
u_695,u_1812,transaction,2845.760219971404,1700229186.6469662
u_3194,u_2065,transaction,1729.5880616562065,1700229225.624973
u_4756,u_2241,transaction,1273.0241507781557,1700229279.9078426
u_2617,u_1172,transaction,3759.913482157597,1700229376.0367968
u_6,u_76,transaction,999.5420029734294,1700229471.681294
u_1195,u_430,transaction,1830.1801475652098,1700229708.4091592
u_1420,u_3308,transaction,1067.005001103275,1700230009.4622989
u_69,u_2567,transaction,516.774472322134,1700230294.081262
u_3141,u_350,transaction,1649.6096709604058,1700230548.4759068
u_439,u_3108,transaction,8113.897830689567,1700231345.4246361
u_6,u_2558,transaction,1800.6935277612129,1700231382.3656702
u_392,u_904,transaction,706.3566032131442,1700231996.578474
u_4920,u_2191,transaction,656.7842372641469,1700232343.6496494
u_2649,u_1166,transaction,2045.6682938797865,1700232743.13999
u_2714,u_450,transaction,1373.267619769677,1700232922.791149
u_213,u_1724,transaction,2203.220796058564,1700232930.2932227
u_2746,u_2345,transaction,244.96395888673817,1700232955.8782587
u_56,u_428,transaction,4228.4235994094315,1700233689.1348145
u_3928,u_1303,transaction,6234.267142885992,1700233938.838305
u_3784,u_4124,transaction,2469.208310069639,1700234001.5298998
u_1148,u_4163,transaction,746.3519605848002,1700234082.9009335
u_4397,u_249,transaction,3410.865903070147,1700234332.1644218
u_4589,u_1308,transaction,986.6201152002392,1700234515.866333
u_78,u_3090,transaction,1561.6829444207967,1700234526.1515257
u_76,u_4070,transaction,5873.775240327304,1700234791.2472496
u_4928,u_4021,transaction,1525.6069995238702,1700234934.8329055
u_3170,u_318,transaction,591.9816039848906,1700235800.6731114
u_2122,u_3678,transaction,2198.39259036082,1700236891.730533
u_0,u_3087,transaction,380.39607212587185,1700237194.5343113
u_290,u_45,transaction,939.3895264840828,1700237991.9704523
u_1614,u_167,transaction,4436.65401743168,1700238391.2539487
u_2604,u_423,transaction,632.9202969909924,1700238588.9231014
u_1840,u_1791,transaction,786.8558616283914,1700238631.4657776
u_5010,u_5013,transaction,2470.6450511882704,1700238994.0709102
u_3920,u_19,transaction,2684.6543169761558,1700239574.4377844
u_3361,u_185,transaction,10023.73852436684,1700239843.7770176
u_676,u_32,transaction,3550.4139885619265,1700239849.5996895
u_2185,u_3120,transaction,518.2382549090163,1700240026.5876362
u_1448,u_5,transaction,1999.777238612029,1700240403.0218894
u_1315,u_2952,transaction,714.6407955794247,1700240491.731358
u_2608,u_4281,transaction,52964.80519784501,1700240590.3476968
u_4906,u_2803,transaction,2677.010640962748,1700240752.5811584
u_335,u_2563,transaction,333.89179119716385,1700241507.6708398
u_296,u_3284,transaction,1662.83962960603,1700241582.719297
u_34,u_3646,transaction,807.2416540820112,1700241725.6472473
u_4768,u_193,transaction,3758.9617548888527,1700241768.0184796
u_4701,u_3042,transaction,840.4010088322993,1700241786.6397955
u_423,u_1332,transaction,9637.83801644225,1700241850.0040672
u_2791,u_3089,transaction,2051.7722668420715,1700242722.054635
u_3536,u_1882,transaction,907.6766494869568,1700242848.905325
u_2556,u_286,transaction,511.3411925224237,1700243023.1762805
u_405,u_1446,transaction,298.55144583764024,1700243075.7155068
u_2144,u_2419,transaction,1298.8377485447895,1700243284.1165082
u_235,u_792,transaction,5763.965912848707,1700243449.594369
u_95,u_1058,transaction,227.3770761145699,1700243588.029641
u_4001,u_3158,transaction,738.4637679397847,1700243612.45459
u_2299,u_1665,transaction,389.89825842813434,1700243907.6680717
u_251,u_618,transaction,577.2704567354757,1700244389.1101978
u_605,u_1126,transaction,772.0311657237698,1700244869.3234797
u_47,u_439,transaction,1709.9696868346405,1700245092.7625747
u_266,u_55,transaction,1417.9093842258476,1700245946.7161322
u_4,u_253,transaction,1841.6521939339286,1700245951.9921348
u_204,u_95,transaction,4387.783551277378,1700246487.2056332
u_88,u_100,transaction,5084.139418485568,1700246648.3399158
u_8,u_14,transaction,657.1390400200308,1700246970.3858352
u_1763,u_4984,transaction,782.5980439260044,1700247056.329633
u_156,u_43,transaction,3232.4625979793163,1700247535.9810312
u_1095,u_966,transaction,2025.2654149370524,1700247541.8124528
u_4021,u_3014,transaction,1154.1179051470908,1700247818.8175156
u_101,u_2736,transaction,1671.9892111151178,1700247930.879942
u_3581,u_4345,transaction,3467.3165381617796,1700248083.85171
u_514,u_58,transaction,3832.9388947674693,1700248466.7438936
u_35,u_1472,transaction,5665.822727770431,1700248503.8965752
u_14,u_59,transaction,1699.7488777120511,1700248528.0272593
u_694,u_1285,transaction,932.6386457201758,1700249055.0831413
u_404,u_458,transaction,8260.859556587635,1700249291.106601
u_297,u_3816,transaction,1417.4517845902362,1700249389.0783167
u_6,u_407,transaction,7062.559870886671,1700249729.368211
u_110,u_3571,transaction,723.1951342172861,1700249800.220332
u_36,u_3375,transaction,1811.2691042052752,1700249872.7617228
u_132,u_1185,transaction,622.5133463948616,1700250204.2612467
u_4747,u_3318,transaction,3741.223548427883,1700250233.193935
u_2075,u_1212,transaction,3549.9719385649223,1700250350.8386517
u_2036,u_3386,transaction,4216.542570849778,1700250394.0665514
u_3107,u_23,transaction,3174.3383009504723,1700250703.596641
u_3232,u_227,transaction,549.8207215796625,1700250895.3754456
u_606,u_2533,transaction,390.4897675199012,1700251658.5656774
u_952,u_2977,transaction,8352.65360491894,1700251772.994535
u_1336,u_12,transaction,1700.8824642775876,1700252051.7194488
u_2039,u_945,transaction,442.52117007552397,1700252068.9053102
u_1614,u_27,transaction,1133.6991939679363,1700252115.4010568
u_463,u_744,transaction,678.767582591518,1700252212.5393167
u_1015,u_9,transaction,654.1370404138129,1700252580.4986682
u_1128,u_1007,transaction,2647.6443987433436,1700252732.6300566
u_1961,u_1300,transaction,1530.2482548586424,1700252875.9319785
u_3505,u_1958,transaction,5279.270225260101,1700252968.546939
u_263,u_3087,transaction,781.4157401747931,1700253036.132644
u_2479,u_98,transaction,2616.6291703368374,1700253488.3269932
u_1346,u_441,transaction,764.6625276633008,1700253674.2594237
u_1481,u_2033,transaction,1152.4343484080648,1700254010.3952968
u_1685,u_2810,transaction,5689.859704994812,1700254132.0055017
u_1292,u_2957,transaction,624.5077423371083,1700254142.717598
u_5,u_410,transaction,3382.717543718753,1700254152.7307582
u_1679,u_1219,transaction,834.6147911124399,1700254268.6118553
u_2508,u_3526,transaction,1611.451018913872,1700254416.625946
u_3985,u_797,transaction,485.4718650533213,1700255127.0100763
u_4816,u_582,transaction,197.97447112514743,1700256331.0140297
u_286,u_2176,transaction,2320.665920587391,1700256610.0012634
u_286,u_417,transaction,1594.867181551476,1700256721.0164375
u_274,u_4183,transaction,169.44397591788993,1700256776.832683
u_2695,u_1189,transaction,9224.720138077777,1700256826.914931
u_10,u_4584,transaction,2997.308982200842,1700256889.2453775
u_2872,u_20,transaction,1835.7032737973282,1700257570.0288782
u_25,u_2535,transaction,967.120125348481,1700257660.4962547
u_1443,u_1299,transaction,599.9315820316012,1700257790.4715395
u_1701,u_7,transaction,1956.600965865568,1700257911.7813146
u_31,u_223,transaction,5794.933929746484,1700258169.9726892
u_1016,u_243,transaction,1670.590871555203,1700258221.870729
u_2409,u_3620,transaction,2323.7813282566885,1700258378.5689967
u_1402,u_2454,transaction,579.9646287995848,1700258405.840792
u_465,u_32,transaction,1430.6197815816356,1700258482.0571656
u_146,u_4025,transaction,316.1849722653584,1700258800.418418
u_1049,u_1529,transaction,10999.162721836206,1700259469.4145012
u_43,u_4733,transaction,896.0608397650726,1700259537.227136
u_411,u_42,transaction,5410.354559413483,1700259760.370693
u_3435,u_1432,transaction,718.847094464118,1700259938.678697
u_3535,u_1739,transaction,2260.2685533646804,1700260016.1118534
u_3472,u_5,transaction,784.9946908478709,1700260056.5392926
u_1208,u_999,transaction,1554.1759986628147,1700260404.598918
u_4244,u_1392,transaction,4794.384142743787,1700260408.2339408
u_676,u_482,transaction,8228.950920271363,1700260620.0278485
u_2164,u_238,transaction,1537.443151741677,1700261371.2351627
u_34,u_2327,transaction,3296.883855573293,1700261375.336858
u_97,u_4929,transaction,2472.993091297283,1700262107.064003
u_1504,u_3240,transaction,6018.398693882254,1700262378.9369729
u_3,u_4419,transaction,1656.6697162618952,1700262394.4486384
u_724,u_240,transaction,4100.097245594546,1700262803.9673054
u_154,u_138,transaction,8437.499195027838,1700262886.368686
u_13,u_1002,transaction,677.0030159137305,1700262979.8359113
u_2539,u_1450,transaction,1036.1654409874525,1700263185.7531133
u_971,u_1383,transaction,324.1056643123499,1700263252.660361
u_3989,u_684,transaction,1286.1406810385392,1700263629.8789387
u_748,u_398,transaction,1824.0023201254533,1700264191.477013
u_1984,u_2984,transaction,1110.3091576448137,1700264702.6933594
u_2317,u_2446,transaction,1070.0203930857201,1700264727.6437798
u_4,u_11,transaction,789.8189381953654,1700264731.9987187
u_620,u_2211,transaction,669.236376058939,1700264913.4283347
u_3706,u_3795,transaction,1168.8048007196724,1700266335.7249153
u_2342,u_15,transaction,878.6889066215127,1700266541.8632426
u_1943,u_3348,transaction,442.77272376339516,1700266621.3182812
u_3783,u_1090,transaction,882.5523430420723,1700267050.9493108
u_740,u_245,transaction,1137.4933528816885,1700267340.499839
u_398,u_56,transaction,4069.9929835497014,1700267812.7470326
u_1850,u_2356,transaction,970.0529312092051,1700268077.4833763
u_1576,u_4798,transaction,805.534793912968,1700268262.716682
u_132,u_621,transaction,2289.3954448769146,1700268609.9503462
u_275,u_2663,transaction,2548.240892950194,1700268788.632408
u_1483,u_4981,transaction,528.0208035357912,1700268960.5881095
u_1514,u_1631,transaction,431.31909917247873,1700268962.890115
u_419,u_3986,transaction,2319.9678240999106,1700269416.5102234
u_464,u_2503,transaction,6233.253817310492,1700269702.3064308
u_1250,u_2508,transaction,1764.9380851995024,1700269842.2048166
u_956,u_1246,transaction,1467.0028820284774,1700270160.12328
u_3391,u_1338,transaction,13722.843281116466,1700270238.9094265
u_1066,u_3878,transaction,432.3454398018374,1700270795.3358922
u_230,u_1268,transaction,2430.696790629508,1700270846.2408192
u_97,u_1369,transaction,7514.785298691658,1700270951.2295961
u_845,u_1094,transaction,791.466859769128,1700271003.4828393
u_3443,u_1858,transaction,2213.4967777010625,1700271005.1650355
u_3684,u_4764,transaction,4228.539702815796,1700271036.4928977
u_1473,u_312,transaction,1177.5038251189117,1700271221.6898067
u_118,u_1096,transaction,2110.1064292381197,1700271511.0297644
u_235,u_782,transaction,8461.176662005077,1700271570.7478065
u_151,u_154,transaction,622.782467611784,1700271668.9763486
u_4297,u_2801,transaction,570.114156433144,1700271918.2448885
u_10,u_1496,transaction,216.1574725990963,1700272043.969205
u_91,u_455,transaction,3529.2481216698043,1700272368.4565418
u_2759,u_1148,transaction,39216.7946972569,1700272906.898272
u_4843,u_70,transaction,8744.432820218235,1700273109.897504
u_122,u_4554,transaction,1056.1169879991257,1700273111.1227527
u_457,u_4008,transaction,2138.9274824650543,1700273193.5649853
u_1081,u_1009,transaction,1569.4401566568731,1700273220.2350817
u_31,u_1959,transaction,846.833979411737,1700273587.8126109
u_4275,u_4463,transaction,1953.9053444434005,1700273787.7039511
u_189,u_1318,transaction,364.6065405975985,1700273932.3516471
u_2597,u_0,transaction,1542.9792847620843,1700274352.5186782
u_389,u_3274,transaction,7219.435531471358,1700274406.5218043
u_1247,u_25,transaction,2192.6405852037324,1700274590.5578423
u_558,u_467,transaction,717.4065292818451,1700274596.0506551
u_2879,u_311,transaction,1801.951534817971,1700274628.3601832
u_4231,u_158,transaction,10985.682463972636,1700274719.8046956
u_1071,u_94,transaction,2395.5026138905378,1700274898.7295299
u_30,u_205,transaction,8337.080936004859,1700274948.3710566
u_779,u_2280,transaction,4159.621781736309,1700275234.1306274
u_924,u_3009,transaction,3907.879621604545,1700275593.0190604
u_209,u_1764,transaction,2455.619997381367,1700275843.8680222
u_191,u_3533,transaction,206.50457812956606,1700275907.5512316
u_2861,u_1384,transaction,2537.604725593495,1700276082.4575617
u_2863,u_966,transaction,4817.470304276606,1700276742.8031173
u_1612,u_102,transaction,791.687882795329,1700276886.7442389
u_814,u_3997,transaction,2178.5529908848766,1700277388.5544908
u_3550,u_2268,transaction,382.5903070107163,1700277464.2885575
u_34,u_497,transaction,9617.576371053266,1700277532.2303395
u_214,u_104,transaction,4992.179585164648,1700277722.3056145
u_4496,u_3300,transaction,2372.462168454468,1700277759.7920043
u_2087,u_589,transaction,253.26695955405356,1700278126.14613
u_4155,u_721,transaction,1522.2710958609114,1700278755.4962063
u_1265,u_37,transaction,1457.9748699408067,1700279072.4147093
u_4657,u_2407,transaction,772.370781200263,1700279203.3430686
u_3183,u_3628,transaction,4147.810221705622,1700279255.4088182
u_664,u_5,transaction,442.8719017701845,1700280016.8396797
u_6,u_654,transaction,1422.9651083089666,1700280052.0895908
u_2872,u_962,transaction,1114.747120534215,1700280123.3047314
u_3677,u_33,transaction,1406.9323621136136,1700281286.0028777
u_3843,u_4588,transaction,1980.5401059101544,1700282017.5752082
u_3851,u_2673,transaction,527.1940836090664,1700282800.9510612
u_2419,u_1191,transaction,565.6266206817105,1700283251.2813895
u_1522,u_866,transaction,5302.889494381557,1700283796.799621
u_1080,u_1967,transaction,1116.8126164474152,1700283891.5376904
u_3690,u_888,transaction,5069.1039150306315,1700283977.3592796
u_2902,u_134,transaction,1833.8067288662983,1700284002.8173044
u_1222,u_2515,transaction,3725.017746582426,1700284552.1483922
u_4,u_1315,transaction,2083.0652936558963,1700285721.0196304
u_289,u_3920,transaction,3091.506834982399,1700286395.6751316
u_2817,u_2946,transaction,1037.4518909278981,1700286829.287066
u_191,u_352,transaction,1600.7899283538693,1700286837.615591
u_3274,u_331,transaction,266.8588202220005,1700286932.884118
u_786,u_1270,transaction,3253.191195269683,1700287314.3784382
u_5023,u_5024,transaction,1777.0444349478882,1700287438.5789654
u_4708,u_955,transaction,4287.796495366776,1700287564.337734
u_496,u_1459,transaction,3074.4065263940224,1700287618.1455293
u_651,u_1646,transaction,2854.6028646916816,1700287856.2346969
u_103,u_1287,transaction,632.4254646733477,1700288248.8148196
u_921,u_18,transaction,3209.0955651045833,1700288387.3863006
u_370,u_4643,transaction,1459.7364077629613,1700288539.1870337
u_4,u_1309,transaction,1179.912786597053,1700288818.9969685
u_524,u_3482,transaction,1953.067507277747,1700288973.3524516
u_4968,u_6,transaction,4374.7593256308855,1700289529.1897466
u_83,u_5,transaction,1043.0294777479332,1700290049.5747137
u_378,u_325,transaction,332.8623923393535,1700290226.7422523
u_7,u_1477,transaction,671.8547742680976,1700290233.6682591
u_184,u_4755,transaction,2225.646039647601,1700290495.1112177
u_66,u_808,transaction,6230.306451938682,1700290669.1103015
u_118,u_3855,transaction,1750.2188337245161,1700290983.1276917
u_1030,u_951,transaction,2755.205687999364,1700291182.3415136
u_4057,u_1983,transaction,2624.5065764480605,1700291230.7268736
u_663,u_1481,transaction,443.54983066587306,1700291523.4541535
u_929,u_4095,transaction,950.3369994683013,1700291624.5090637
u_1307,u_144,transaction,3705.384295362537,1700291780.6399195
u_15,u_5,transaction,9678.873640776666,1700292739.873662
u_4620,u_4184,transaction,1717.2128018457433,1700292781.226547
u_2146,u_2501,transaction,1759.2021820351085,1700292785.8758187
u_1104,u_736,transaction,515.3594549780817,1700293297.0135243
u_34,u_320,transaction,16350.502742993649,1700293309.1476042
u_1499,u_573,transaction,1356.8084530260364,1700293350.5256693
u_112,u_602,transaction,1645.9885604219494,1700293480.0522008
u_624,u_131,transaction,911.5877781600663,1700293603.8892682
u_81,u_4763,transaction,792.7325002796085,1700293605.4723165
u_4292,u_2303,transaction,7269.610312478715,1700293640.7645488
u_3807,u_4376,transaction,2169.3234586400317,1700293781.188385
u_76,u_479,transaction,6472.972680460186,1700294665.5025563
u_699,u_3334,transaction,1150.6135813701183,1700294678.3649392
u_14,u_2108,transaction,2028.0805650494613,1700294719.542252
u_1789,u_3880,transaction,1157.1084825962319,1700294784.0518699
u_97,u_3030,transaction,6276.483562476799,1700295122.332037
u_3343,u_144,transaction,100.0,1700295278.8848925
u_2592,u_4,transaction,1172.1681509047569,1700295722.1088712
u_121,u_247,transaction,830.2205986586974,1700295921.4838798
u_191,u_597,transaction,2838.3058877698622,1700296335.772517
u_3105,u_78,transaction,1555.8184354509665,1700296677.755392
u_4800,u_4224,transaction,1782.9539165727278,1700296689.1911228
u_51,u_2755,transaction,1588.1529415534267,1700297071.472575
u_1998,u_1,transaction,446.8372889732199,1700297286.6691458
u_25,u_379,transaction,1136.996676262238,1700297465.333247
u_3779,u_1216,transaction,1091.409303154697,1700297473.5674143
u_1034,u_811,transaction,923.6001230804058,1700297741.1273139
u_3193,u_1556,transaction,16475.10241998412,1700297783.99122
u_6,u_178,transaction,1644.0012768675265,1700298843.8609319
u_2582,u_4748,transaction,941.4975132062925,1700299056.3788307
u_1064,u_97,transaction,342.9237132105947,1700299556.2739248
u_2188,u_22,transaction,452.81424245302213,1700299626.1856368
u_175,u_2919,transaction,8942.210633994957,1700299651.1320417
u_2666,u_1332,transaction,7846.716515530384,1700299918.758885
u_945,u_11,transaction,1235.5068826307959,1700300004.2083795
u_4312,u_75,transaction,1367.9069401578286,1700300147.847918
u_234,u_1011,transaction,602.8032040623774,1700300858.017883
u_320,u_2615,transaction,12814.690078386015,1700301001.6833773
u_94,u_906,transaction,5039.736876111159,1700301022.6515136
u_728,u_2059,transaction,238.01238933098554,1700301506.2355568
u_420,u_345,transaction,2157.7490959884535,1700301780.6735976
u_578,u_4551,transaction,1366.816827137889,1700301802.8657556
u_511,u_50,transaction,5808.750625045402,1700301951.6115315
u_1645,u_282,transaction,2920.299674021746,1700302160.3142104
u_284,u_2363,transaction,1108.589565717531,1700302326.9059415
u_2134,u_2576,transaction,1208.2448047896305,1700302535.4775693
u_809,u_1559,transaction,688.0374548425,1700302942.8851237
u_73,u_2366,transaction,823.3883070671905,1700303680.1454215
u_237,u_3180,transaction,7276.936921179764,1700303793.3337855
u_4426,u_4569,transaction,2695.8514560290687,1700303971.7726886
u_569,u_408,transaction,2501.531030234966,1700304338.0572908
u_97,u_3562,transaction,2483.5723372197954,1700304385.7348154
u_1304,u_3328,transaction,1539.850157729725,1700304594.692582
u_2219,u_2957,transaction,121.88931234618018,1700304624.542707
u_543,u_191,transaction,447.14450281408904,1700304799.0212107
u_3048,u_225,transaction,3573.7199196540732,1700304998.2719069
u_265,u_3004,transaction,1504.2002846774246,1700305037.155203
u_3046,u_198,transaction,4236.916511867305,1700305257.0968266
u_105,u_2949,transaction,3404.256590980253,1700305544.0866718
u_1978,u_135,transaction,3957.464061190961,1700306067.5356903
u_78,u_37,transaction,749.9361115554701,1700306156.1122248
u_4590,u_1861,transaction,1410.9884874429933,1700306239.8166878
u_81,u_153,transaction,834.9238764185486,1700306746.4296064
u_777,u_512,transaction,524.8168208925879,1700307002.5859709
u_4705,u_2485,transaction,5286.594810710918,1700307165.4795914
u_2016,u_2309,transaction,2507.823571227303,1700307416.031657
u_2599,u_1308,transaction,597.5531197477718,1700307464.092808
u_5065,u_5079,transaction,265.25206614038007,1700308072.2143838
u_115,u_3919,transaction,586.6984374849277,1700308518.0420203
u_4223,u_3022,transaction,2079.7065818397305,1700308559.386886
u_95,u_2448,transaction,3358.179400460822,1700308817.4830542
u_300,u_1793,transaction,4028.630472219475,1700309678.4290066
u_0,u_684,transaction,1468.325257434924,1700309812.3243906
u_155,u_4513,transaction,3520.338754055367,1700310067.7054572
u_2639,u_665,transaction,3894.448523783555,1700310193.5953617
u_2090,u_1563,transaction,5836.05388772029,1700310712.7954116
u_805,u_2372,transaction,1161.4339764269364,1700310855.3932805
u_3826,u_1667,transaction,3196.3578868504605,1700311053.5513685
u_4319,u_51,transaction,648.5771180481676,1700311906.8987224
u_4670,u_4169,transaction,2091.9176710239913,1700312097.6825073
u_3641,u_217,transaction,927.7951039240395,1700312381.41513
u_3697,u_1172,transaction,672.7736161205999,1700312583.6028657
u_867,u_2019,transaction,1643.6989980017188,1700312870.700392
u_230,u_1257,transaction,18484.23167736932,1700313301.5698469
u_2341,u_844,transaction,6277.20176120819,1700313475.8983932
u_449,u_230,transaction,5333.520083904301,1700313605.3570104
u_2438,u_798,transaction,9553.299029784474,1700313963.153748
u_490,u_4494,transaction,2549.8450753697994,1700314350.097348
u_3202,u_324,transaction,1393.6632048588624,1700315310.4466252
u_2063,u_3006,transaction,226.53062516537233,1700315624.0443144
u_266,u_4353,transaction,1626.0505280047028,1700315631.6859136
u_117,u_548,transaction,2280.3737590662213,1700315821.7427104
u_34,u_4117,transaction,464.1203339533667,1700315825.9116485
u_3662,u_4478,transaction,5209.1402077419525,1700315942.8625622
u_3815,u_1181,transaction,508.02707021685313,1700316258.37299
u_38,u_1236,transaction,999.7804859617015,1700316281.6943142
u_735,u_2082,transaction,1345.4982667332351,1700316495.224841
u_840,u_586,transaction,3551.5416521263514,1700316596.5088425
u_34,u_4217,transaction,976.4551155713684,1700316695.2683005
u_3960,u_103,transaction,3599.304727570572,1700316702.7581751
u_2833,u_7,transaction,431.0371046492098,1700316722.1839871
u_2268,u_1209,transaction,2261.509866315064,1700316795.5481093
u_4342,u_816,transaction,967.9354310252784,1700317043.0918124
u_4086,u_1970,transaction,1271.4487184942934,1700317125.0767002
u_349,u_281,transaction,201.46537495710047,1700317126.5904586
u_3546,u_4167,transaction,1942.1798149351505,1700317388.1909373
u_3414,u_2,transaction,4252.241385605332,1700318179.6019967
u_976,u_463,transaction,1394.7260881792247,1700318566.5955296
u_3697,u_3763,transaction,200.0878512891832,1700319203.9742794
u_1453,u_2541,transaction,163.4212787571731,1700319572.7634506
u_43,u_6,transaction,2100.930569633873,1700319878.0707488
u_62,u_115,transaction,1114.4476343522258,1700320613.7121758
u_441,u_1552,transaction,23390.483679573343,1700321213.365164
u_1671,u_804,transaction,2859.46267405117,1700321662.4891303
u_1410,u_5,transaction,1966.228464545467,1700321954.446438
u_2733,u_4592,transaction,9629.363305147192,1700322177.9236994
u_680,u_1864,transaction,418.0600655921741,1700322380.4975836
u_2027,u_2512,transaction,1257.4842199943623,1700322397.4422348
u_1224,u_2082,transaction,1370.850597313416,1700322734.9747918
u_2596,u_1053,transaction,4234.938556076178,1700322830.4407454
u_1425,u_2757,transaction,328.3371264606456,1700322834.229855
u_1184,u_26,transaction,662.8582036518145,1700323520.3097773
u_1687,u_1256,transaction,5497.785310019617,1700323927.8324046
u_2744,u_498,transaction,3977.034247797861,1700324000.3856199
u_4162,u_2064,transaction,479.2399093032974,1700324176.207803
u_136,u_934,transaction,2269.704847721671,1700324257.6019418
u_4055,u_3534,transaction,2339.16753485985,1700324504.4025004
u_894,u_299,transaction,2200.0622637857578,1700324708.11149
u_1869,u_16,transaction,733.6318606570748,1700325460.5126836
u_3635,u_1311,transaction,6775.0077492007085,1700326337.0396497
u_4488,u_3834,transaction,892.6785207531457,1700326646.8926287
u_342,u_3035,transaction,1926.9666465228095,1700326862.6075163
u_3109,u_1045,transaction,2190.760969184385,1700327341.9008107
u_3882,u_1988,transaction,1130.6247262932318,1700327441.8109179
u_6,u_2032,transaction,2535.0168276893965,1700327646.6640337
u_2432,u_547,transaction,1830.9539621112258,1700328053.3403842
u_332,u_3453,transaction,1313.1084614863485,1700328466.4654446
u_0,u_3012,transaction,6465.736842058425,1700328578.5458362
u_2533,u_3110,transaction,1220.8147730438875,1700328596.4960482
u_3553,u_139,transaction,9833.469818526914,1700329048.846056
u_424,u_4051,transaction,18446.11808184012,1700329085.0927794
u_2230,u_1172,transaction,2459.409731035659,1700329380.6118355
u_1880,u_2789,transaction,631.8740512946903,1700329432.0698826
u_1681,u_4193,transaction,2617.7255663009278,1700329622.3153517
u_339,u_16,transaction,1248.1493803993576,1700329688.4058292
u_3022,u_128,transaction,2863.9931689631194,1700330025.7330809
u_4370,u_4451,transaction,1221.5695739430262,1700330207.1986759
u_578,u_60,transaction,1300.5086026971994,1700330412.216488
u_3444,u_1626,transaction,688.3759973832305,1700330582.874527
u_281,u_363,transaction,1212.6150556010923,1700330795.8046355
u_3073,u_4884,transaction,1260.1559684228398,1700330844.273312
u_1912,u_916,transaction,1435.7083089120133,1700331239.9190757
u_3750,u_3154,transaction,8817.506287292856,1700331373.8413985
u_226,u_1254,transaction,1427.189802415155,1700331509.6829085
u_1289,u_2145,transaction,12234.382064612559,1700332304.6863406
u_4220,u_3566,transaction,3208.1428373555805,1700332473.7932734
u_1666,u_1424,transaction,7979.586418750328,1700332557.6293728
u_5076,u_5079,transaction,155.25116416522485,1700332812.7771115
u_6,u_3326,transaction,10249.011858153624,1700333296.5956817
u_134,u_215,transaction,1263.5239070998673,1700333530.029231
u_48,u_1947,transaction,1844.7636898125609,1700333605.4637134
u_2495,u_70,transaction,1854.5275970988869,1700333611.218711
u_4938,u_15,transaction,13524.666504473445,1700333973.1182442
u_43,u_2862,transaction,849.9128403211762,1700334363.3521678
u_391,u_305,transaction,893.358668094191,1700335006.419827
u_6,u_1845,transaction,846.2944413254107,1700335146.6699855
u_117,u_2010,transaction,1420.2233618104094,1700335265.812927
u_4025,u_158,transaction,623.7689286776349,1700335402.0048594
u_689,u_2325,transaction,343.40708646502776,1700335557.0779548
u_4181,u_450,transaction,2064.4057096253523,1700335975.832846
u_1327,u_134,transaction,464.7157762061842,1700336047.3541486
u_780,u_3269,transaction,1110.1990771968083,1700336332.8231416
u_1950,u_1907,transaction,2595.195986142239,1700336433.4961972
u_3342,u_352,transaction,800.4162069682964,1700336463.7550342
u_7,u_4971,transaction,1989.1487081799303,1700336584.0881586
u_12,u_664,transaction,6468.398628542153,1700336660.5917487
u_4382,u_3259,transaction,937.5880321279108,1700336849.8993657
u_6,u_460,transaction,985.0954951995028,1700337105.004296
u_4241,u_4,transaction,1240.8816889570965,1700337273.2309823
u_4369,u_4717,transaction,1296.1318341469134,1700337549.8738358
u_3005,u_2010,transaction,3849.374085015249,1700338080.4510677
u_1012,u_1294,transaction,619.5208274951473,1700338463.7283742
u_2724,u_1540,transaction,5365.315316179952,1700339066.8464262
u_4981,u_1623,transaction,582.433519161847,1700339324.9103281
u_1609,u_4982,transaction,637.6110206776164,1700339564.2751608
u_3723,u_4,transaction,3668.696944382077,1700339760.5441682
u_240,u_2361,transaction,4113.650357028607,1700339760.8966298
u_3178,u_204,transaction,353.79731212558033,1700340043.7119799
u_1070,u_1702,transaction,7476.018781398144,1700340112.412699
u_892,u_2410,transaction,8000.39468712744,1700340830.458148
u_1760,u_1030,transaction,308.56832102676833,1700341082.5573685
u_1746,u_2353,transaction,876.5639551881146,1700341220.0237505
u_732,u_1518,transaction,784.3658022433394,1700341250.706535
u_2612,u_794,transaction,8077.843916190677,1700341733.540762
u_699,u_110,transaction,3105.433252844464,1700341761.090678
u_894,u_2834,transaction,358.5970684618705,1700342637.7642395
u_95,u_2559,transaction,3901.575712280804,1700342972.7274115
u_1539,u_101,transaction,100.0,1700343944.687315
u_358,u_117,transaction,828.9394011900565,1700344916.1663616
u_2218,u_2650,transaction,367.60399803448854,1700344960.4764261
u_2465,u_419,transaction,1194.3644611101379,1700345000.1009033
u_266,u_192,transaction,3664.713588606905,1700345237.0300908
u_4374,u_1306,transaction,1905.419335367087,1700345494.0721745
u_3141,u_2752,transaction,1092.6374589720724,1700345530.1572134
u_3239,u_2907,transaction,7838.34157289912,1700345598.5568867
u_828,u_3146,transaction,297.74860286264385,1700345639.5078893
u_747,u_303,transaction,339.96076962798935,1700345738.1108532
u_1597,u_644,transaction,2645.930481735381,1700345818.6917868
u_639,u_301,transaction,624.9092704090739,1700346082.6756146
u_2430,u_2225,transaction,3882.417102971918,1700346157.731568
u_1029,u_759,transaction,1764.540168635715,1700346204.1367967
u_3705,u_793,transaction,2831.283592881717,1700346359.626835
u_7,u_123,transaction,13473.404859302726,1700346715.5563016
u_567,u_2911,transaction,2803.374897605475,1700346733.0523963
u_1419,u_4815,transaction,1576.5662641665144,1700346751.0711586
u_4924,u_3946,transaction,4677.054629831241,1700347337.6947916
u_1769,u_12,transaction,5014.236807705782,1700347440.286762
u_2415,u_422,transaction,361.31020435972937,1700347527.736831
u_205,u_79,transaction,742.2470594609131,1700347780.7975028
u_3691,u_10,transaction,1073.9589965661958,1700347857.1167285
u_3341,u_419,transaction,3581.6158173608915,1700348185.3564131
u_4326,u_1713,transaction,2154.441445531921,1700348271.7561562
u_429,u_4581,transaction,7276.868819692922,1700348503.5277863
u_342,u_3371,transaction,2197.5028476613807,1700348863.093719
u_242,u_1321,transaction,2288.4146359991605,1700349321.59672
u_4677,u_3985,transaction,568.5325700591483,1700349489.1767478
u_1304,u_6,transaction,2341.7672254287313,1700349807.2035146
u_186,u_255,transaction,985.6484064247591,1700350381.684084
u_603,u_3963,transaction,7089.6369469030315,1700350483.934571
u_3005,u_463,transaction,4672.988750891751,1700350682.393685
u_3637,u_499,transaction,744.1409668524244,1700351103.398373
u_2090,u_12,transaction,1811.6201687886796,1700351171.879209
u_3156,u_3765,transaction,664.4704818139447,1700351330.9102938
u_92,u_416,transaction,1039.4133623188309,1700351732.8215122
u_517,u_4269,transaction,2491.8625600853607,1700351957.197703
u_89,u_102,transaction,2012.574274628921,1700352007.1248019
u_2583,u_1346,transaction,1227.703091768443,1700352208.5599573
u_6,u_2525,transaction,760.3852036505601,1700352377.679929
u_30,u_1283,transaction,3098.755915819878,1700352472.8222203
u_3466,u_1130,transaction,410.59331073149446,1700352591.6655843
u_1748,u_3679,transaction,1312.0320196703883,1700353252.1259143
u_97,u_2849,transaction,2300.2041974779977,1700354054.7890642
u_221,u_1830,transaction,1027.2155075283445,1700354285.724749
u_4391,u_242,transaction,1424.031764047916,1700354556.973762
u_1769,u_291,transaction,2793.949676245915,1700354608.545908
u_333,u_258,transaction,17223.6395033327,1700354618.130671
u_1933,u_326,transaction,4439.777618937234,1700354688.8710895
u_1608,u_1238,transaction,2131.8828625051005,1700354853.9477015
u_1799,u_121,transaction,673.8835109107648,1700354883.3041809
u_25,u_3557,transaction,10437.859399648887,1700355126.0515263
u_501,u_70,transaction,8830.940644192095,1700356022.107361
u_4488,u_4586,transaction,6483.173363658166,1700356415.7088273
u_77,u_1706,transaction,907.6076501969485,1700356422.3907588
u_3292,u_1930,transaction,837.169675800156,1700356517.5891943
u_2589,u_96,transaction,438.98969240589435,1700356723.783306
u_2305,u_1138,transaction,2420.0988772455285,1700356754.9694242
u_4766,u_1050,transaction,1309.3945858397462,1700356830.4798985
u_1424,u_2363,transaction,2929.7954497708333,1700356937.1946683
u_2748,u_2025,transaction,767.5686380703414,1700358485.7747624
u_1459,u_4143,transaction,9367.183223048545,1700359046.7122982
u_1637,u_1142,transaction,1242.404159365349,1700359273.6018775
u_1934,u_4833,transaction,3818.244823739078,1700359864.0761368
u_2377,u_1570,transaction,2959.8207020505247,1700359953.1476293
u_3147,u_571,transaction,1495.1188260867464,1700360066.336504
u_938,u_3386,transaction,2293.489052510991,1700361069.7008252
u_4673,u_2561,transaction,1336.6248662019375,1700361289.2434394
u_3356,u_3297,transaction,1167.4086001587925,1700361578.6207545
u_1906,u_3590,transaction,4497.8857057223995,1700361886.5707717
u_4250,u_293,transaction,5461.757661484922,1700362046.2020576
u_4,u_1658,transaction,729.4157125236526,1700362506.0735903
u_4237,u_1191,transaction,1414.6138622924273,1700362651.8852377
u_896,u_2354,transaction,2546.1503594175197,1700362728.8068392
u_106,u_16,transaction,191.40930674808033,1700363187.482174
u_25,u_2627,transaction,1801.5405895516465,1700363422.0294166
u_166,u_4596,transaction,1680.577390194855,1700363429.8376153
u_2586,u_1679,transaction,599.8222694946315,1700363693.9838722
u_157,u_606,transaction,717.6178554838748,1700364244.8281455
u_1070,u_620,transaction,2144.0755747717562,1700364333.9202776
u_3046,u_1549,transaction,1239.6861014214774,1700364896.2312431
u_1,u_4710,transaction,6771.0673331778235,1700365497.8660102
u_1796,u_1319,transaction,2116.744466650339,1700366001.5723376
u_4007,u_3479,transaction,6245.297168412515,1700366041.8657103
u_619,u_3192,transaction,1360.8229446280154,1700366070.9381118
u_1872,u_1973,transaction,1584.1933738208336,1700366187.756806
u_4459,u_1092,transaction,1381.0414473957926,1700366439.5271678
u_1084,u_4771,transaction,735.9779726057128,1700366439.6816802
u_2853,u_650,transaction,3043.274936897309,1700366670.2283022
u_165,u_1042,transaction,3273.252547196118,1700366775.8579688
u_875,u_1820,transaction,751.0905361740655,1700366882.6368062
u_2629,u_141,transaction,1574.1768117080085,1700367330.0527802
u_3,u_4225,transaction,1230.5395077622354,1700367678.2969067
u_1541,u_3004,transaction,1667.8379399437567,1700367705.0173657
u_3005,u_2266,transaction,3755.4333977375277,1700367992.5847125
u_556,u_840,transaction,538.7530880984635,1700368415.5376892
u_2522,u_2058,transaction,250.76931019962285,1700368606.0983844
u_2093,u_3605,transaction,5841.58150766212,1700368632.878257
u_3153,u_4209,transaction,3881.7050484757006,1700369151.9317887
u_2424,u_2287,transaction,2723.5333546985485,1700369525.426171
u_64,u_4581,transaction,2799.827779748476,1700369633.1535745
u_1775,u_1620,transaction,403.3392981250282,1700369818.9784577
u_4190,u_3846,transaction,2418.6077999693057,1700370645.8725789
u_97,u_2578,transaction,2003.9160656758445,1700370976.7583702
u_4078,u_3729,transaction,3636.6407741339194,1700372076.273018
u_132,u_4293,transaction,2559.485687075206,1700372303.501609
u_122,u_4914,transaction,1288.0409771683946,1700372343.1993
u_4036,u_81,transaction,1521.379396573894,1700372541.5243137
u_4908,u_2044,transaction,1170.1196084813505,1700372946.2016082
u_1861,u_7,transaction,1355.3970789473608,1700373882.6869104
u_1622,u_3545,transaction,1883.560552227857,1700374008.5023785
u_3943,u_3573,transaction,3629.878314463805,1700374528.0981672
u_3793,u_291,transaction,2886.1828758132074,1700374749.20968
u_3660,u_10,transaction,506.78203448157734,1700374857.5235748
u_4490,u_747,transaction,639.1847070168023,1700375274.6315773
u_905,u_4613,transaction,780.9197892826209,1700375365.7423408
u_2182,u_752,transaction,2249.941076778928,1700375966.4586625
u_3160,u_4456,transaction,2531.329122963173,1700376512.444146
u_7,u_1549,transaction,926.0491040204558,1700376680.6874132
u_3920,u_4259,transaction,5105.187850697408,1700376870.645931
u_8,u_1691,transaction,254.762025507254,1700377522.1613836
u_359,u_4060,transaction,2930.09499814418,1700377653.318888
u_2356,u_2519,transaction,849.1267766517151,1700378000.839374
u_2104,u_1188,transaction,5893.278342281423,1700378161.927818
u_53,u_97,transaction,21160.086736226953,1700378407.5514777
u_4531,u_3930,transaction,1539.7400469455163,1700378408.6524494
u_4607,u_3347,transaction,18177.07112679489,1700378798.9190247
u_652,u_967,transaction,532.527950289552,1700378838.279621
u_253,u_444,transaction,2812.031807430371,1700379131.9326673
u_206,u_372,transaction,964.7322485960557,1700379990.1960583
u_4677,u_18,transaction,4190.78584982924,1700380353.2138956
u_199,u_2753,transaction,3713.603366855299,1700380565.9089007
u_4422,u_3711,transaction,2178.973390675851,1700380701.3839557
u_1366,u_935,transaction,1908.4595224052298,1700380937.7605548
u_570,u_1064,transaction,848.6520394001875,1700381105.9080582
u_281,u_1094,transaction,1100.443175555561,1700381380.8888373
u_3468,u_2699,transaction,353.7763343514241,1700381506.8946824
u_3876,u_1471,transaction,1438.7463975966057,1700382041.4727852
u_1781,u_128,transaction,1685.4306342556386,1700382117.9600217
u_12,u_451,transaction,3699.2032762088625,1700382175.4362793
u_1167,u_9,transaction,1926.3521055201134,1700382185.2828689
u_960,u_1446,transaction,781.830621079075,1700382386.3527439
u_2051,u_3290,transaction,23854.051059916244,1700382463.6955497
u_2723,u_70,transaction,9320.434524296224,1700382488.9120545
u_1517,u_156,transaction,1612.3379903594923,1700382490.1349351
u_3079,u_510,transaction,11476.310024535844,1700382782.3679042
u_505,u_4550,transaction,2985.985270306312,1700383075.4791217
u_6,u_192,transaction,2519.9146996038494,1700383207.2211032
u_4297,u_31,transaction,7328.209002071887,1700383364.0106776
u_60,u_4112,transaction,721.5113098189458,1700383371.4635334
u_4389,u_1172,transaction,1720.0175391897283,1700384616.3793583
u_4858,u_1141,transaction,1044.9571983830008,1700384687.9666698
u_2796,u_410,transaction,1673.2208491036984,1700384743.396298
u_9,u_3809,transaction,3536.5651846643696,1700384947.9904602
u_3768,u_410,transaction,1862.0449377533428,1700385123.4960587
u_3092,u_3305,transaction,1994.169901918499,1700385140.3724885
u_4468,u_2338,transaction,990.9185646694825,1700385183.8672693
u_34,u_1220,transaction,918.2184705585316,1700385480.1667013
u_281,u_2926,transaction,962.9245121061016,1700385679.2885802
u_1114,u_2955,transaction,3329.52771398485,1700385946.9852357
u_944,u_150,transaction,3431.8091883667794,1700386039.204062
u_4109,u_3730,transaction,2615.6391871154065,1700386244.1883502
u_217,u_2015,transaction,1897.9348024946755,1700387370.5971613
u_4404,u_18,transaction,1140.0532695421398,1700387438.7390966
u_1582,u_3273,transaction,1054.3660718396573,1700388051.191424
u_4509,u_935,transaction,3759.177650574524,1700388231.7393444
u_300,u_2118,transaction,2331.858442174115,1700388273.7706707
u_883,u_3673,transaction,2728.6594378380546,1700388516.8823106
u_47,u_130,transaction,1003.3836057931999,1700388859.6660714
u_895,u_397,transaction,720.9828916867217,1700389041.181746
u_381,u_229,transaction,9790.706845180668,1700389150.53172
u_16,u_1830,transaction,845.7280618267381,1700389193.0490785
u_51,u_2950,transaction,811.9263691406222,1700389195.715955
u_222,u_4,transaction,7698.802746907281,1700389511.531073
u_1944,u_3711,transaction,1080.3726355953365,1700390085.5483937
u_1115,u_25,transaction,794.6676589317469,1700390614.1764681
u_1338,u_1434,transaction,2994.647521006986,1700390998.0818574
u_617,u_2264,transaction,4104.853169849458,1700391411.8720214
u_120,u_1380,transaction,4322.356273777988,1700391696.1602292
u_1597,u_3153,transaction,1040.7935685930818,1700392120.2622795
u_2316,u_1386,transaction,1452.943419820924,1700392372.6043444
u_296,u_1657,transaction,2400.1532573973427,1700392846.010038
u_3744,u_4466,transaction,723.8056889311686,1700393100.2771847
u_102,u_34,transaction,814.8575650732838,1700393273.0252044
u_3529,u_25,transaction,1023.157360209496,1700393995.843979
u_22,u_3810,transaction,1214.941617833392,1700394406.9099247
u_98,u_852,transaction,1476.5680265076735,1700395150.854092
u_2457,u_3114,transaction,492.2027541874723,1700395360.7779138
u_1351,u_1127,transaction,896.0058178792427,1700395549.362295
u_3169,u_4712,transaction,1241.4265248657505,1700395754.217683
u_3117,u_563,transaction,2799.3059200301896,1700395947.384451
u_1464,u_4192,transaction,22705.663565810682,1700396440.0153966
u_984,u_42,transaction,3138.4247317696218,1700396908.7429307
u_3704,u_46,transaction,677.7879418333574,1700396914.63178
u_3753,u_442,transaction,2394.6488178962622,1700396973.0365767
u_2504,u_143,transaction,1753.2272257277077,1700397063.9186416
u_1471,u_2179,transaction,1147.3443414975302,1700397655.4817402
u_3509,u_1210,transaction,1039.9315608404495,1700397824.8797946
u_59,u_43,transaction,1934.3342345154774,1700397861.8826883
u_3329,u_1727,transaction,872.2191838646072,1700397899.4836175
u_1111,u_3470,transaction,1450.8230118093825,1700398398.021735
u_4438,u_1548,transaction,1134.518372141765,1700398780.4147727
u_346,u_2018,transaction,531.443980285667,1700399181.6611843
u_316,u_697,transaction,746.9521622480202,1700399246.866783
u_2106,u_1647,transaction,3049.8127919694466,1700399748.0386543
u_377,u_705,transaction,4368.987171095983,1700399831.6909637
u_2346,u_828,transaction,1193.6680402965692,1700399844.2313848
u_2335,u_968,transaction,1313.1363592526736,1700400342.6344872
u_13,u_3150,transaction,1054.8545233124357,1700400601.7077582
u_1807,u_3901,transaction,2327.543843170603,1700400649.3950717
u_3262,u_1627,transaction,2269.8293571862982,1700401164.7382061
u_238,u_73,transaction,715.7290625963641,1700401361.08193
u_29,u_4566,transaction,602.4235536874917,1700401502.484933
u_141,u_269,transaction,1470.5455307815791,1700401542.3698413
u_3765,u_4961,transaction,5100.831775544822,1700401839.8665721
u_3297,u_56,transaction,1058.5674534433815,1700402119.0735886
u_1359,u_1159,transaction,475.57206696962015,1700402209.875315
u_2455,u_1111,transaction,5335.363588676637,1700402433.6268232
u_12,u_99,transaction,5554.5584874231645,1700402456.0224292
u_3722,u_2433,transaction,1704.738739256029,1700402594.016836
u_241,u_1994,transaction,12747.713463050504,1700402955.9625866
u_891,u_612,transaction,4266.081983177584,1700403145.1944313
u_4344,u_212,transaction,1180.1876699796208,1700403247.3237832
u_4643,u_3897,transaction,9848.269568723914,1700403294.915448
u_76,u_1225,transaction,8906.218888509482,1700403467.7990255
u_4583,u_4818,transaction,3430.5634410628245,1700403930.5572126
u_3348,u_3648,transaction,4002.2035781194727,1700403981.2486634
u_238,u_3728,transaction,6006.104564953397,1700404385.5130126
u_246,u_4732,transaction,1885.401210789613,1700404454.676589
u_622,u_162,transaction,204.74978655548261,1700404478.3755872
u_1511,u_919,transaction,1359.8429670109538,1700404869.0685835
u_25,u_47,transaction,3269.951092370275,1700405209.1651456
u_2085,u_4951,transaction,4686.672666804843,1700405444.8914006
u_0,u_4911,transaction,33768.04069083582,1700405461.0111222
u_266,u_644,transaction,751.2486938231315,1700405664.7715037
u_322,u_896,transaction,300.17235530576585,1700405936.463442
u_3078,u_0,transaction,1431.2106051651201,1700405944.2012737
u_1996,u_2259,transaction,2710.7529346830243,1700406223.9334674
u_4890,u_3979,transaction,1302.8870038892278,1700406327.7542036
u_5000,u_5013,transaction,3326.9285522857344,1700406439.6517074
u_440,u_3374,transaction,1855.8369331847466,1700406461.9978352
u_1728,u_310,transaction,12745.293975472981,1700406565.952543
u_3824,u_5,transaction,7266.080981621639,1700406683.4959633
u_970,u_3501,transaction,802.3923085633426,1700406943.896744
u_308,u_267,transaction,1030.533567117155,1700407715.694191
u_16,u_1729,transaction,2215.779324272106,1700408231.871136
u_1723,u_133,transaction,4756.075452770602,1700408658.7106898
u_1429,u_1443,transaction,1028.3927250736135,1700408751.6222672
u_2801,u_4105,transaction,384.28393796587466,1700408797.7547302
u_462,u_156,transaction,2945.024116071704,1700409136.5155768
u_2250,u_3606,transaction,2111.577724658031,1700409381.6476789
u_2578,u_726,transaction,4711.641379282302,1700410136.032919
u_14,u_115,transaction,3720.718463778349,1700410136.0956573
u_3838,u_1237,transaction,831.724170079129,1700410242.7217846
u_1296,u_1057,transaction,684.2928446756024,1700410483.1212869
u_707,u_703,transaction,1520.7032566885555,1700411727.38127
u_2345,u_30,transaction,1684.2819970653968,1700411899.158266
u_1059,u_304,transaction,604.3353077627796,1700411945.529647
u_3346,u_3240,transaction,201.1140537856716,1700411957.3229237
u_3978,u_1719,transaction,24854.474881564627,1700412279.6781716
u_4835,u_118,transaction,945.3269060309701,1700412377.3204255
u_1781,u_512,transaction,704.8181430568242,1700412731.6171217
u_2299,u_4468,transaction,1787.3420587505625,1700412856.2712603
u_4899,u_3828,transaction,1557.801311273802,1700412904.5190465
u_4817,u_1524,transaction,2306.4736464019174,1700413413.4944775
u_4126,u_2979,transaction,7646.05422214939,1700413573.4354646
u_137,u_2760,transaction,746.0191826459518,1700413588.0577867
u_3008,u_488,transaction,9626.41252370016,1700413646.9985714
u_4801,u_2201,transaction,594.9884794343498,1700413758.923863
u_1614,u_2453,transaction,591.151536787541,1700414070.7785654
u_4722,u_425,transaction,618.1985758140771,1700414333.963592
u_2385,u_1621,transaction,2251.046116162855,1700414803.950597
u_4583,u_1631,transaction,3932.1306297545116,1700414832.58435
u_1145,u_418,transaction,1249.4679143660646,1700415089.228186
u_2591,u_44,transaction,1129.8008544946438,1700415229.3679016
u_525,u_96,transaction,865.2086042564029,1700416372.72912
u_4016,u_18,transaction,3862.8292500430857,1700416814.4126685
u_4149,u_756,transaction,1076.7793502276882,1700417022.4108725
u_4272,u_2508,transaction,7733.180269416494,1700417267.6577048
u_3261,u_2541,transaction,2970.2461814358203,1700418066.8764484
u_1680,u_528,transaction,5883.706091638697,1700418154.3795707
u_2138,u_640,transaction,829.6306306955354,1700418366.3315675
u_443,u_842,transaction,873.8098806872458,1700419290.7402225
u_1638,u_3429,transaction,482.9810837366355,1700419601.2716568
u_3474,u_2874,transaction,424.92626446788665,1700419777.1661344
u_252,u_1420,transaction,1220.0521408029608,1700419934.8437557
u_4284,u_3289,transaction,7135.577564277597,1700419948.6143486
u_432,u_1107,transaction,829.5698061856165,1700420051.5185995
u_450,u_987,transaction,14560.19987794247,1700420560.7807152
u_2507,u_146,transaction,668.3764202166581,1700420771.9589567
u_1572,u_1855,transaction,3732.48448803279,1700420979.667475
u_2269,u_4303,transaction,2462.781878752203,1700421067.6848462
u_780,u_1418,transaction,1568.4661763346473,1700421149.7591116
u_957,u_134,transaction,1428.3693460407947,1700421352.389698
u_1947,u_2477,transaction,3198.660255176375,1700421885.6295385
u_4,u_30,transaction,3269.940111511741,1700422084.6995115
u_116,u_1547,transaction,1097.744329673809,1700422093.0498073
u_3317,u_5,transaction,1821.7633422611946,1700422215.6642513
u_1803,u_1305,transaction,763.7930914238309,1700422261.7147808
u_34,u_824,transaction,768.0971127839642,1700423214.7779973
u_69,u_551,transaction,7915.200864755056,1700423456.4947479
u_3295,u_18,transaction,1534.190278484702,1700423599.8540666
u_3798,u_1066,transaction,7257.307229190441,1700424064.6856463
u_4,u_2087,transaction,2520.9140513273514,1700424108.9966486
u_7,u_291,transaction,411.80740516396094,1700424122.1928947
u_886,u_475,transaction,1386.3025413252965,1700424295.5590293
u_1492,u_754,transaction,481.2324556560461,1700424459.810815
u_1120,u_1057,transaction,177.62674346051074,1700424638.832289
u_2210,u_2891,transaction,2856.2944149549235,1700424709.4808264
u_2138,u_3698,transaction,2203.7390909148153,1700424958.8662112
u_3315,u_270,transaction,947.4486025507222,1700424981.740525
u_205,u_1570,transaction,3012.52952460981,1700425654.48324
u_191,u_1774,transaction,3074.89518934606,1700426039.5791943
u_1629,u_4187,transaction,1227.3811540218023,1700426094.876203
u_611,u_4376,transaction,1473.098575976116,1700426182.3022125
u_143,u_6,transaction,1394.3726212619886,1700426213.9661355
u_2742,u_70,transaction,968.4090886924791,1700426436.7179546
u_4409,u_3628,transaction,364.32057773452453,1700426618.4276378
u_975,u_104,transaction,260.6679297614271,1700426621.1479363
u_30,u_4525,transaction,1637.8019489385613,1700426876.3195972
u_1888,u_1909,transaction,1225.9596754645172,1700426894.55759
u_1494,u_56,transaction,609.5701649339163,1700427460.8952992
u_3366,u_6,transaction,409.91234127682844,1700427474.8997965
u_452,u_2135,transaction,12242.736904220235,1700428245.3139622
u_5,u_3192,transaction,2696.4407773544135,1700428505.9647954
u_1507,u_981,transaction,2480.8544634606014,1700428879.8879015
u_1172,u_1905,transaction,3845.7860603513764,1700429056.176734
u_915,u_2696,transaction,3306.979520791617,1700429478.7596679
u_41,u_410,transaction,3196.331163722481,1700429622.2417088
u_553,u_521,transaction,1734.9062185573098,1700429785.983753
u_4681,u_285,transaction,3960.0137612703106,1700429930.4943244
u_1413,u_1760,transaction,649.3497055571933,1700430597.287952
u_1437,u_2824,transaction,306.0549824747549,1700430613.275163
u_98,u_4071,transaction,1145.8238449778316,1700430729.6679294
u_4329,u_319,transaction,916.4935366837733,1700430841.4118886
u_2685,u_521,transaction,570.000553435168,1700431243.089012
u_908,u_3603,transaction,1081.4947308994592,1700431829.3669505
u_4992,u_3935,transaction,2909.5450037224746,1700433321.3097057
u_312,u_480,transaction,1740.8119447517665,1700433490.6996753
u_115,u_1180,transaction,2892.8968845283543,1700433532.0701807
u_2004,u_450,transaction,2653.0229769803104,1700433847.285505
u_3712,u_2817,transaction,4659.097335710705,1700434636.8869424
u_802,u_3420,transaction,3591.6017612057058,1700434867.2373595
u_963,u_2171,transaction,1049.02587608451,1700434918.4550874
u_1825,u_3425,transaction,744.4685001419124,1700435000.0754852
u_4081,u_3724,transaction,1654.8336768957142,1700435392.8509824
u_2956,u_164,transaction,648.8809409814896,1700435551.8787973
u_4221,u_1624,transaction,2763.888759457186,1700435599.259696
u_7,u_3195,transaction,617.2900190602564,1700436125.839906
u_4623,u_49,transaction,1734.9612318043203,1700436209.044719
u_2496,u_56,transaction,1362.206517392039,1700436432.8721168
u_1853,u_3315,transaction,2042.6633818428318,1700437415.5688043
u_1459,u_1328,transaction,14103.719575471454,1700437651.7991374
u_254,u_1290,transaction,2072.679296785847,1700438188.6600552
u_1039,u_561,transaction,1528.2157866958446,1700438441.9538348
u_4389,u_27,transaction,395.482761785725,1700438498.4314063
u_280,u_3325,transaction,8950.556070435581,1700438627.109492
u_2928,u_4905,transaction,745.4288967189583,1700438764.8286104
u_315,u_520,transaction,2787.665609157936,1700439104.6092513
u_508,u_4352,transaction,3271.8186061523415,1700439740.738068
u_3454,u_60,transaction,1095.096595156128,1700439870.9198573
u_1143,u_264,transaction,406.4812205427962,1700439941.7111945
u_1598,u_1567,transaction,2428.9942822340777,1700440015.9547844
u_9,u_436,transaction,1377.939973009727,1700440120.849177
u_1921,u_166,transaction,13142.856426047772,1700440975.783727
u_2181,u_199,transaction,3725.803974403353,1700441233.6169128
u_2698,u_27,transaction,12091.625981017802,1700441296.539883
u_4261,u_3211,transaction,4240.486722991833,1700441563.7653468
u_893,u_2031,transaction,880.8141768975863,1700441565.246406
u_3199,u_506,transaction,9294.811727474018,1700441930.751853
u_213,u_0,transaction,757.737423566514,1700442138.1775486
u_1503,u_33,transaction,3711.4156749276085,1700442338.2626197
u_307,u_272,transaction,5585.386951979451,1700442346.209155
u_579,u_97,transaction,9293.610574203483,1700442380.4190757
u_4216,u_82,transaction,882.8697483821004,1700442466.3037288
u_2027,u_512,transaction,1908.1650396451032,1700443303.2873197
u_493,u_926,transaction,1141.0375253270786,1700443401.8733249
u_3548,u_1518,transaction,3918.8663957575795,1700443536.4639604
u_1597,u_2414,transaction,4324.938093768727,1700443547.4058604
u_286,u_1940,transaction,3158.3667015202846,1700444302.8180726
u_4861,u_1284,transaction,1609.0973579912181,1700444936.4067945
u_3346,u_371,transaction,1555.6979085728565,1700445200.2561338
u_227,u_2912,transaction,2475.6229309207565,1700445438.0065038
u_2106,u_4,transaction,3819.6354156538473,1700445593.8614202
u_50,u_45,transaction,1494.1572271872146,1700445889.2909658
u_181,u_1213,transaction,297.93052559685435,1700446382.1247559
u_3003,u_11,transaction,1888.4556707984505,1700446933.4107273
u_2270,u_54,transaction,371.96854638425543,1700447093.181609
u_221,u_23,transaction,2246.677950106889,1700447239.95132
u_113,u_915,transaction,590.1224781105713,1700447953.3849308
u_36,u_514,transaction,400.8013707539536,1700448040.7541492
u_1332,u_13,transaction,1045.2424857479523,1700448059.2692025
u_2311,u_11,transaction,679.5973253277484,1700448169.8748662
u_1497,u_2270,transaction,984.7163740948042,1700448345.4629827
u_43,u_645,transaction,1675.8050846836948,1700448358.9522147
u_1138,u_1113,transaction,1043.6118040477404,1700448566.8583026
u_93,u_330,transaction,647.2600284806617,1700448705.4150853
u_2542,u_115,transaction,6168.887681247548,1700448936.5525353
u_18,u_432,transaction,2206.272448469378,1700449287.758229
u_4690,u_213,transaction,3151.118179163366,1700449304.1939247
u_2419,u_1551,transaction,3605.2413339589843,1700449671.2013776
u_959,u_721,transaction,3639.0001793428173,1700449763.893113
u_464,u_3796,transaction,1814.155785611672,1700449774.0033348
u_3182,u_1575,transaction,6544.512145057189,1700449789.4031663
u_3408,u_157,transaction,1479.353876016603,1700449845.4067864
u_565,u_53,transaction,1327.1480879489986,1700450172.4566607
u_1587,u_207,transaction,2438.876058512049,1700450429.367448
u_208,u_4226,transaction,869.6951009836044,1700450670.9796956
u_716,u_1813,transaction,2317.687366037042,1700451159.1449218
u_4289,u_2379,transaction,210.1069013814717,1700451185.1607034
u_1411,u_15,transaction,851.1446832172597,1700451305.346123
u_2281,u_706,transaction,1884.2543580187682,1700451845.0800383
u_22,u_1175,transaction,3241.796797770751,1700451850.8933578
u_1992,u_266,transaction,983.8821230900938,1700452036.2522597
u_4527,u_16,transaction,8856.79578326813,1700452300.5805514
u_3781,u_29,transaction,504.56445079700916,1700452337.9886653
u_2222,u_486,transaction,1307.5779670484465,1700452367.3272295
u_1787,u_938,transaction,426.0181079345855,1700452373.8288956
u_193,u_1152,transaction,1424.7709243588067,1700452576.8587844
u_1219,u_406,transaction,1788.5005441797443,1700452688.3562973
u_2855,u_687,transaction,610.296813224013,1700452807.2441823
u_4965,u_2982,transaction,979.665620152814,1700452843.2427616
u_448,u_193,transaction,6390.604241762201,1700453182.6274593
u_3014,u_422,transaction,1086.7057971466088,1700453365.5675786
u_4778,u_3771,transaction,6397.782197522358,1700453392.1820104
u_294,u_3525,transaction,965.5390573698865,1700453655.0676198
u_974,u_162,transaction,3770.1791003953645,1700453971.7340553
u_969,u_236,transaction,3380.122896627446,1700454141.973596
u_887,u_3133,transaction,986.256209075024,1700454457.446883
u_3290,u_2941,transaction,2562.1322984455633,1700454676.145362
u_4481,u_4793,transaction,4866.675037004587,1700455144.307787
u_276,u_1292,transaction,3082.077756220692,1700455443.337288
u_39,u_1685,transaction,916.6899913767378,1700455474.2721364
u_2332,u_136,transaction,1103.5013144258655,1700456128.5367017
u_4878,u_1164,transaction,2069.735791885106,1700456224.3527336
u_2481,u_193,transaction,2458.7458892336504,1700456444.4509068
u_861,u_3840,transaction,1522.8309459964714,1700456959.2757108
u_268,u_248,transaction,1456.041603912062,1700457347.360359
u_25,u_3054,transaction,1439.8300793617937,1700457352.3760974
u_3126,u_4785,transaction,3328.8103451433203,1700457774.47318
u_47,u_1161,transaction,3686.0922298514056,1700457838.8685489
u_2752,u_4743,transaction,5161.637875474567,1700457949.145478
u_3979,u_748,transaction,1149.119862035821,1700458211.5479152
u_1066,u_478,transaction,308.261884566226,1700458332.7175825
u_56,u_382,transaction,1489.6472414352572,1700458381.1558251
u_74,u_398,transaction,1541.0996545887988,1700458895.828089
u_1769,u_2608,transaction,2415.773626191588,1700459870.8597133
u_1482,u_487,transaction,2296.7419727799283,1700460084.6545491
u_1144,u_4271,transaction,3627.8209126325337,1700460598.1227887
u_183,u_385,transaction,1868.2802560780535,1700460598.4530644
u_41,u_567,transaction,467.4674469708822,1700460685.9300048
u_2569,u_1902,transaction,279.6289044637514,1700460787.944242
u_2521,u_423,transaction,1643.9413123955178,1700460799.8804083
u_0,u_4501,transaction,2093.7535402410053,1700461035.6929023
u_152,u_846,transaction,2306.6007989937075,1700461188.1098862
u_29,u_63,transaction,4249.366649076501,1700461321.4531872
u_4568,u_4750,transaction,2185.2375523280493,1700461389.134186
u_2520,u_59,transaction,1619.6972066784751,1700461486.2624903
u_4239,u_2085,transaction,1222.1311188925622,1700461687.216841
u_3825,u_3109,transaction,388.9571991286301,1700461723.6839414
u_347,u_1801,transaction,1329.0527707652186,1700462105.557152
u_73,u_4884,transaction,839.3706938783354,1700462194.5744781
u_1313,u_1225,transaction,185.9316194576927,1700462204.0028734
u_114,u_118,transaction,26984.760626634594,1700462605.363498
u_2275,u_955,transaction,952.2571088055483,1700463068.464042
u_4010,u_1262,transaction,613.1359069415143,1700463295.7560143
u_3071,u_4287,transaction,904.6779464823464,1700463541.6320765
u_631,u_1769,transaction,1507.9355936344496,1700463622.0616863
u_1875,u_3902,transaction,476.26503956518457,1700463806.9054644
u_2890,u_7,transaction,3535.0425578049303,1700464018.2340286
u_3225,u_1847,transaction,1791.3049917157773,1700464773.1241727
u_110,u_3777,transaction,4565.017139336414,1700465396.79293
u_2613,u_1369,transaction,2971.134731291159,1700466296.0616503
u_4881,u_1591,transaction,25144.188237740116,1700466351.7661011
u_11,u_1696,transaction,634.6529092796542,1700466361.528284
u_5,u_504,transaction,371.58470017319974,1700466373.9578059
u_1150,u_340,transaction,1222.7327939837432,1700466435.4232943
u_273,u_1351,transaction,2900.3812777336493,1700466561.460803
u_3098,u_467,transaction,313.4446861707701,1700467141.2515705
u_4689,u_706,transaction,4573.758665698701,1700467317.7264838
u_115,u_635,transaction,3952.604475630826,1700467953.8116848
u_672,u_3959,transaction,3443.7301200014067,1700468512.7976046
u_4,u_29,transaction,880.2058421077376,1700468603.8357847
u_25,u_1490,transaction,2083.8656092589663,1700468781.3848898
u_2273,u_3156,transaction,1732.2503432989583,1700468826.252387
u_770,u_4569,transaction,2596.4859982716885,1700468855.0794966
u_85,u_2403,transaction,6737.9317240140745,1700469102.0061011
u_321,u_37,transaction,1381.7572110014767,1700469114.149042
u_884,u_257,transaction,1150.9683503535982,1700469892.4703853
u_0,u_1,transaction,896.6902002438264,1700470119.8321633
u_4140,u_1870,transaction,2180.05873945681,1700470154.677587
u_122,u_1756,transaction,9274.893403518781,1700470446.5959516
u_3746,u_33,transaction,2389.4053642146055,1700470663.162652
u_2382,u_140,transaction,1334.9510887501872,1700470778.4675322
u_4423,u_1811,transaction,6823.01604888532,1700470865.6496482
u_1745,u_12,transaction,7802.930162822431,1700471532.846274
u_17,u_4386,transaction,1621.7155535038337,1700471735.467418
u_4461,u_1626,transaction,213.6203024014647,1700472228.3179975
u_610,u_4038,transaction,11457.455364141406,1700472232.219067
u_185,u_3398,transaction,1756.684313427733,1700472237.1588461
u_33,u_2637,transaction,991.6411620911421,1700472467.4606504
u_48,u_484,transaction,676.8925913342556,1700472620.897083
u_1343,u_1122,transaction,1214.930599643497,1700472634.1172574
u_736,u_2654,transaction,4531.982925769442,1700472848.3376207
u_136,u_26,transaction,1455.1567780730481,1700472909.795488
u_4049,u_4416,transaction,567.7239578036056,1700473559.1057045
u_799,u_191,transaction,1498.3811919935656,1700473724.3545203
u_2111,u_1090,transaction,1745.9576829584355,1700473819.9119866
u_2928,u_161,transaction,5080.626523488185,1700473954.3686638
u_3382,u_555,transaction,2886.9342997553517,1700474288.6341956
u_2712,u_4574,transaction,2226.803679380842,1700474565.747214
u_795,u_200,transaction,1610.583343664086,1700474918.4386935
u_566,u_46,transaction,500.40398105175626,1700475118.530792
u_3575,u_4081,transaction,275.37972255097145,1700475242.906592
u_3174,u_339,transaction,710.1002129685946,1700475340.0709016
u_4895,u_334,transaction,2365.573554183725,1700475387.2094715
u_286,u_91,transaction,1114.301328608436,1700475424.64606
u_32,u_1356,transaction,7433.630520306935,1700475741.3071365
u_709,u_3208,transaction,403.2365856407482,1700475943.5309274
u_3049,u_2652,transaction,12747.107926208044,1700476072.2330992
u_642,u_103,transaction,862.2195129749165,1700476585.589704
u_2157,u_1790,transaction,10954.749744676154,1700476856.4080122
u_3914,u_4286,transaction,2944.105447836945,1700476952.3348787
u_4066,u_177,transaction,3952.198904052818,1700477544.3600478
u_4,u_371,transaction,3916.0855063757604,1700478214.0745294
u_5025,u_5038,transaction,4896.944556578382,1700478677.9204671
u_3085,u_700,transaction,362.69188774433206,1700478806.3393915
u_3550,u_34,transaction,1667.5031424859721,1700479628.136343
u_71,u_4973,transaction,5817.23513000135,1700479694.8611224
u_1713,u_2337,transaction,1004.3980593088021,1700479716.2423725
u_92,u_1412,transaction,1331.93677778193,1700479799.8757398
u_4105,u_2005,transaction,1135.3423827315414,1700479871.927693
u_914,u_4778,transaction,5867.506075559764,1700479875.2857077
u_1258,u_1026,transaction,3344.1279366715303,1700480339.5499892
u_230,u_22,transaction,4414.26816518995,1700480821.8688838
u_1071,u_4849,transaction,3125.2351188678244,1700480916.6690717
u_414,u_213,transaction,1785.9424725368253,1700481262.5283818
u_16,u_1578,transaction,613.3547376029911,1700481435.0114272
u_256,u_283,transaction,1599.251628155719,1700481502.9159286
u_289,u_25,transaction,881.4389819578001,1700482132.8790584
u_1326,u_279,transaction,3210.144468562371,1700482210.2566543
u_4790,u_1582,transaction,546.3235341122723,1700482225.047678
u_552,u_4232,transaction,830.2237764206219,1700482605.410745
u_1818,u_1529,transaction,561.4481178983572,1700482770.8951304
u_323,u_3591,transaction,1077.4890946625217,1700482880.674658
u_1747,u_1549,transaction,4740.410985797845,1700483085.310315
u_2608,u_4791,transaction,940.9242247771954,1700483236.7999065
u_2190,u_1027,transaction,1297.9853735103015,1700483886.518135
u_1806,u_17,transaction,12138.488967053436,1700484120.6030157
u_4,u_78,transaction,170.2158886254515,1700484162.0496213
u_103,u_0,transaction,2524.6556762482974,1700484969.1008568
u_4384,u_517,transaction,863.480523450448,1700485332.750017
u_3995,u_3616,transaction,1092.1148517268612,1700485650.074226
u_4446,u_472,transaction,435.30280301199946,1700485748.221729
u_2687,u_1713,transaction,1667.25342295474,1700486009.7133312
u_226,u_51,transaction,465.64251073604487,1700486036.8852346
u_3541,u_1689,transaction,4763.652074947629,1700486188.25537
u_229,u_4589,transaction,708.6827702526288,1700486335.1083467
u_240,u_244,transaction,1553.5308180012264,1700486413.8791716
u_55,u_2296,transaction,1736.8736953622717,1700486538.9111476
u_325,u_3580,transaction,4145.308193491034,1700487109.9442718
u_2590,u_4995,transaction,328.7258943958592,1700487172.4053867
u_9,u_4661,transaction,1849.1214119606768,1700487484.66071
u_7,u_1602,transaction,1155.2114289254578,1700487552.7699091
u_6,u_315,transaction,3683.486046803267,1700487959.310884
u_2085,u_4147,transaction,4363.6270907696035,1700488072.3042629
u_1903,u_1294,transaction,836.4664143284846,1700488176.3364067
u_3353,u_764,transaction,845.8118053200907,1700488178.655168
u_813,u_1223,transaction,4555.210489194264,1700488563.2920525
u_847,u_994,transaction,1408.9927618853244,1700488669.629835
u_133,u_8,transaction,1187.935579813177,1700488881.341606
u_1277,u_19,transaction,842.0279541229174,1700488892.9375255
u_1361,u_2692,transaction,1241.0328743645791,1700489101.7150502
u_1191,u_579,transaction,1696.3848629132278,1700489374.9798176
u_3561,u_238,transaction,3608.0074909722966,1700489410.9495595
u_646,u_255,transaction,1254.8345654398386,1700489519.1152563
u_3835,u_4426,transaction,5026.958619500203,1700489742.3809607
u_1072,u_94,transaction,290.4972527155844,1700489811.0974183
u_3038,u_37,transaction,1606.8305341618802,1700489907.6933897
u_1500,u_134,transaction,13187.980317027816,1700490022.3816836
u_4710,u_4922,transaction,512.4053677472684,1700490122.3271163
u_840,u_1400,transaction,5809.313783420958,1700490435.1526306
u_2042,u_80,transaction,1597.6152376597709,1700491276.6230998
u_1036,u_1596,transaction,5022.259514085832,1700491483.6269372
u_2435,u_2803,transaction,964.2452731010027,1700491894.7644582
u_266,u_12,transaction,4278.837012639388,1700491987.7349398
u_75,u_994,transaction,3701.855057047749,1700492314.3367157
u_642,u_4,transaction,5426.140341089372,1700492633.3731759
u_1079,u_30,transaction,608.8602484772468,1700492855.509113
u_3423,u_650,transaction,439.78479416659576,1700492932.0124178
u_2774,u_4192,transaction,3094.5940174161574,1700492959.6216912
u_2588,u_156,transaction,1328.7125113864288,1700493261.239657
u_1653,u_47,transaction,2601.830802073688,1700493266.1148236
u_4007,u_4910,transaction,1752.4963060005734,1700493528.0061202
u_1576,u_19,transaction,2997.6659310077875,1700493862.2688704
u_2262,u_4655,transaction,513.7492832279402,1700494529.0818522
u_1645,u_615,transaction,5690.123085207303,1700494566.80356
u_332,u_1064,transaction,2245.4991611633027,1700494808.749019
u_6,u_2307,transaction,11021.804374765616,1700495140.5399003
u_3207,u_3726,transaction,729.5561517727352,1700495298.5129097
u_1250,u_2632,transaction,1993.8588780212312,1700495495.3918982
u_443,u_1243,transaction,1765.9566769520425,1700495572.969605
u_463,u_2343,transaction,238.45774549312407,1700495712.4324775
u_113,u_1958,transaction,820.5566104259667,1700496436.9450734
u_5101,u_5111,transaction,284.55322601430566,1700496738.951717
u_1092,u_5,transaction,4755.022207638987,1700496740.1976352
u_1000,u_1759,transaction,2762.4948524119595,1700496777.7330701
u_410,u_8,transaction,10090.78496048556,1700497278.7403166
u_2231,u_1089,transaction,14098.429540922158,1700497341.9516964
u_188,u_3047,transaction,1015.1293017909829,1700497889.430256
u_155,u_425,transaction,1680.9969368010943,1700498123.3528142
u_117,u_4792,transaction,576.3188167750757,1700498124.4559805
u_1317,u_2325,transaction,9937.845406600904,1700498551.7858756
u_2768,u_1577,transaction,5961.711873119177,1700498861.0185704
u_16,u_14,transaction,3240.6989246649573,1700498904.1904078
u_3794,u_3493,transaction,9215.255032960853,1700498982.1025789
u_3005,u_3760,transaction,19252.722764006645,1700499174.0792742
u_2684,u_16,transaction,553.7655971282427,1700499472.904555
u_1193,u_315,transaction,1249.728029023408,1700499509.8127592
u_4248,u_629,transaction,2050.597576890803,1700499876.7407486
u_2036,u_1691,transaction,9088.623910333567,1700500003.3088295
u_4,u_130,transaction,1739.7409999039266,1700500374.3669455
u_666,u_13,transaction,5628.625684100654,1700500589.6338577
u_1907,u_627,transaction,409.75561942486746,1700501490.3123186
u_768,u_2332,transaction,2032.7080872856857,1700501576.30256
u_1839,u_12,transaction,1796.289962296015,1700501802.2030425
u_2710,u_1129,transaction,1984.216185807677,1700502070.578662
u_2325,u_373,transaction,5946.005836807188,1700502081.597949
u_4000,u_370,transaction,3675.527052973716,1700502553.785422
u_4930,u_4543,transaction,5377.1026064047355,1700502753.8767743
u_1093,u_483,transaction,3164.6269107530466,1700503170.4225745
u_340,u_3677,transaction,565.0743693855494,1700503549.7743533
u_1117,u_325,transaction,1405.9396017656768,1700503882.7438388
u_38,u_2093,transaction,300.9347751656105,1700504100.0057187
u_242,u_839,transaction,890.9876213431642,1700504303.5998025
u_3136,u_362,transaction,532.0725062177816,1700504532.6562111
u_2413,u_1615,transaction,2435.4241055890125,1700504709.9169784
u_1854,u_4085,transaction,739.8185743048632,1700504808.0260637
u_408,u_1369,transaction,943.2613377627742,1700504975.5938401
u_2682,u_226,transaction,2150.254883091741,1700505333.1882493
u_4180,u_0,transaction,15135.093558217053,1700505361.64956
u_4535,u_4,transaction,1002.3551723337081,1700505520.459776
u_1644,u_377,transaction,14102.289533348074,1700505736.771933
u_919,u_1407,transaction,723.2884350053845,1700505820.381368
u_82,u_433,transaction,5438.850202826171,1700506223.3035111
u_2799,u_55,transaction,6330.489388875032,1700506295.8426585
u_1138,u_4905,transaction,485.01711723003376,1700506417.1957548
u_242,u_279,transaction,1890.0504437561826,1700507171.8157747
u_20,u_737,transaction,880.8528171193008,1700507232.642336
u_1519,u_4493,transaction,884.7625668871382,1700507236.5231757
u_288,u_27,transaction,615.389390092528,1700507403.5246506
u_2505,u_2016,transaction,2836.016296538392,1700507831.9848526
u_639,u_318,transaction,450.9955381284872,1700507994.19059
u_1047,u_960,transaction,9445.650379050781,1700508158.1557949
u_323,u_475,transaction,561.2032639831527,1700508805.8997228
u_200,u_156,transaction,846.4315205166622,1700508897.904388
u_4102,u_34,transaction,3234.992118557625,1700509066.690168
u_325,u_4581,transaction,2752.510075433837,1700509091.8321612
u_3803,u_1313,transaction,558.025909654075,1700509347.8101163
u_1280,u_575,transaction,2511.5215050989123,1700509443.3153865
u_208,u_3167,transaction,725.2681295664778,1700509479.0887918
u_3526,u_198,transaction,1298.5138092172451,1700509616.8187716
u_783,u_4072,transaction,1973.3221139209347,1700509712.1121192
u_4040,u_103,transaction,1282.8102156111488,1700510116.1763785
u_14,u_2012,transaction,4067.5602258785843,1700510172.443743
u_244,u_1009,transaction,4043.7727764177366,1700510226.3141317
u_504,u_242,transaction,2337.874461079351,1700510454.6074262
u_3303,u_1517,transaction,2507.0333494693396,1700510637.8492799
u_2988,u_4511,transaction,737.7702429217338,1700511159.7416954
u_4882,u_2774,transaction,2722.8612339241367,1700511237.309993
u_38,u_5,transaction,14595.123905971011,1700511525.5258443
u_5006,u_5013,transaction,3950.7669262504805,1700511727.500314
u_3196,u_382,transaction,366.5394045695062,1700512478.185614
u_1236,u_3982,transaction,1675.322532902886,1700512725.798809
u_27,u_3,transaction,12869.136322516846,1700512758.6050797
u_4282,u_1000,transaction,3566.335296642646,1700512788.5067856
u_4375,u_554,transaction,5210.465545250751,1700512958.6902192
u_4848,u_1205,transaction,1401.143834196013,1700513434.4427125
u_647,u_875,transaction,2679.289831131005,1700513731.425995
u_4078,u_830,transaction,391.5941296601559,1700513972.9576547
u_1557,u_117,transaction,1076.3834059824114,1700514511.672675
u_2111,u_2808,transaction,1250.6024000051304,1700515947.6575966
u_2833,u_2520,transaction,2499.976079740039,1700516072.0695071
u_927,u_217,transaction,926.6214196853864,1700516369.2420998
u_2207,u_1814,transaction,825.2439418342931,1700516400.421493
u_103,u_1228,transaction,597.8064338097229,1700516607.3115647
u_94,u_1996,transaction,6344.539370609232,1700516919.488649
u_2100,u_3918,transaction,8229.205964132738,1700517450.7243974
u_4398,u_154,transaction,1823.993587308573,1700517688.5444047
u_1173,u_3670,transaction,304.5519211841677,1700517823.7055664
u_4489,u_650,transaction,3357.279653249294,1700518274.4890912
u_4344,u_1705,transaction,9166.003899757881,1700518661.2681572
u_102,u_774,transaction,705.9900073625356,1700518827.2337942
u_2559,u_67,transaction,2890.7393817150255,1700519004.345969
u_309,u_637,transaction,702.2250518313393,1700519199.2350998
u_4233,u_404,transaction,1684.3973989450217,1700519208.5733593
u_487,u_1392,transaction,957.6114954363129,1700519382.277338
u_34,u_219,transaction,3307.8431673956047,1700519387.9949982
u_2331,u_3958,transaction,2611.0570296709,1700519535.9136217
u_1056,u_3900,transaction,4830.4310353855935,1700519638.7520669
u_1827,u_81,transaction,2957.186199233885,1700519973.2765257
u_1406,u_647,transaction,2070.258659472538,1700520062.1307724
u_4735,u_23,transaction,19327.55932811105,1700520557.752659
u_106,u_304,transaction,1319.0978628737405,1700520691.642081
u_4360,u_1000,transaction,1460.3139966753586,1700520981.4271698
u_1235,u_0,transaction,691.7471106272101,1700520991.902845
u_1713,u_441,transaction,11949.407082652207,1700521300.7611113
u_2878,u_2710,transaction,6042.71174672485,1700521827.0345774
u_152,u_209,transaction,2740.3108160282513,1700521843.7437267
u_92,u_46,transaction,5812.3597788033485,1700521927.6049807
u_2779,u_940,transaction,669.9037188933386,1700522753.7061107
u_325,u_34,transaction,5705.998827486913,1700523475.8189633
u_377,u_686,transaction,942.6010290544582,1700523616.4386914
u_1130,u_361,transaction,2798.7779927711763,1700523693.794016
u_3079,u_223,transaction,3746.2800633410534,1700523827.041635
u_2709,u_198,transaction,3102.6684226805232,1700523872.4176903
u_4460,u_37,transaction,219.8863639429287,1700523925.6018088
u_4706,u_246,transaction,3561.6171306793804,1700523950.2792416
u_3007,u_51,transaction,538.5218496083759,1700523992.641337
u_651,u_106,transaction,22146.813506148104,1700524451.6137726
u_3585,u_22,transaction,10006.886742418941,1700524730.143051
u_4697,u_786,transaction,1594.3367211169639,1700525136.875506
u_1677,u_617,transaction,1071.8484633750616,1700525163.6511388
u_1498,u_1611,transaction,2419.2255690296197,1700525268.233756
u_282,u_43,transaction,1702.6862982321422,1700525409.8567886
u_671,u_1864,transaction,546.8185002602526,1700525529.358325
u_4442,u_6,transaction,620.0551570745739,1700525712.4964495
u_2035,u_400,transaction,2021.9125678260066,1700525948.938175
u_80,u_1551,transaction,8087.68354529615,1700525964.006189
u_3914,u_73,transaction,2517.071255970425,1700526105.5270238
u_117,u_2071,transaction,1645.387058157641,1700526190.3450537
u_213,u_2825,transaction,2453.2055494467745,1700526225.3126583
u_1949,u_3670,transaction,224.57451356652362,1700527330.0583203
u_3,u_1250,transaction,951.7218867531191,1700527867.7340653
u_1089,u_3849,transaction,16262.97051602911,1700528019.1938791
u_1364,u_4,transaction,1312.4028078516465,1700528023.7643738
u_14,u_497,transaction,1669.1863103127291,1700528045.9312835
u_33,u_435,transaction,3443.998581039784,1700528277.3798523
u_349,u_3640,transaction,1387.7709436994164,1700528365.603443
u_601,u_4330,transaction,8015.344999351262,1700528534.3704193
u_3016,u_1456,transaction,3156.242820738197,1700528865.5863914
u_71,u_2409,transaction,1105.9451483067824,1700528912.1506588
u_373,u_4941,transaction,2156.9307805822355,1700529194.115711
u_3421,u_260,transaction,860.5135948460226,1700529256.8898678
u_4189,u_3524,transaction,100.0,1700529393.3435283
u_2631,u_1254,transaction,6265.806329368217,1700529526.6403453
u_131,u_4470,transaction,5947.024412959373,1700529594.2417407
u_97,u_172,transaction,1302.5840268023264,1700529671.687111
u_29,u_414,transaction,2265.9775248443966,1700529717.618327
u_837,u_115,transaction,4945.79405845182,1700530077.2075872
u_730,u_656,transaction,2794.8852212186466,1700530167.8150604
u_3217,u_1608,transaction,1234.6102166240842,1700530437.3488593
u_776,u_45,transaction,1934.953383418197,1700530554.524958
u_367,u_271,transaction,975.3016555488771,1700530796.0968292
u_4486,u_3195,transaction,8452.999499010773,1700530966.7899292
u_35,u_2079,transaction,1928.080098351135,1700531634.8076618
u_695,u_2422,transaction,165.49176490816293,1700531730.8159153
u_3070,u_892,transaction,479.8760645405031,1700531768.9019573
u_339,u_33,transaction,1068.6167393024973,1700532861.533727
u_2263,u_199,transaction,4438.7022387079505,1700532952.9218783
u_734,u_402,transaction,1397.8631097731488,1700533008.0779598
u_3215,u_3587,transaction,1852.3668091167135,1700533589.9528635
u_2581,u_192,transaction,442.1011507012534,1700533888.371794
u_4,u_1563,transaction,1386.3190758871579,1700534175.4970458
u_2590,u_1989,transaction,5108.218892993995,1700534476.0484548
u_647,u_4020,transaction,2033.6523240867455,1700534490.9358306
u_2035,u_3716,transaction,15402.272748927098,1700534610.8638928
u_2839,u_3748,transaction,1168.6612121151381,1700534720.3373122
u_3828,u_2669,transaction,547.1408345134063,1700534736.245197
u_2401,u_695,transaction,805.692144351867,1700534804.7189217
u_3630,u_42,transaction,5378.600402194708,1700535534.7279985
u_15,u_1163,transaction,891.6800964721352,1700535540.328188
u_221,u_3181,transaction,679.6834821533143,1700535825.0783696
u_3914,u_626,transaction,1216.545205584135,1700536586.597706
u_33,u_153,transaction,7872.809981998983,1700536674.1408224
u_1018,u_3435,transaction,6862.9025638801495,1700537215.3403018
u_329,u_2549,transaction,2460.329442078524,1700537780.915048
u_3041,u_982,transaction,1953.7004472435426,1700538031.7202125
u_4223,u_2067,transaction,673.7239604872126,1700538673.964787
u_1762,u_28,transaction,1813.5581443362246,1700539206.8133988
u_360,u_1080,transaction,5208.870544112932,1700539241.2563899
u_22,u_4033,transaction,1448.4055305700801,1700539461.9845345
u_1743,u_1396,transaction,1029.460611557993,1700540884.2409358
u_5,u_3381,transaction,998.0357802456359,1700541339.569424
u_218,u_1643,transaction,1212.0894140404507,1700541369.617253
u_688,u_3560,transaction,4428.41148839433,1700541491.0438387
u_4510,u_3567,transaction,3648.3501243827677,1700541644.559586
u_750,u_2658,transaction,804.8478997892269,1700542113.5005322
u_4719,u_1284,transaction,279.6279721021292,1700542431.0082774
u_366,u_286,transaction,1585.8703642701537,1700542705.5021422
u_238,u_1094,transaction,728.8715297946541,1700542866.916089
u_3310,u_1050,transaction,854.557689658774,1700543075.6516402
u_2036,u_0,transaction,1354.7082020467287,1700543304.403641
u_22,u_31,transaction,1529.7785819185785,1700543373.6517532
u_3848,u_175,transaction,2028.2766523616992,1700543516.5920465
u_1990,u_4074,transaction,5874.753129176208,1700543780.6430595
u_567,u_1752,transaction,2108.4853096233437,1700543811.8562427
u_1031,u_1758,transaction,1728.2715943604128,1700543925.2089152
u_4304,u_1646,transaction,219.23884662446187,1700544307.109127
u_3731,u_33,transaction,845.8372644082984,1700544580.0712726
u_254,u_1170,transaction,4556.318088110297,1700544726.051096
u_3123,u_1727,transaction,789.5814344328069,1700544815.3380144
u_3724,u_4388,transaction,4342.362924975162,1700544887.700861
u_2540,u_1867,transaction,393.209946967905,1700545167.7041395
u_607,u_55,transaction,1809.2774016809476,1700545340.222392
u_2831,u_4246,transaction,675.5086411308284,1700546271.6574087
u_3169,u_205,transaction,673.4926196406004,1700546336.5005243
u_2980,u_6,transaction,276.84209623611514,1700546381.2188866
u_1,u_43,transaction,826.1255071361084,1700547212.4182887
u_51,u_1601,transaction,1678.4980761402985,1700548604.3199089
u_4282,u_1273,transaction,1000.8503525246915,1700548669.3504603
u_2815,u_1137,transaction,740.4162177576305,1700548793.811959
u_115,u_851,transaction,5985.936182607746,1700549106.1767106
u_2656,u_476,transaction,2140.2002362220774,1700549222.4160638
u_721,u_4394,transaction,380.14935724266826,1700549454.3012772
u_785,u_2888,transaction,4888.09646509511,1700549754.6496015
u_4966,u_2732,transaction,1688.974087601727,1700549771.6094532
u_1342,u_42,transaction,3862.1592430884953,1700549969.2587707
u_4791,u_3826,transaction,223.56386018691586,1700550021.71283
u_862,u_784,transaction,817.7365920339893,1700550064.8920808
u_0,u_680,transaction,669.573739635121,1700550195.18624
u_401,u_320,transaction,3254.701639201493,1700550197.034632
u_347,u_192,transaction,4271.11752251001,1700550290.6059096
u_2508,u_1383,transaction,1622.0923313442386,1700550674.4764774
u_22,u_3161,transaction,5190.68332055851,1700550815.2568264
u_331,u_1551,transaction,645.8895357164471,1700550829.6612878
u_1967,u_1196,transaction,797.5713789648415,1700551124.3267052
u_2867,u_4978,transaction,2762.9849046533163,1700551263.972062
u_1535,u_1672,transaction,3249.2055535893205,1700552678.5855517
u_753,u_438,transaction,736.2222315614523,1700552977.4886434
u_2642,u_98,transaction,2734.260399346864,1700554230.264362
u_1340,u_2216,transaction,3854.636795373999,1700554960.9276915
u_908,u_310,transaction,2940.4267220364136,1700555050.4883256
u_1,u_2545,transaction,228.73357537996307,1700555143.8944213
u_28,u_2085,transaction,3452.674832028726,1700555332.8421803
u_797,u_1675,transaction,4706.511793596874,1700555744.6867936
u_1447,u_4537,transaction,356.60098586831975,1700556279.120644
u_2973,u_1291,transaction,706.6508933473942,1700556469.5885618
u_2603,u_4124,transaction,8122.205845356405,1700556687.0549836
u_1128,u_1958,transaction,5669.31067079351,1700556747.5000587
u_155,u_1250,transaction,6265.582834978056,1700556917.5448492
u_3459,u_1275,transaction,4648.896798667678,1700557107.55792
u_3168,u_5,transaction,612.7654369293627,1700557576.1550527
u_2374,u_2736,transaction,881.9600724455248,1700557696.0103774
u_1454,u_36,transaction,1767.165161047271,1700557926.1029062
u_3821,u_1848,transaction,3697.7991479279985,1700558210.687562
u_2748,u_2216,transaction,1458.095191933779,1700558274.2233229
u_660,u_3694,transaction,481.80624083227156,1700558442.777978
u_562,u_1300,transaction,5204.965253249231,1700558489.8158078
u_70,u_4272,transaction,316.41431224101086,1700558589.598564
u_567,u_3389,transaction,1210.5024416744238,1700558658.9380054
u_252,u_2285,transaction,3861.95414596727,1700558810.7363644
u_256,u_1103,transaction,570.5881076872066,1700558852.4499562
u_1259,u_369,transaction,1867.1810022787392,1700558994.7547393
u_6,u_139,transaction,2614.9923153791583,1700559652.5185654
u_3991,u_373,transaction,4017.846485327667,1700559713.1185486
u_590,u_4781,transaction,8956.168993270387,1700559813.0211332
u_4452,u_2182,transaction,1418.4234001260595,1700560060.2929673
u_74,u_830,transaction,2101.642579693383,1700560295.0482996
u_3123,u_3730,transaction,4419.128083293931,1700560354.8873465
u_84,u_4092,transaction,4599.994680553004,1700560553.6778045
u_3999,u_1210,transaction,1062.9312548776313,1700560788.0121112
u_1202,u_2216,transaction,1913.1581715140485,1700560920.2846496
u_5004,u_5013,transaction,4091.6926679079666,1700561012.4239545
u_4769,u_475,transaction,5526.421794151678,1700561114.4002192
u_7,u_2058,transaction,1848.0546442518857,1700561137.9650526
u_4224,u_285,transaction,2480.352477745029,1700561582.8046567
u_548,u_4789,transaction,681.0256368546851,1700563071.581397
u_490,u_3229,transaction,1004.5169223765655,1700563240.332315
u_145,u_33,transaction,2127.69947875663,1700563334.7402735
u_209,u_4319,transaction,4213.792992047286,1700563510.2221375
u_4252,u_1497,transaction,3278.1334387271004,1700563683.8241496
u_1198,u_184,transaction,647.7369681438815,1700564351.7604566
u_392,u_3534,transaction,1173.0500119363664,1700564725.911255
u_2708,u_303,transaction,2268.851103142743,1700565097.2348633
u_670,u_206,transaction,581.824958087026,1700565591.3819993
u_304,u_517,transaction,1182.2428721775693,1700565640.6760192
u_134,u_6,transaction,1365.5668868588016,1700565831.768574
u_2651,u_1105,transaction,3624.2493665510756,1700565997.3133273
u_611,u_3823,transaction,922.8940175251468,1700566036.4613106
u_3230,u_1274,transaction,1342.2910811837892,1700566116.8844192
u_1384,u_2780,transaction,8028.284412461833,1700566383.249048
u_1743,u_141,transaction,2501.839634653829,1700567635.4784217
u_4190,u_4050,transaction,972.8480191128035,1700567734.3443143
u_4,u_935,transaction,1569.4340610088138,1700568624.0187404
u_1195,u_1398,transaction,2284.4146526878235,1700568659.7880485
u_3880,u_183,transaction,13847.687569459444,1700570077.6424887
u_2945,u_1262,transaction,198.11837210855214,1700570248.4015965
u_281,u_4710,transaction,2722.0510095727413,1700570376.2243216
u_4295,u_10,transaction,688.2948912717035,1700570773.676134
u_4070,u_47,transaction,5784.868855985016,1700570961.9269562
u_3303,u_3945,transaction,962.9019300439135,1700571132.3793685
u_429,u_324,transaction,1380.3951320042133,1700571376.8054068
u_123,u_450,transaction,3007.0807096890326,1700571460.5303416
u_817,u_363,transaction,196.65089184341568,1700571817.8425457
u_3708,u_3707,transaction,3523.6235172670517,1700571820.6645973
u_1044,u_203,transaction,963.0597423651204,1700571871.8672645
u_70,u_3904,transaction,1593.170130549876,1700572044.4880464
u_3471,u_981,transaction,1617.5713734825645,1700572915.8900394
u_1015,u_1829,transaction,2833.360441308097,1700573862.4766867
u_78,u_409,transaction,8105.309412912821,1700574380.9905639
u_3289,u_3898,transaction,2195.9813317689704,1700574617.2369146
u_4,u_1807,transaction,1104.426776496797,1700575074.357281
u_4207,u_3880,transaction,872.8186458906124,1700575721.180343
u_29,u_70,transaction,3515.465269360663,1700576026.8361945
u_2647,u_2691,transaction,730.5404976771864,1700576304.2635903
u_2236,u_1268,transaction,18099.4847881336,1700576719.2014327
u_186,u_1328,transaction,4253.747588998992,1700576775.210498
u_1402,u_7,transaction,8725.340423155283,1700576856.7410583
u_1254,u_680,transaction,450.5312910993668,1700576936.2577353
u_3816,u_4657,transaction,620.6364639467301,1700577307.9557443
u_1480,u_1643,transaction,1497.8672788105457,1700577387.446682
u_573,u_2146,transaction,11085.66042478734,1700577427.152186
u_2172,u_1402,transaction,952.3053601073956,1700577492.980328
u_241,u_1688,transaction,3826.732666841596,1700577666.237317
u_25,u_121,transaction,6143.089479168251,1700577766.4634802
u_2582,u_1669,transaction,3013.302970565543,1700577863.0868297
u_5,u_7,transaction,34513.10635786583,1700578163.8247852
u_1981,u_4759,transaction,940.414616465535,1700578531.3365514
u_344,u_1179,transaction,2008.771507516057,1700578555.9091573
u_2804,u_4529,transaction,2834.0835832090206,1700578614.9563932
u_22,u_816,transaction,1951.998640390744,1700578728.4178483
u_1023,u_3863,transaction,3085.178818868247,1700578822.6070583
u_370,u_191,transaction,6191.1399778358145,1700578927.3546793
u_177,u_15,transaction,3097.3310841356843,1700579298.1672382
u_4633,u_103,transaction,770.0877889241124,1700579545.2501075
u_2770,u_113,transaction,1093.3757737912063,1700579553.1929622
u_692,u_4324,transaction,6448.192222953166,1700579884.800111
u_989,u_6,transaction,1773.4493167801727,1700579903.951626
u_64,u_771,transaction,5875.301693614154,1700579929.6742704
u_98,u_2533,transaction,781.1680758663122,1700580060.5444767
u_4228,u_1311,transaction,3618.10653929846,1700580595.9303117
u_4,u_548,transaction,5324.361438395122,1700580846.2897305
u_4791,u_160,transaction,2285.2134957139856,1700581308.9817576
u_30,u_3976,transaction,1066.036616248427,1700581408.758565
u_43,u_583,transaction,40656.345393860385,1700581583.5944283
u_1830,u_4368,transaction,445.99979628832,1700582177.5546012
u_362,u_521,transaction,426.15142275506145,1700582554.0851777
u_3756,u_735,transaction,2280.601503871626,1700582958.5638142
u_4075,u_4159,transaction,1168.9305599793945,1700582991.0355165
u_1325,u_104,transaction,3556.41209246691,1700583710.1303499
u_3322,u_3449,transaction,1062.6759091426388,1700583983.0366917
u_673,u_3194,transaction,847.0145994077417,1700584979.7236054
u_2308,u_1710,transaction,19699.962139480263,1700585319.1044898
u_380,u_1571,transaction,1560.5517464193101,1700585690.2929223
u_2553,u_3563,transaction,1270.0781426295216,1700585731.909331
u_3433,u_61,transaction,1301.9582296647632,1700586153.6283035
u_525,u_139,transaction,2017.0569944696567,1700586364.292805
u_4291,u_2700,transaction,2305.3890398950657,1700586632.574854
u_984,u_1727,transaction,10898.286161086124,1700586740.6902046
u_4683,u_890,transaction,1169.2274738014435,1700586881.8645294
u_237,u_562,transaction,1560.6543933250373,1700587017.0580485
u_1,u_47,transaction,484.3792043669956,1700587131.5495174
u_1587,u_4987,transaction,4482.617031300068,1700587368.6602983
u_987,u_1213,transaction,3419.756685800806,1700588267.8656473
u_158,u_1123,transaction,2116.1349515575844,1700588336.3411455
u_1993,u_685,transaction,5823.11134026382,1700588376.2811477
u_73,u_1747,transaction,227.6125447591011,1700588507.1614017
u_3707,u_3559,transaction,2032.1104736457328,1700588979.9479272
u_838,u_71,transaction,1369.8909007193713,1700589106.53275
u_1351,u_3883,transaction,767.272826091388,1700589365.0923824
u_3827,u_158,transaction,2140.1931642491304,1700589382.6484144
u_4828,u_3914,transaction,257.9220805306259,1700589489.956547
u_196,u_48,transaction,1663.3052733565514,1700589634.4850132
u_1546,u_651,transaction,960.1789997130859,1700590098.2788427
u_982,u_3374,transaction,1386.8114352101575,1700590552.8950222
u_4064,u_312,transaction,687.6624615251011,1700590592.5266898
u_125,u_1642,transaction,340.84094316102437,1700590638.887548
u_375,u_1397,transaction,1429.9280825162407,1700590717.7029228
u_268,u_2394,transaction,3397.5561901185515,1700590906.148895
u_192,u_1013,transaction,1025.8685431580138,1700591262.247736
u_1063,u_2566,transaction,1282.8093089074841,1700591357.6393948
u_1780,u_626,transaction,1983.02114507995,1700591733.2188997
u_861,u_1,transaction,1269.9538809261003,1700593049.349467
u_3510,u_25,transaction,589.475023017018,1700593183.6421494
u_106,u_986,transaction,2547.6493190177357,1700593532.5471253
u_4365,u_4000,transaction,1430.5962941819655,1700593879.0263894
u_3161,u_2895,transaction,2346.485054225707,1700594181.6764863
u_0,u_909,transaction,1114.126589078046,1700594236.8675687
u_2796,u_4510,transaction,194.32499334616793,1700595689.640157
u_522,u_925,transaction,520.8476079939608,1700595719.236283
u_4188,u_1917,transaction,20863.405695138743,1700595992.9104664
u_42,u_2411,transaction,1843.568280531148,1700596124.823056
u_3261,u_3023,transaction,10560.900260320157,1700596358.0983062
u_846,u_398,transaction,1734.8266870320085,1700596466.4497075
u_3824,u_1448,transaction,1142.4263876835073,1700596764.8969438
u_53,u_4941,transaction,6752.023627532125,1700596919.250292
u_813,u_2067,transaction,6130.512897683841,1700597077.0656996
u_2231,u_293,transaction,3151.4075270506887,1700597108.1768277
u_240,u_349,transaction,3228.0488846331714,1700597355.3116925
u_144,u_208,transaction,3008.7961381651958,1700597624.4435344
u_1250,u_3262,transaction,189.465825692392,1700598032.7180932
u_71,u_2185,transaction,2865.263651418772,1700598067.2176235
u_2785,u_475,transaction,961.7541568145242,1700598914.3170435
u_519,u_238,transaction,3424.0949197855534,1700599039.5998352
u_3409,u_332,transaction,3465.69208909614,1700599067.1955276
u_640,u_624,transaction,848.9463399988371,1700599446.0416477
u_2205,u_423,transaction,499.6961898686594,1700599501.6394186
u_864,u_3812,transaction,2845.5416428065823,1700599875.107569
u_2315,u_2160,transaction,139.44445378373985,1700599888.4821718
u_3256,u_1411,transaction,2258.1244442731336,1700599956.1529276
u_383,u_805,transaction,2833.969097372755,1700600072.7644947
u_4168,u_47,transaction,1738.8521326272987,1700600156.2329955
u_50,u_2579,transaction,1441.6176182535846,1700600305.203253
u_1210,u_319,transaction,6601.060420075668,1700600416.1794748
u_951,u_3064,transaction,2125.364352593137,1700600421.4212313
u_316,u_682,transaction,2467.368718403978,1700600428.489362
u_620,u_3361,transaction,2912.162003387554,1700600470.640421
u_297,u_1232,transaction,11315.135644543534,1700600643.3017411
u_4607,u_4040,transaction,2091.0617230011358,1700601051.7819252
u_16,u_1706,transaction,247.16440689865084,1700601083.044462
u_4856,u_191,transaction,7166.559246712966,1700601241.3767724
u_1668,u_1104,transaction,1382.092932069622,1700601427.3556316
u_983,u_161,transaction,700.119689013322,1700601682.7958615
u_1695,u_175,transaction,628.6049062492324,1700601776.5786288
u_1636,u_1314,transaction,7045.667238854341,1700601784.9859414
u_1080,u_5,transaction,1197.6577266359063,1700601847.8179035
u_3786,u_989,transaction,6940.628563106956,1700601882.4470313
u_2398,u_113,transaction,1028.566505135206,1700601989.740976
u_4253,u_152,transaction,709.2221245549506,1700602126.5705981
u_3774,u_989,transaction,2354.9346854402506,1700602185.4535198
u_9,u_3288,transaction,2831.7091960046278,1700602663.5707643
u_3956,u_2155,transaction,13933.844839554868,1700603218.4737153
u_8,u_2389,transaction,3043.4776986063816,1700603509.5636504
u_93,u_202,transaction,259.3403626872062,1700603624.421086
u_306,u_4740,transaction,1810.972062776046,1700603915.4390695
u_3979,u_120,transaction,1157.7163572142833,1700604075.9833157
u_162,u_521,transaction,20027.018027283095,1700604218.8759365
u_1200,u_3940,transaction,992.0595372184433,1700604385.8906846
u_906,u_1594,transaction,1844.7907392491222,1700604522.6936772
u_202,u_1942,transaction,1655.2675752792384,1700605066.8957818
u_567,u_3749,transaction,3424.3848881971344,1700605113.51816
u_1129,u_25,transaction,4160.26441186672,1700605438.1386569
u_264,u_1426,transaction,1707.7614675061234,1700605588.9850063
u_1045,u_694,transaction,1340.5271720717135,1700606278.2275794
u_773,u_4,transaction,1805.112657662271,1700606715.162883
u_3839,u_1940,transaction,1175.7842844530016,1700607055.382473
u_1115,u_115,transaction,4087.7684408521714,1700607288.913695
u_2797,u_2618,transaction,942.3011143937314,1700607539.0051231
u_2350,u_1384,transaction,1604.2974973205419,1700608097.862581
u_2921,u_4590,transaction,3031.5377130424267,1700608278.2282195
u_3512,u_1104,transaction,3700.9324505353493,1700608322.4986904
u_30,u_2504,transaction,601.7522206813106,1700608413.6317587
u_48,u_4435,transaction,1304.7494324796933,1700608436.6753154
u_1042,u_1150,transaction,1287.515721495993,1700608751.1981251
u_2608,u_1729,transaction,315.0648003401688,1700608859.72005
u_214,u_128,transaction,1219.8340989706248,1700608974.6913812
u_1746,u_4004,transaction,1571.403447196297,1700609053.7880456
u_1874,u_2333,transaction,5638.168413469305,1700609453.3637714
u_3700,u_2153,transaction,3360.0510488976483,1700609485.9029794
u_4325,u_4115,transaction,1191.9843214401292,1700609645.555704
u_555,u_1790,transaction,339.7597420090557,1700609855.723801
u_2321,u_955,transaction,2401.265150923734,1700610513.7177446
u_181,u_106,transaction,4704.59515250693,1700610593.6374755
u_1798,u_73,transaction,809.8824924122645,1700610804.4339488
u_4298,u_190,transaction,885.7328045239842,1700610935.0981379
u_4946,u_2444,transaction,507.72446631468944,1700611566.3162456
u_230,u_1113,transaction,1212.177085025732,1700611648.3154626
u_402,u_2824,transaction,292.72679161807173,1700611730.9559042
u_4167,u_1124,transaction,294.4520497112779,1700611882.329853
u_3356,u_1592,transaction,5042.373152688446,1700612098.6771758
u_245,u_1419,transaction,2279.544547283413,1700612119.3882768
u_2985,u_1293,transaction,7382.995620646268,1700612235.266399
u_255,u_1384,transaction,2192.0597781092615,1700612289.0743697
u_106,u_2082,transaction,3623.3897015445054,1700612333.6155796
u_107,u_6,transaction,4759.007747098245,1700612380.3173354
u_2017,u_4316,transaction,1721.5333567671623,1700612517.327368
u_545,u_2920,transaction,602.4976381485943,1700612522.2887433
u_0,u_54,transaction,232.8711936635982,1700612824.7532957
u_3756,u_3956,transaction,1144.7067199688233,1700613629.5849116
u_4685,u_85,transaction,9603.883063017713,1700613809.5813558
u_668,u_3407,transaction,1078.3130593036817,1700614007.9555802
u_4649,u_3855,transaction,1447.0456862617052,1700614028.607896
u_3688,u_1689,transaction,6466.822977366623,1700614306.3930113
u_6,u_1985,transaction,1728.0444942774654,1700614310.075036
u_16,u_135,transaction,4116.599678531022,1700614325.518578
u_1455,u_4329,transaction,13392.196527910924,1700614566.932359
u_2601,u_2894,transaction,7659.979634680915,1700614972.456962
u_1002,u_3220,transaction,1937.9186254903216,1700615889.2046168
u_70,u_2359,transaction,8076.471878420357,1700616168.5660164
u_1790,u_45,transaction,1030.4104229700863,1700616208.098922
u_3824,u_1166,transaction,334.11819643974025,1700616260.3076577
u_117,u_1964,transaction,3095.6964695998104,1700617151.053058
u_177,u_1828,transaction,322.17090560462606,1700617476.1937163
u_31,u_84,transaction,1081.2912368349544,1700617620.7252374
u_64,u_4545,transaction,2980.0194618579335,1700618248.6633759
u_3541,u_680,transaction,828.9777575047643,1700618311.0848198
u_2434,u_29,transaction,3438.266709498006,1700618465.5311663
u_2313,u_582,transaction,1466.7115400450505,1700618532.0099072
u_4794,u_460,transaction,12761.108596780205,1700618629.4370039
u_392,u_2603,transaction,4344.23900575898,1700619317.7935462
u_2477,u_4013,transaction,455.1744590682778,1700619424.4770856
u_3170,u_3140,transaction,2225.202833125303,1700619838.7346005
u_1078,u_862,transaction,2171.86604534568,1700619881.7829773
u_1719,u_2271,transaction,8528.356726169612,1700619948.7189045
u_628,u_2887,transaction,216.87037988817582,1700620351.9038734
u_152,u_2992,transaction,4656.081927040774,1700621103.9227192
u_193,u_783,transaction,2005.2783418065062,1700621618.3989127
u_2050,u_1706,transaction,364.7076309564512,1700621700.139769
u_2374,u_41,transaction,1719.5112680681843,1700621806.061382
u_1063,u_1535,transaction,3021.8196566473734,1700621828.525753
u_227,u_863,transaction,204.79966712653422,1700621980.0365176
u_1648,u_1044,transaction,1473.8661677679079,1700622758.6386418
u_3950,u_395,transaction,3583.743518476374,1700623675.294142
u_852,u_1473,transaction,5938.586738610842,1700623773.9837832
u_426,u_3503,transaction,6830.495722775634,1700623992.4064543
u_3940,u_1460,transaction,2614.25161779989,1700624076.3682973
u_3,u_665,transaction,976.3845763530708,1700624415.9142425
u_1696,u_3955,transaction,3518.9722518543917,1700624780.16742
u_508,u_754,transaction,446.49688605927065,1700626025.253968
u_375,u_685,transaction,2845.6144581881013,1700626061.0450702
u_1370,u_525,transaction,10414.204201841576,1700626723.4162369
u_510,u_2358,transaction,436.0537425547792,1700627045.836654
u_1242,u_2057,transaction,2305.1061654883597,1700627057.557879
u_56,u_917,transaction,4733.145018314025,1700627181.325752
u_255,u_2019,transaction,1698.2616069014134,1700628026.741618
u_2377,u_776,transaction,1846.914294792035,1700628186.3623366
u_1879,u_1571,transaction,564.5050714932978,1700628282.8231947
u_459,u_2803,transaction,1462.5113358427675,1700628929.5316305
u_4305,u_2442,transaction,684.2636287110504,1700629167.571752
u_571,u_2997,transaction,1405.921304790433,1700629260.360709
u_39,u_3372,transaction,699.9767864164583,1700629521.7490542
u_5102,u_5111,transaction,296.7727992938136,1700629948.826835
u_1170,u_76,transaction,6491.707988779478,1700630250.0843997
u_3447,u_443,transaction,145.35121606457997,1700630256.1089714
u_4491,u_325,transaction,958.8303462608754,1700630471.025316
u_77,u_2148,transaction,582.8039542898182,1700630709.7803426
u_306,u_77,transaction,3673.88056686387,1700631033.3657513
u_1185,u_127,transaction,2657.6901297809954,1700631196.686014
u_148,u_2110,transaction,4441.152351327244,1700631452.8141046
u_1054,u_3197,transaction,5523.026538997429,1700631583.9975333
u_353,u_255,transaction,466.96080522404606,1700632030.4395332
u_121,u_1131,transaction,1231.0375426535218,1700633078.8071537
u_296,u_476,transaction,1969.4573553284924,1700633256.027038
u_2117,u_30,transaction,2456.396857058099,1700633291.820395
u_4939,u_3841,transaction,1768.1688044711589,1700633881.2306
u_2989,u_80,transaction,646.9861314274622,1700634299.1562665
u_1103,u_580,transaction,962.8110375531099,1700634536.1214437
u_96,u_3186,transaction,2445.1784397065157,1700634632.7655742
u_4117,u_2561,transaction,1274.9767267312398,1700634712.8163223
u_2045,u_249,transaction,456.9112224525839,1700635481.9289525
u_3199,u_450,transaction,1604.199850325588,1700636007.0030951
u_4475,u_3393,transaction,4356.468543857462,1700636362.5173955
u_2354,u_4836,transaction,1031.1626733437606,1700636515.0592523
u_12,u_4762,transaction,727.5448583244108,1700636568.202154
u_1083,u_4258,transaction,1098.1322973615706,1700636944.7140086
u_45,u_659,transaction,1246.1240137997179,1700637092.8452466
u_3279,u_3330,transaction,525.2446762213663,1700637268.2555227
u_1630,u_3253,transaction,632.6676281151459,1700637528.4507568
u_8,u_1341,transaction,516.1998453174538,1700638371.8611805
u_2927,u_4143,transaction,3072.875935870776,1700638558.5358307
u_968,u_2911,transaction,1772.605284438672,1700638848.2588832
u_58,u_1000,transaction,560.2290134288664,1700638886.5784197
u_163,u_644,transaction,7143.187506614434,1700639709.2426043
u_1710,u_4419,transaction,1395.4299493369192,1700639829.4803886
u_81,u_488,transaction,3219.792280127732,1700640029.1023202
u_303,u_4,transaction,3627.586616019561,1700640331.632744
u_4125,u_2485,transaction,5273.054948634553,1700640838.3992982
u_178,u_22,transaction,718.9638617014472,1700640962.945973
u_195,u_8,transaction,904.8323434975193,1700641109.5543516
u_1034,u_275,transaction,2958.5402414693885,1700641127.8918064
u_4481,u_1478,transaction,1416.357005082148,1700641371.8193104
u_166,u_71,transaction,750.2123685000479,1700641510.722824
u_435,u_21,transaction,1697.8298115860412,1700641799.592955
u_45,u_6,transaction,706.8075761396528,1700642079.9555755
u_764,u_778,transaction,3420.7182144404655,1700642221.1478717
u_4397,u_2583,transaction,716.6412551827457,1700642970.5577745
u_862,u_735,transaction,5895.178206111394,1700643951.8461523
u_14,u_223,transaction,6414.589394806901,1700644137.3905668
u_3248,u_79,transaction,1913.600228752728,1700644142.2580953
u_4404,u_1918,transaction,2250.0737358299884,1700644313.7087734
u_2789,u_810,transaction,1261.3788553460113,1700644500.5589187
u_761,u_902,transaction,3379.843189206655,1700644581.749313
u_4532,u_3078,transaction,28806.997507605967,1700645022.8532455
u_3557,u_55,transaction,247.75270350957788,1700645262.3236217
u_3797,u_2745,transaction,6572.46650871874,1700645320.0745642
u_298,u_116,transaction,3941.6275624264313,1700645442.7289817
u_2953,u_1642,transaction,2297.104051509539,1700645590.3384132
u_770,u_4161,transaction,2605.537434987857,1700645956.107507
u_3532,u_158,transaction,9774.654659096468,1700646092.4475455
u_2384,u_491,transaction,3263.064492716854,1700646259.47609
u_2043,u_4106,transaction,460.88181185882223,1700646490.879586
u_1354,u_117,transaction,1455.3227110888947,1700646788.8325775
u_200,u_605,transaction,3130.2990913704352,1700646811.1023066
u_399,u_812,transaction,1980.4781932186565,1700646899.2046378
u_3336,u_2318,transaction,15457.118569929678,1700647247.8372436
u_4433,u_484,transaction,979.0643164686275,1700647484.2257478
u_1054,u_3972,transaction,5187.389023152437,1700647493.8474305
u_4800,u_118,transaction,1342.3859156977892,1700647638.5315487
u_1252,u_2717,transaction,2087.2192079275906,1700648116.6551137
u_877,u_1237,transaction,2902.7313446817784,1700648383.7009678
u_934,u_1170,transaction,335.7166270956204,1700648523.8902028
u_603,u_7,transaction,3755.5898163329393,1700648687.5721242
u_3884,u_51,transaction,8086.9891408532885,1700648705.2505753
u_3841,u_2932,transaction,3278.5516227928433,1700648739.5186994
u_19,u_3,transaction,1980.916169643037,1700649172.506445
u_573,u_3419,transaction,1198.1972240544017,1700649284.1596034
u_4664,u_726,transaction,1519.4841476384472,1700649299.7618237
u_4191,u_97,transaction,2322.7168843815707,1700649392.980474
u_106,u_2926,transaction,10400.162845072655,1700649503.7717652
u_60,u_197,transaction,6423.070229017498,1700650168.4763565
u_66,u_1149,transaction,635.1612571604745,1700650614.0944588
u_770,u_56,transaction,378.7245619135014,1700650774.1985195
u_74,u_4753,transaction,1745.6871392741448,1700651482.6958175
u_371,u_2733,transaction,2511.818847913239,1700652126.3264759
u_810,u_6,transaction,8401.426340482072,1700653281.7446282
u_757,u_2688,transaction,867.6931461337874,1700653649.2448695
u_2164,u_1454,transaction,1749.7824235429698,1700654273.3492134
u_3403,u_279,transaction,1871.0813676790372,1700654993.540285
u_4861,u_3322,transaction,10800.486025164955,1700655041.704438
u_1569,u_443,transaction,1422.888360030175,1700655047.8033156
u_2061,u_592,transaction,3514.6764278196088,1700655927.784975
u_3888,u_4,transaction,1820.3787167676546,1700655948.6621969
u_7,u_41,transaction,759.8457218566415,1700656009.2964244
u_604,u_195,transaction,1121.4105070573355,1700656223.3616505
u_2989,u_53,transaction,1882.9438169136772,1700656593.288584
u_339,u_805,transaction,2618.4564117887553,1700656654.2660966
u_821,u_647,transaction,879.2153759715068,1700657212.7318637
u_1330,u_734,transaction,4552.849665666383,1700658122.9804363
u_4083,u_3327,transaction,11714.740729079338,1700658552.9818804
u_432,u_1768,transaction,1867.5954248400924,1700659013.5053132
u_1550,u_1724,transaction,1892.19247674206,1700659058.0271401
u_1403,u_108,transaction,1092.5587083767434,1700659058.143012
u_7,u_110,transaction,4532.7154817980945,1700659195.8984578
u_3821,u_88,transaction,283.768075345626,1700659252.8038862
u_1159,u_5,transaction,807.9283004278484,1700659527.7147887
u_3431,u_67,transaction,6171.325924740027,1700659965.7881703
u_814,u_217,transaction,958.8410189382136,1700660054.799474
u_192,u_3887,transaction,949.9887739998821,1700660112.7954998
u_4559,u_730,transaction,344.9421743219907,1700660124.895711
u_870,u_2079,transaction,1992.5206751278577,1700660222.3746202
u_927,u_4616,transaction,7726.934834907431,1700660406.8186483
u_4473,u_2202,transaction,505.61114258136587,1700660445.958642
u_2117,u_920,transaction,10540.493604416935,1700660447.4019582
u_3166,u_314,transaction,2929.1642289928445,1700660586.4513648
u_1548,u_3355,transaction,224.95200323686072,1700660771.6614144
u_590,u_29,transaction,573.8158982885925,1700660808.4266152
u_1,u_1765,transaction,7343.703753760214,1700660854.0214374
u_2914,u_3604,transaction,2326.673523703081,1700661014.4344578
u_1638,u_4035,transaction,9125.131959496994,1700661341.4886909
u_855,u_570,transaction,365.258469213813,1700661489.111496
u_2063,u_4,transaction,687.7408593199216,1700661807.5176303
u_2284,u_1583,transaction,803.6035606461572,1700661993.8284743
u_242,u_55,transaction,4376.678561291271,1700662129.579467
u_29,u_1677,transaction,2077.366017415005,1700662375.566026
u_702,u_4462,transaction,5747.852878347162,1700662719.123164
u_42,u_477,transaction,1540.1574323096484,1700663351.8889482
u_456,u_938,transaction,738.7282729455397,1700663866.8611877
u_0,u_3625,transaction,1275.0520696267365,1700664613.876691
u_78,u_1129,transaction,2301.5128232100287,1700664680.4190516
u_7,u_179,transaction,708.5387601973478,1700665017.2653809
u_321,u_1325,transaction,3193.8522822265213,1700665080.139178
u_4352,u_3155,transaction,5049.5803856824905,1700665344.035171
u_101,u_1356,transaction,1632.7243571789857,1700665793.7036426
u_100,u_399,transaction,4134.474148720785,1700665959.1864774
u_304,u_1386,transaction,7884.630804193663,1700666245.5958655
u_3443,u_694,transaction,15260.657259573829,1700666324.466291
u_428,u_256,transaction,3731.2219531977,1700666364.1015754
u_2038,u_4942,transaction,3536.942049249112,1700666413.9299889
u_4925,u_4,transaction,1404.2192662064479,1700666978.73924
u_1897,u_2509,transaction,31736.16061286849,1700667041.5325036
u_2286,u_567,transaction,2179.8039264106897,1700667124.4497035
u_2126,u_2348,transaction,4282.933591603565,1700667136.4177346
u_152,u_341,transaction,1762.4249090924168,1700667335.4884841
u_989,u_4334,transaction,1092.7255744134543,1700667425.025728
u_47,u_12,transaction,2026.9931216045625,1700667557.614344
u_3265,u_398,transaction,1835.4184089747894,1700668193.0035615
u_789,u_3249,transaction,3386.6831431701717,1700668282.3667505
u_4955,u_39,transaction,9651.41362183711,1700668332.6338618
u_2841,u_4497,transaction,3027.9105962485532,1700668338.902188
u_158,u_196,transaction,679.4178198706209,1700668454.9792943
u_9,u_370,transaction,350.2404380185962,1700668481.851539
u_4075,u_7,transaction,1477.0577001833135,1700668515.995785
u_3132,u_3224,transaction,828.6524862130839,1700668732.5490694
u_2852,u_295,transaction,886.3875030268445,1700668759.258156
u_1715,u_4236,transaction,2493.875515344392,1700669174.7048385
u_1272,u_6,transaction,743.046904881528,1700669922.797471
u_1496,u_1399,transaction,24510.556055550234,1700670100.2147179
u_3286,u_1796,transaction,8878.610670871863,1700670556.1177254
u_1704,u_3271,transaction,5811.010871875969,1700670742.034049
u_2524,u_652,transaction,4096.505851621584,1700671185.0272725
u_3263,u_160,transaction,1456.861115843077,1700671727.720026
u_16,u_53,transaction,1878.076658519713,1700671968.3487074
u_706,u_2807,transaction,1010.6198010753825,1700672514.6383395
u_1234,u_81,transaction,5904.966778269042,1700672724.8504264
u_281,u_4079,transaction,4517.995864087597,1700672827.6818383
u_3983,u_2001,transaction,1632.7054772941963,1700673281.768876
u_113,u_1588,transaction,3904.826891521966,1700674291.1676457
u_4652,u_1104,transaction,1625.6499718494654,1700674376.3849177
u_1301,u_103,transaction,1054.0643488345186,1700674492.7399127
u_233,u_8,transaction,1469.9966647631923,1700674497.5870929
u_4768,u_2233,transaction,3047.700180327313,1700675207.5461574
u_222,u_803,transaction,1334.5826858560367,1700675241.239403
u_136,u_2529,transaction,808.9072318540211,1700675566.1584187
u_375,u_260,transaction,606.5932129827312,1700675737.2822328
u_874,u_76,transaction,2174.673589640967,1700675927.499963
u_3759,u_704,transaction,946.7766566067436,1700675947.1227279
u_3723,u_639,transaction,5067.387032991299,1700677121.2889009
u_900,u_51,transaction,1741.170521001581,1700677216.050406
u_1771,u_2612,transaction,1018.7564472456799,1700677518.4239595
u_669,u_243,transaction,2345.94189996529,1700677612.9682248
u_927,u_2379,transaction,588.4283645223047,1700677764.9740355
u_2765,u_493,transaction,1679.123376324598,1700677909.8027287
u_4169,u_2965,transaction,1247.0787983297837,1700677933.7421463
u_4272,u_4615,transaction,5501.017614859888,1700678358.8768063
u_1989,u_4576,transaction,5470.255859057785,1700678637.4182882
u_1166,u_1717,transaction,3527.485202137182,1700678822.1371603
u_2336,u_2298,transaction,830.998936568855,1700678870.6826954
u_26,u_3045,transaction,2098.085696345687,1700678980.2804735
u_852,u_405,transaction,642.5226315769814,1700679591.638966
u_14,u_268,transaction,737.1162608404388,1700679753.2603292
u_4291,u_3,transaction,1207.4869354946795,1700679940.509889
u_4579,u_369,transaction,2260.0744964356727,1700680070.7018795
u_5,u_2911,transaction,10002.730378737988,1700680255.7335806
u_762,u_705,transaction,1064.7901713153553,1700680946.1506538
u_4664,u_105,transaction,469.792341131855,1700680979.3536756
u_303,u_626,transaction,286.3065510908449,1700681098.3079119
u_158,u_62,transaction,4130.059825492243,1700681161.3446748
u_3378,u_4215,transaction,1028.701402946926,1700681464.5887196
u_534,u_1836,transaction,5463.435406972489,1700681500.1195714
u_2743,u_727,transaction,5707.220257204402,1700681806.2086592
u_1336,u_2924,transaction,804.6412131201915,1700681940.6171792
u_1480,u_26,transaction,2829.0500598622593,1700682156.4609914
u_49,u_41,transaction,668.9069313414346,1700682543.436544
u_4424,u_2281,transaction,2767.898532217621,1700682666.7934794
u_269,u_192,transaction,547.5627462977103,1700682786.197924
u_3218,u_3781,transaction,1972.4803057078545,1700682824.744155
u_1341,u_69,transaction,34052.47180475556,1700683031.6438456
u_105,u_9,transaction,941.1004143694108,1700683066.7413573
u_4170,u_281,transaction,6014.51906662925,1700683367.6545968
u_3250,u_1398,transaction,2212.1908864801308,1700683469.412046
u_897,u_203,transaction,4411.092342893163,1700683838.3465245
u_930,u_1061,transaction,4334.619800317815,1700683957.532472
u_269,u_4642,transaction,180.5103404702799,1700684063.1984875
u_1748,u_2833,transaction,12529.749124226408,1700684132.8048992
u_4006,u_4025,transaction,1054.939989871445,1700684186.5194607
u_1188,u_1422,transaction,1436.838322663755,1700684215.7054594
u_297,u_2160,transaction,4010.623229574005,1700684810.0875192
u_95,u_69,transaction,2181.879142453892,1700685012.5076098
u_4280,u_4297,transaction,3412.4022748684506,1700685034.2647333
u_2286,u_4715,transaction,14062.218532354684,1700685112.231146
u_4254,u_429,transaction,2544.6640611239336,1700685262.658728
u_4912,u_562,transaction,483.49042041470346,1700685281.6592035
u_3308,u_698,transaction,502.4874414611043,1700685470.7753725
u_2922,u_844,transaction,7326.315074096665,1700685565.7295442
u_2572,u_4997,transaction,1868.7467671662766,1700685920.905241
u_6,u_1934,transaction,25282.85437423707,1700686362.097435
u_639,u_2848,transaction,3763.3104259569245,1700686372.6183758
u_0,u_3448,transaction,2004.9652265267557,1700686471.2840059
u_1771,u_126,transaction,2190.859291694403,1700686819.5223176
u_3297,u_1212,transaction,2386.426919443029,1700686854.3145509
u_132,u_558,transaction,1425.5552743869216,1700687236.4636786
u_4775,u_554,transaction,1336.3945173432096,1700687447.522933
u_0,u_49,transaction,1282.7917969537657,1700688178.7211506
u_228,u_1320,transaction,2165.2581701365452,1700688267.3938391
u_2006,u_4644,transaction,100.0,1700688406.9329197
u_23,u_3610,transaction,8562.937140285132,1700689213.4320765
u_3550,u_4179,transaction,205.88761341875443,1700689245.9063518
u_311,u_1544,transaction,2295.6909828409575,1700689393.819777
u_417,u_50,transaction,1441.6101118447143,1700689516.5044076
u_183,u_426,transaction,4151.442333980086,1700689598.6465147
u_2717,u_4851,transaction,4699.940878471947,1700689670.95307
u_2782,u_4,transaction,1399.2047543821006,1700689699.2366781
u_1713,u_1944,transaction,7972.424351853567,1700689794.4406629
u_4115,u_2527,transaction,2313.472168958936,1700690143.9911299
u_503,u_234,transaction,3448.131303686857,1700690824.8812418
u_2158,u_743,transaction,866.5068871899575,1700690942.0123007
u_34,u_3186,transaction,2609.2394079936444,1700691198.25335
u_784,u_437,transaction,1156.7353387473788,1700691548.7447433
u_3001,u_2243,transaction,1833.7317117282396,1700691652.6974351
u_1212,u_758,transaction,1027.8515159332712,1700691781.4536834
u_43,u_3051,transaction,4080.5246923572054,1700691858.0964572
u_231,u_7,transaction,1857.312517875017,1700692012.3388472
u_4454,u_48,transaction,412.08221324492587,1700692137.7561643
u_4054,u_0,transaction,3543.4681714213993,1700692668.5343053
u_60,u_1027,transaction,917.5117355751324,1700692732.850292
u_648,u_3603,transaction,3029.4732532725166,1700692874.9580524
u_524,u_6,transaction,926.9094818454753,1700693298.1899674
u_295,u_259,transaction,511.4399733248067,1700693400.009156
u_984,u_1583,transaction,10377.167074264738,1700693800.992733
u_3106,u_89,transaction,1382.7932971846938,1700693921.9671414
u_3486,u_128,transaction,4306.175609228489,1700694109.5130014
u_5071,u_5079,transaction,136.7693748680026,1700694169.4897633
u_9,u_1611,transaction,3852.5415576109867,1700694341.0565126
u_152,u_2963,transaction,3266.3948121328494,1700694455.5417976
u_725,u_2580,transaction,508.2723483643061,1700694829.8023775
u_407,u_164,transaction,2303.2366925484444,1700695060.3460417
u_576,u_877,transaction,719.494567970816,1700695267.0039155
u_1428,u_6,transaction,2836.98096086946,1700695934.1957498
u_243,u_4166,transaction,4057.651145813866,1700696439.6364543
u_1133,u_1167,transaction,6328.652608522946,1700696515.7617512
u_4942,u_30,transaction,469.56868312931834,1700697000.7628193
u_5,u_16,transaction,1023.6429107406118,1700697278.182974
u_4924,u_3844,transaction,6487.709992837433,1700697326.8083386
u_893,u_2708,transaction,974.9228338205569,1700698141.4091456
u_2326,u_254,transaction,1749.884827519689,1700698167.5251718
u_452,u_7,transaction,6529.566237462208,1700699110.006271
u_992,u_3521,transaction,9339.56690409355,1700699398.7315457
u_1810,u_7,transaction,654.8581323537082,1700700051.099141
u_2077,u_1128,transaction,143.7722835622875,1700700087.5525484
u_933,u_3659,transaction,679.9212458097599,1700700186.2607327
u_4448,u_2362,transaction,5984.397524979994,1700700204.5176811
u_646,u_16,transaction,1118.82225597662,1700700642.0232668
u_591,u_1951,transaction,1280.3591495986323,1700700699.810562
u_9,u_42,transaction,2342.021689564452,1700700756.8785932
u_28,u_3324,transaction,2229.090329712166,1700700938.8469913
u_3309,u_2859,transaction,807.7077884201261,1700701056.6045153
u_3826,u_155,transaction,2097.5974631288614,1700701203.0656488
u_2664,u_797,transaction,5050.037943942465,1700701300.6068575
u_3056,u_1100,transaction,3267.1327673444525,1700701349.9921098
u_3338,u_3850,transaction,631.930847860163,1700701445.7456071
u_551,u_1632,transaction,5551.6910622469895,1700702076.7568967
u_2831,u_1508,transaction,2195.8696947826984,1700702661.862348
u_1826,u_251,transaction,5953.338877941265,1700702690.878783
u_1102,u_3115,transaction,3168.2017922084374,1700703040.1217332
u_516,u_721,transaction,5438.8894015972655,1700703389.9851158
u_1996,u_3643,transaction,723.6044902017903,1700703620.6127312
u_373,u_816,transaction,639.9923218395369,1700703927.9275808
u_304,u_1563,transaction,3575.611500623437,1700704178.7661936
u_1555,u_2721,transaction,2534.536601339181,1700704183.8254697
u_4463,u_1747,transaction,3506.1119016603648,1700704286.976756
u_66,u_363,transaction,689.152240395394,1700704541.6699843
u_623,u_530,transaction,596.0054862328906,1700704548.0271218
u_3577,u_4710,transaction,3302.626818058011,1700704966.037763
u_1124,u_744,transaction,1086.5758813154675,1700705254.2104728
u_89,u_81,transaction,2602.272279672726,1700705581.8747802
u_1871,u_3625,transaction,1850.471922079037,1700706406.5459592
u_1992,u_4406,transaction,1750.609669732233,1700706530.5745952
u_95,u_651,transaction,2747.686487064453,1700706547.0158424
u_301,u_3050,transaction,12073.098371480643,1700706744.3657873
u_598,u_467,transaction,2172.9686318789654,1700706844.5492175
u_2909,u_7,transaction,570.3828024483138,1700707306.8547964
u_956,u_955,transaction,8277.663751272137,1700707349.6195524
u_2051,u_3579,transaction,1007.8745871732576,1700707383.868605
u_48,u_14,transaction,1552.3577196029669,1700707903.0330055
u_2729,u_1581,transaction,2524.156194056353,1700708069.9587853
u_807,u_117,transaction,5141.439996039977,1700708130.5649283
u_112,u_3,transaction,1314.1509416583299,1700708199.7594404
u_2642,u_685,transaction,294.92070629336735,1700708228.453918
u_1247,u_1538,transaction,2544.42566586876,1700708229.6207092
u_2210,u_3894,transaction,8071.093964459155,1700708954.5358477
u_2198,u_417,transaction,2935.7981811133177,1700709075.692681
u_2339,u_3649,transaction,2031.5991326804312,1700709493.146594
u_4752,u_73,transaction,674.6514528302343,1700709543.7150416
u_222,u_3214,transaction,2940.9903102215226,1700709562.6944473
u_151,u_5,transaction,860.5860662799972,1700709746.0166712
u_440,u_4389,transaction,968.9674687096955,1700710347.406816
u_2174,u_1711,transaction,296.39845222652434,1700710443.9178293
u_1022,u_1057,transaction,8333.437869035688,1700710680.1490712
u_1459,u_1701,transaction,599.6886973265891,1700710772.261638
u_6,u_3537,transaction,2432.261929424459,1700710784.6932788
u_4017,u_29,transaction,2305.5896303923596,1700710989.7641973
u_2739,u_2103,transaction,874.1553406132931,1700711198.402492
u_45,u_4546,transaction,3034.066325665955,1700711472.4156876
u_218,u_1627,transaction,2507.577370210825,1700711541.9953718
u_2802,u_1520,transaction,1491.6512924031272,1700712516.126438
u_77,u_1634,transaction,1237.9847852621222,1700712719.9757876
u_2676,u_649,transaction,3575.8313419429837,1700712884.104753
u_291,u_2310,transaction,1203.5437797978864,1700713101.0038366
u_2574,u_2469,transaction,5703.10304966737,1700713207.2058318
u_255,u_1725,transaction,252.8838510137896,1700713320.549941
u_407,u_7,transaction,715.1173600740844,1700714084.1223674
u_376,u_56,transaction,4564.093059688543,1700714117.0902681
u_426,u_3,transaction,6180.872886803173,1700714178.9102094
u_2480,u_1399,transaction,1516.0544712325816,1700714509.6871405
u_1370,u_4554,transaction,2825.770944168906,1700714618.4001951
u_4780,u_2893,transaction,2521.881373236829,1700715502.156612
u_102,u_2638,transaction,2071.1502827752515,1700715576.5983186
u_932,u_4387,transaction,714.136069376527,1700715767.289221
u_1007,u_152,transaction,834.2592087818707,1700716516.1946063
u_955,u_247,transaction,559.9045073298888,1700716549.8493187
u_865,u_1810,transaction,200.576163687416,1700716712.1281173
u_2615,u_524,transaction,8796.566477376216,1700716785.1620765
u_5069,u_5079,transaction,344.0692372218693,1700716834.6349206
u_137,u_2119,transaction,584.8815376035251,1700717353.8730032
u_2687,u_314,transaction,373.757743548898,1700717395.3407426
u_830,u_3161,transaction,2365.6600583168406,1700718326.317117
u_2150,u_388,transaction,5744.548915531713,1700718562.9994056
u_592,u_4758,transaction,4622.264533155614,1700718633.2477834
u_3347,u_1057,transaction,9245.173394077598,1700718724.4951384
u_318,u_997,transaction,2520.1695536003763,1700718852.2080002
u_4,u_1290,transaction,4118.196418353057,1700718924.7652721
u_864,u_3873,transaction,486.95112935650917,1700719080.543271
u_1489,u_22,transaction,2468.214156462053,1700719526.8361359
u_1134,u_943,transaction,833.2927574822352,1700719597.8593173
u_477,u_449,transaction,2666.109917424227,1700719947.8482904
u_4502,u_2644,transaction,1707.404378806543,1700720077.3124285
u_5091,u_5094,transaction,390.86988112167927,1700720499.447854
u_4410,u_3256,transaction,732.1106840608674,1700720590.6645198
u_2514,u_415,transaction,100.0,1700720807.0792358
u_2866,u_197,transaction,996.7151926571388,1700720999.5432615
u_3191,u_4861,transaction,5568.787055054231,1700721212.0420516
u_764,u_2805,transaction,166.5165145601719,1700721418.344508
u_3564,u_899,transaction,3207.117421798182,1700721443.3889742
u_2102,u_1044,transaction,1602.0700470011384,1700723451.0614958
u_15,u_1189,transaction,2124.5165352769295,1700723793.5157177
u_4650,u_2071,transaction,7643.176902454202,1700724187.0308878
u_823,u_4889,transaction,1814.736708244214,1700724227.9735198
u_4822,u_1068,transaction,773.4763923641792,1700724855.1430254
u_74,u_106,transaction,3769.2734591322924,1700724864.9732347
u_283,u_4747,transaction,2660.6435744976257,1700725332.257523
u_3116,u_81,transaction,8436.509872241953,1700725811.823114
u_558,u_823,transaction,1037.9296620330615,1700726421.44165
u_1664,u_4320,transaction,355.3115744790825,1700726582.3885617
u_91,u_370,transaction,666.4101835883299,1700727121.752803
u_3214,u_3125,transaction,3496.547980858908,1700727575.86079
u_1144,u_596,transaction,513.3383033543431,1700727986.2081447
u_2485,u_4186,transaction,998.4345395626591,1700728307.8476336
u_349,u_3349,transaction,1064.933769079122,1700728750.24805
u_130,u_208,transaction,3097.761265669401,1700728860.7021766
u_324,u_1808,transaction,984.7927453499982,1700729071.5072782
u_4746,u_4631,transaction,987.1714814309049,1700729343.9500048
u_4369,u_4686,transaction,1307.435859572298,1700729508.6227458
u_4045,u_813,transaction,2027.3322775989209,1700729781.0447152
u_657,u_418,transaction,1054.9146710866871,1700729997.6010213
u_161,u_2493,transaction,1784.1463858483405,1700730047.206025
u_4090,u_412,transaction,666.2373305646571,1700730447.2557738
u_3791,u_2807,transaction,2686.2843116939403,1700730818.553816
u_191,u_6,transaction,6125.911841521479,1700730819.6772618
u_1603,u_671,transaction,5845.7714949313795,1700732725.0359313
u_81,u_1288,transaction,1780.1215209095026,1700732839.6255486
u_23,u_2021,transaction,140.67473815128167,1700732903.7228744
u_248,u_1564,transaction,3615.934499469142,1700732913.2752657
u_409,u_17,transaction,810.4340433504666,1700733599.392489
u_1190,u_1953,transaction,1283.4568823227132,1700733688.5478158
u_120,u_3660,transaction,209.89552069147496,1700733749.7152965
u_894,u_2131,transaction,4349.542870151281,1700733972.4450753
u_10,u_636,transaction,7113.154587944544,1700734048.284742
u_4809,u_1003,transaction,6291.103147859464,1700734130.2571402
u_1952,u_3140,transaction,100.0,1700734270.555248
u_1352,u_232,transaction,1368.7141923632466,1700734386.352703
u_411,u_3,transaction,1151.1936155798203,1700734493.2988482
u_1404,u_1854,transaction,3422.2417625348485,1700734781.626836
u_5,u_3885,transaction,374.5248973294501,1700734914.5834563
u_1882,u_150,transaction,9578.000293552128,1700734969.4283125
u_3353,u_1702,transaction,159.74965433446587,1700735168.0026002
u_4685,u_4,transaction,2679.7676860067236,1700735168.4438791
u_2811,u_1874,transaction,1734.5932415787788,1700735401.71902
u_1432,u_3009,transaction,1173.4516593691558,1700735618.5024185
u_459,u_1933,transaction,1456.1937476745848,1700736232.7938836
u_625,u_973,transaction,13048.6581605193,1700736283.9956648
u_95,u_1113,transaction,1292.345496854435,1700736477.6772664
u_946,u_318,transaction,2220.4289724573664,1700736856.048481
u_1926,u_4441,transaction,5207.28653689832,1700737200.869
u_5,u_1659,transaction,10128.157727228663,1700737367.1433573
u_16,u_1847,transaction,2636.6468581199792,1700737617.0353296
u_135,u_4016,transaction,2477.417266139012,1700737706.9407635
u_5066,u_5079,transaction,1354.6153906664586,1700738612.6658185
u_1376,u_1374,transaction,1871.2750249411517,1700738875.5514565
u_4197,u_3307,transaction,955.4584781779816,1700739199.6737375
u_2066,u_1559,transaction,6185.731653887544,1700739519.7572534
u_3158,u_4202,transaction,1511.335497932564,1700741074.553695
u_2938,u_5,transaction,523.4480104511497,1700741313.3678522
u_2640,u_4968,transaction,3789.3282945483247,1700741450.4138896
u_1850,u_3167,transaction,910.2514356377587,1700742262.3924532
u_360,u_581,transaction,9409.554557559015,1700742668.962347
u_3215,u_707,transaction,1275.8244366320178,1700742699.5584097
u_1522,u_1657,transaction,6499.398620352667,1700743389.285225
u_184,u_879,transaction,495.09089864327547,1700743401.0222983
u_2471,u_493,transaction,3694.98482886144,1700743460.7397106
u_1740,u_408,transaction,769.3196380156229,1700743663.1194685
u_1714,u_2972,transaction,410.66121341804643,1700743835.907785
u_1805,u_2888,transaction,471.060019610752,1700743920.4044693
u_455,u_983,transaction,700.7192326252574,1700744153.6646023
u_6,u_4298,transaction,668.9107381165711,1700744412.75391
u_2442,u_100,transaction,33462.2613205848,1700744529.938362
u_1676,u_34,transaction,5239.288509995449,1700745154.9782176
u_1787,u_2995,transaction,927.6612360530062,1700745948.0622754
u_1206,u_3662,transaction,286.8977179149655,1700746197.8636775
u_3488,u_577,transaction,888.7921384540693,1700746968.6806953
u_298,u_20,transaction,1557.043806812826,1700746976.4503627
u_2425,u_776,transaction,2366.404376160524,1700747394.2169259
u_371,u_455,transaction,3091.430534308493,1700747417.9553063
u_4069,u_2734,transaction,5067.788500558388,1700747522.9538574
u_548,u_81,transaction,1968.1818137117605,1700747659.3132238
u_2565,u_4636,transaction,2961.1053328729818,1700747683.297317
u_252,u_1003,transaction,14440.291297471613,1700747945.307197
u_4110,u_25,transaction,227.12798041452749,1700748044.4897122
u_1138,u_1323,transaction,1723.1537951949363,1700749425.0948932
u_2770,u_2713,transaction,2968.1136281531094,1700750301.9140215
u_4918,u_43,transaction,2422.887966281433,1700750464.991659
u_274,u_3,transaction,1017.7994174744244,1700750747.6218727
u_3538,u_66,transaction,2065.173815787176,1700751212.730366
u_3562,u_232,transaction,1395.6213765456098,1700751241.8447046
u_3188,u_1938,transaction,1443.3720515294278,1700751373.8878007
u_3029,u_14,transaction,1721.7608851119548,1700751663.3029988
u_2586,u_1759,transaction,1675.9384387560945,1700751697.358409
u_1305,u_5,transaction,2301.3248283380876,1700751774.8085682
u_141,u_3321,transaction,1566.7224184410093,1700751993.9284744
u_3698,u_309,transaction,1040.10730285232,1700752146.4718993
u_845,u_324,transaction,1289.6449469203883,1700752575.279493
u_6,u_3567,transaction,834.631421601494,1700752596.9637794
u_1756,u_3963,transaction,621.6514529335532,1700752597.9083467
u_3593,u_2318,transaction,1159.4566160648644,1700752602.4427996
u_288,u_3247,transaction,5028.321308720669,1700752791.1123588
u_41,u_3184,transaction,5117.549000856918,1700753221.6067746
u_133,u_1593,transaction,1200.6993104918636,1700753675.565919
u_682,u_1995,transaction,3321.7472104405324,1700753719.930588
u_134,u_3621,transaction,487.0934695673859,1700753954.3509293
u_3000,u_864,transaction,10348.365567866134,1700754020.6513817
u_739,u_390,transaction,2189.82606261768,1700754310.1131544
u_3554,u_3720,transaction,2144.936952439284,1700754411.9732592
u_894,u_3762,transaction,2188.7788575891627,1700754440.9557061
u_201,u_667,transaction,2977.630695879981,1700755110.9940066
u_2869,u_4,transaction,2837.313831040969,1700755259.0209908
u_4549,u_242,transaction,1564.146240544646,1700755570.873676
u_1019,u_3868,transaction,3614.7176696059537,1700755807.6689796
u_153,u_183,transaction,100.0,1700755940.1841488
u_2219,u_29,transaction,2902.238528459881,1700755992.1670325
u_258,u_4919,transaction,5290.256143003201,1700756010.6574461
u_724,u_2528,transaction,4536.320572927873,1700756127.7039063
u_375,u_313,transaction,1435.3064022817334,1700756287.278898
u_2887,u_2647,transaction,1219.9462797005085,1700756850.0400457
u_3210,u_12,transaction,8125.270722259749,1700756888.9943492
u_345,u_2182,transaction,594.9157212091868,1700757571.2656446
u_862,u_207,transaction,2446.2778424903777,1700757685.0613
u_2618,u_1054,transaction,758.8006072988481,1700758166.3263562
u_3742,u_5,transaction,9647.869891621052,1700758434.7041547
u_4,u_2485,transaction,726.6047796333868,1700759270.9249642
u_15,u_1529,transaction,2518.631295711429,1700759550.4382896
u_2438,u_1239,transaction,523.7148189232701,1700759858.888346
u_0,u_94,transaction,3326.0012820260017,1700760176.9087744
u_1402,u_2495,transaction,1488.476682352916,1700760419.030247
u_731,u_3960,transaction,1085.9313738267401,1700760573.7139006
u_1277,u_2362,transaction,2680.8071892226353,1700761292.654579
u_1879,u_58,transaction,1200.7378549066555,1700761535.7859411
u_1533,u_529,transaction,1429.9758952235507,1700761822.2001736
u_3085,u_1360,transaction,1402.5514112710596,1700761840.9739015
u_4681,u_79,transaction,1034.0107256024676,1700761920.7531981
u_1527,u_1590,transaction,7232.567699500642,1700762007.5570147
u_6,u_2652,transaction,965.7520992350098,1700762566.3625007
u_4140,u_4790,transaction,849.3752819591175,1700763329.296392
u_3807,u_3912,transaction,359.28401814174197,1700763389.438864
u_62,u_61,transaction,10740.736152434036,1700763573.0429232
u_4077,u_207,transaction,1061.0305355522212,1700763595.0996504
u_2954,u_1396,transaction,767.0542818093139,1700763745.4322383
u_987,u_3939,transaction,2595.8286266230043,1700763748.493025
u_2089,u_3017,transaction,824.8801407761846,1700764104.5029333
u_47,u_2493,transaction,2823.8002842262767,1700764179.9451613
u_4200,u_1323,transaction,3942.855682499664,1700764907.5771883
u_4741,u_3548,transaction,649.2469648464075,1700765537.781078
u_178,u_103,transaction,2494.1363755388134,1700765564.7965484
u_1576,u_3601,transaction,2886.1917303661344,1700765633.7696037
u_739,u_4377,transaction,719.2005061136431,1700765765.508963
u_6,u_4524,transaction,539.4578593278173,1700765874.914652
u_496,u_1224,transaction,9352.305372592977,1700766387.1587994
u_2152,u_1594,transaction,14298.448847526972,1700766644.3375728
u_725,u_697,transaction,1848.9081505794104,1700766690.2725804
u_2641,u_1730,transaction,1707.187461798555,1700766823.8523824
u_1831,u_1679,transaction,2335.490346176071,1700767102.9015055
u_247,u_536,transaction,2176.968475492235,1700767369.1680496
u_2140,u_498,transaction,629.1442169825981,1700767923.5851705
u_4,u_300,transaction,1331.3996624581725,1700767950.097834
u_1486,u_447,transaction,3153.379485929782,1700768534.7367208
u_56,u_1976,transaction,9891.548483707307,1700768641.5710833
u_99,u_1238,transaction,2262.520518617781,1700769088.449979
u_1794,u_680,transaction,848.991600881772,1700769452.303679
u_1164,u_3526,transaction,2580.3206381932664,1700769607.1707861
u_697,u_3032,transaction,7327.707034614157,1700770113.0921073
u_4873,u_925,transaction,5072.828215952626,1700770175.199531
u_1139,u_1102,transaction,3510.7952879576633,1700770270.7128382
u_3242,u_1752,transaction,1949.9838562357047,1700770279.8919673
u_143,u_30,transaction,1279.3157849065367,1700770517.3715577
u_22,u_2640,transaction,884.0264778559097,1700770561.326421
u_418,u_814,transaction,443.71526251649715,1700770636.3604999
u_93,u_321,transaction,569.8457221346764,1700771011.0358875
u_2715,u_2934,transaction,165.34658659268734,1700771136.9385054
u_4898,u_111,transaction,1957.942747983995,1700771141.203876
u_255,u_3649,transaction,2344.253988561325,1700771545.9513738
u_2647,u_4862,transaction,615.4041793928008,1700771600.2747812
u_4197,u_1595,transaction,818.5048003169524,1700771685.620369
u_3860,u_72,transaction,660.8041052417324,1700771722.6105413
u_1460,u_3313,transaction,9448.556603886118,1700772585.807544
u_1751,u_1011,transaction,4354.713734661499,1700772602.5961947
u_1342,u_1663,transaction,771.6982191315435,1700772775.8823571
u_6,u_3336,transaction,569.3800891922158,1700772903.9903235
u_1339,u_127,transaction,1453.884718052356,1700772909.1332192
u_26,u_541,transaction,868.7661285042899,1700773077.5142748
u_82,u_324,transaction,2908.3317832647094,1700773474.4846623
u_1521,u_84,transaction,1183.7011994579927,1700773562.5931091
u_22,u_3540,transaction,2512.68398792258,1700773746.247311
u_1784,u_1643,transaction,2617.370882589452,1700774179.021294
u_5057,u_5058,transaction,17348.603386966453,1700774553.4595041
u_5058,u_5059,transaction,15613.74304826981,1700774609.3829522
u_4066,u_159,transaction,2516.90136423386,1700774618.5443509
u_5059,u_5060,transaction,14052.368743442828,1700774636.0943787
u_12,u_1192,transaction,1152.5666594746258,1700774655.9845028
u_5060,u_5061,transaction,12647.131869098546,1700774664.199399
u_5061,u_5057,transaction,11382.41868218869,1700774700.2947416
u_369,u_3364,transaction,2020.0678578547465,1700774774.616057
u_312,u_1675,transaction,2262.7578971714884,1700774853.9903634
u_3852,u_334,transaction,477.016772195417,1700775012.5343208
u_1658,u_724,transaction,1119.1011564895969,1700775127.5262787
u_622,u_367,transaction,458.12430176214997,1700775168.1762512
u_2934,u_2748,transaction,8346.105646916529,1700775599.1692536
u_1352,u_1834,transaction,4550.738594473001,1700775729.258734
u_590,u_358,transaction,1564.7499741498164,1700775882.2364054
u_4392,u_1443,transaction,1314.4237616517157,1700775970.8898766
u_2156,u_147,transaction,7436.735750442612,1700776004.8379016
u_46,u_401,transaction,1698.2469258421245,1700776044.1139085
u_1072,u_33,transaction,1893.160147085009,1700776055.5552912
u_789,u_571,transaction,1408.5899700568289,1700776203.768551
u_2196,u_3241,transaction,395.8713065237206,1700776426.4786448
u_32,u_4988,transaction,556.1067147515575,1700776450.4262013
u_1796,u_358,transaction,1339.2582744621322,1700777968.987659
u_6,u_346,transaction,1655.1165569205316,1700778032.672116
u_309,u_3674,transaction,3372.2730808540996,1700778240.6130252
u_1030,u_3107,transaction,671.466196806244,1700778412.9052215
u_34,u_3619,transaction,728.2268051449705,1700778791.016754
u_2032,u_25,transaction,308.25399280858596,1700778966.7232187
u_3978,u_777,transaction,11575.515765797609,1700779413.2895975
u_286,u_3609,transaction,1702.0629099245734,1700779555.9250855
u_3031,u_2158,transaction,3226.946133910613,1700780868.9256754
u_1023,u_4020,transaction,1033.6341423486033,1700780884.7053804
u_161,u_236,transaction,7658.963984090748,1700780919.3711843
u_4388,u_280,transaction,1750.2588393109434,1700780932.0975883
u_1343,u_3139,transaction,1519.9847523458789,1700780952.8165822
u_2745,u_89,transaction,4744.635518560509,1700781440.9185445
u_3455,u_3022,transaction,6865.2600234625925,1700781512.382699
u_364,u_4283,transaction,9595.23140394301,1700781560.3927565
u_117,u_286,transaction,1529.7841403325833,1700782493.5291781
u_1532,u_152,transaction,7749.894302872256,1700782500.9982839
u_117,u_898,transaction,14734.38768448276,1700782577.1579375
u_487,u_2382,transaction,723.2289939283132,1700782598.3333776
u_2595,u_3468,transaction,1883.5710499676745,1700783053.4439485
u_2352,u_61,transaction,3301.4542110145953,1700784414.4401324
u_16,u_102,transaction,2013.1267197236957,1700784716.2111094
u_1835,u_2370,transaction,2984.221446727249,1700785160.2733064
u_38,u_3556,transaction,800.5059755464184,1700785353.878952
u_3716,u_4398,transaction,308.53740631967577,1700785669.170468
u_1403,u_314,transaction,455.0384110195886,1700785950.0712688
u_2806,u_3121,transaction,8529.152381401647,1700786298.2765632
u_430,u_4,transaction,1266.367634793414,1700786491.343856
u_1553,u_4423,transaction,1678.3292512108383,1700787381.6985676
u_151,u_633,transaction,574.1211799814994,1700787384.9879718
u_2437,u_5,transaction,1501.2832465357574,1700787546.21636
u_1329,u_1721,transaction,1804.7389624293342,1700787980.066436
u_24,u_5,transaction,1727.7733577764477,1700788020.410615
u_4262,u_4349,transaction,1036.7864466669926,1700788068.551882
u_234,u_31,transaction,3636.1794709158785,1700788260.8255286
u_3121,u_4689,transaction,336.0773379263035,1700788310.2326787
u_7,u_1127,transaction,5628.31642600884,1700788384.4404306
u_284,u_22,transaction,316.469865739888,1700788438.1224556
u_466,u_315,transaction,1628.8950931897402,1700788541.117613
u_883,u_1037,transaction,635.9778184601471,1700788672.4701605
u_1477,u_2602,transaction,2521.777602344562,1700788764.583775
u_2429,u_1874,transaction,1249.3637040790038,1700789021.5396364
u_567,u_198,transaction,2094.2175924707844,1700789327.8179555
u_1669,u_585,transaction,2626.8315982166673,1700789339.5828712
u_1630,u_3653,transaction,1966.1382681808936,1700789388.8036892
u_1003,u_230,transaction,3398.9585571826437,1700789455.1788466
u_1488,u_737,transaction,1945.6215048478812,1700789575.3717394
u_3305,u_1575,transaction,843.4332470961186,1700789958.5705519
u_1829,u_4028,transaction,4077.6674727634854,1700790014.4036117
u_1048,u_2757,transaction,2785.723632184792,1700790108.6009617
u_377,u_4268,transaction,1389.4901956385613,1700791843.4125385
u_3229,u_2117,transaction,722.340893398427,1700792381.541508
u_436,u_677,transaction,840.2062443893543,1700792386.1712897
u_2147,u_559,transaction,460.8724398604365,1700792399.4352846
u_534,u_4072,transaction,510.55664589480745,1700792575.8413265
u_938,u_1012,transaction,4786.823171655195,1700792698.0384505
u_1300,u_2981,transaction,7728.087864720568,1700792989.5590208
u_250,u_136,transaction,791.829679220173,1700793289.8051474
u_207,u_2832,transaction,11525.049749430498,1700793605.161488
u_320,u_3689,transaction,1249.867468596584,1700794053.5531855
u_436,u_369,transaction,444.8026570829203,1700794604.7320309
u_1568,u_110,transaction,2052.522257037373,1700794764.16748
u_1068,u_56,transaction,2873.507046320025,1700795871.6828437
u_2468,u_2351,transaction,1160.9059595274032,1700796097.9988978
u_2782,u_1931,transaction,1246.5588545848918,1700796188.965652
u_4392,u_316,transaction,2854.789014913092,1700796281.6855083
u_156,u_1360,transaction,2819.1715023984434,1700796320.982209
u_108,u_142,transaction,679.7562994227859,1700796370.0724087
u_701,u_2051,transaction,2337.3737694368942,1700796472.3179145
u_95,u_117,transaction,1379.8531999377258,1700796592.7751122
u_834,u_108,transaction,2980.5529731368492,1700796766.645153
u_3252,u_324,transaction,2218.0618025313497,1700796787.1360624
u_2543,u_3413,transaction,3694.534301404281,1700796859.8744817
u_2504,u_2793,transaction,318.045795733962,1700796978.7211046
u_74,u_4781,transaction,984.3621392725553,1700797247.0958688
u_1895,u_100,transaction,2365.142566776624,1700797991.3259969
u_1138,u_2352,transaction,2661.3431818337904,1700798277.8037527
u_1423,u_649,transaction,5793.035739668321,1700798394.7322035
u_249,u_1484,transaction,553.33822985421,1700798841.9238362
u_30,u_554,transaction,869.8912998064891,1700798964.2327561
u_54,u_4327,transaction,1813.583709493237,1700799053.5457785
u_4067,u_95,transaction,3588.5652105276945,1700799662.6312761
u_2105,u_3259,transaction,2910.966260663511,1700799710.9849067
u_1086,u_4609,transaction,940.3326177562003,1700799855.901128
u_1109,u_4,transaction,699.1997749922652,1700799881.625207
u_2641,u_6,transaction,907.8820392345237,1700800155.6826434
u_3360,u_1880,transaction,8861.958209958855,1700801562.7927296
u_921,u_1305,transaction,2642.92000759551,1700801646.207459
u_3127,u_116,transaction,7073.710397842516,1700801697.2174737
u_33,u_2165,transaction,468.7522429057284,1700802024.7549968
u_12,u_262,transaction,4906.01683326694,1700802951.7545373
u_351,u_81,transaction,10921.406999839754,1700803376.8595164
u_4669,u_1669,transaction,2748.208649683712,1700803720.9694066
u_3151,u_1124,transaction,798.385741173111,1700804281.0654843
u_291,u_4863,transaction,11587.733301175822,1700804407.5960865
u_2468,u_120,transaction,4389.1347461637615,1700804766.8959498
u_1354,u_4396,transaction,1450.2072711846663,1700804809.868458
u_1540,u_1341,transaction,4673.1777113262,1700805235.5023263
u_951,u_1207,transaction,1195.5771689932542,1700805350.4247687
u_836,u_156,transaction,3580.3756884219047,1700805467.5405607
u_58,u_645,transaction,1826.857615499787,1700805597.4232948
u_272,u_2048,transaction,6450.367738842694,1700806362.6602912
u_914,u_32,transaction,1590.178787851465,1700806673.9457335
u_1767,u_51,transaction,1208.2570335313872,1700806881.637347
u_188,u_86,transaction,7513.794082500922,1700806993.0897756
u_989,u_1271,transaction,6325.512653816647,1700807079.6689038
u_1482,u_1337,transaction,1336.5132012616252,1700807318.913184
u_559,u_324,transaction,178.74423583904826,1700807876.6229184
u_377,u_3458,transaction,2394.6904433531226,1700808005.0941944
u_255,u_447,transaction,2589.072787467096,1700808251.1293728
u_4330,u_113,transaction,839.6058408263611,1700808389.5796595
u_3504,u_6,transaction,1923.0732758864783,1700808731.9657738
u_943,u_41,transaction,1195.2433188328494,1700808839.4948313
u_752,u_3961,transaction,649.8533854653109,1700809248.5531788
u_1573,u_256,transaction,1299.727372894358,1700809339.033154
u_3982,u_4083,transaction,2305.6627898768434,1700809855.7088776
u_2239,u_1903,transaction,741.5983390648626,1700809892.1410596
u_3342,u_1928,transaction,1709.8275857169244,1700810297.6752377
u_3440,u_22,transaction,1889.016253928115,1700810301.0780952
u_1428,u_373,transaction,351.9879636345789,1700810311.1642451
u_5033,u_5038,transaction,1228.5099861049018,1700810475.8512049
u_3,u_432,transaction,736.2614809407186,1700811147.284176
u_4165,u_1989,transaction,1894.9256881676783,1700811333.3265536
u_4743,u_765,transaction,961.5657760494561,1700811390.3737123
u_4041,u_61,transaction,1459.500728282862,1700811481.6124032
u_2139,u_3830,transaction,948.0696101282401,1700812112.8901505
u_2079,u_2611,transaction,4993.724102724202,1700812180.3074372
u_512,u_948,transaction,468.88162120777014,1700812945.1650517
u_238,u_1366,transaction,1305.0236834532548,1700813514.6801977
u_20,u_841,transaction,8130.667494101643,1700813922.7856739
u_615,u_2962,transaction,3065.1118792781376,1700813970.3819144
u_571,u_71,transaction,1254.7845227392443,1700814255.4135034
u_589,u_3668,transaction,583.5391617189655,1700814266.7609515
u_247,u_1956,transaction,1607.3348245120335,1700814945.123304
u_2865,u_797,transaction,816.5648658163855,1700815237.1157038
u_797,u_2823,transaction,1510.9372386770447,1700815608.7465792
u_88,u_668,transaction,14425.431201206738,1700815612.897913
u_22,u_1163,transaction,3697.3858261289324,1700815789.945154
u_4615,u_1056,transaction,3110.1429524412706,1700816797.7558138
u_1684,u_2510,transaction,2105.9582809822064,1700816972.7802043
u_443,u_3798,transaction,2212.0011999816334,1700817470.761999
u_826,u_97,transaction,1262.321682024251,1700817577.341148
u_739,u_4501,transaction,1738.6356458149178,1700818084.9871645
u_161,u_1473,transaction,881.0969033958676,1700819042.1126785
u_103,u_4393,transaction,1037.8336305971268,1700819100.9638011
u_2450,u_3030,transaction,1746.4057760135906,1700819235.032077
u_188,u_515,transaction,310.0592167764993,1700819266.189098
u_34,u_4996,transaction,2636.7450320727025,1700819580.1889148
u_4847,u_750,transaction,190.03468445598756,1700819607.5384462
u_3519,u_1,transaction,2559.065639895493,1700819654.4894137
u_1765,u_213,transaction,10566.609280141678,1700819857.233826
u_986,u_3204,transaction,5451.903069242134,1700819888.0086608
u_3862,u_32,transaction,2475.331230245852,1700819949.378251
u_1144,u_1115,transaction,775.2216852039728,1700820274.749141
u_23,u_2055,transaction,2395.175255121895,1700820595.5386064
u_172,u_4251,transaction,4496.004551150004,1700821151.0384738
u_1462,u_1099,transaction,8237.021221111947,1700821649.3457067
u_3157,u_1342,transaction,1395.7733833944162,1700822162.6626377
u_3705,u_2637,transaction,4134.75456021052,1700822348.3545544
u_510,u_712,transaction,2666.240251919722,1700822533.0759976
u_4513,u_3648,transaction,1587.4066813418328,1700822539.917892
u_138,u_2707,transaction,257.39921480650025,1700822641.494084
u_4806,u_47,transaction,3138.4532940783556,1700823146.799192
u_1853,u_322,transaction,4233.9809913860345,1700823867.6091259
u_3095,u_1581,transaction,9021.316682020248,1700824144.2119246
u_4907,u_1587,transaction,1505.8360816275688,1700824161.990754
u_3194,u_678,transaction,2156.3029821025852,1700824416.6025877
u_4644,u_113,transaction,1060.39811158406,1700825170.4202242
u_2326,u_1260,transaction,4036.586720205278,1700825300.7036452
u_12,u_1277,transaction,5968.282538553994,1700825586.0739477
u_12,u_494,transaction,7472.878993956204,1700825611.6844468
u_252,u_2014,transaction,1624.0817465425664,1700825816.7426338
u_4473,u_139,transaction,1961.1600218659821,1700825884.4070334
u_4350,u_549,transaction,13247.356501708677,1700825891.5945911
u_1421,u_3187,transaction,1460.5273502514378,1700826718.271602
u_487,u_3321,transaction,659.4758256570285,1700826811.159125
u_4775,u_4059,transaction,911.7539611531674,1700827718.832192
u_138,u_3,transaction,1102.1681007906861,1700827732.0152304
u_1198,u_1216,transaction,2486.225571795568,1700827745.1002252
u_115,u_2648,transaction,5412.515487891662,1700827837.56995
u_565,u_3867,transaction,588.0458665096841,1700828014.3723922
u_949,u_2643,transaction,1773.2696725979472,1700828120.8607128
u_3411,u_461,transaction,5340.87733103499,1700828219.779431
u_3725,u_21,transaction,1616.717108504838,1700828243.561736
u_4642,u_1767,transaction,1269.198702206674,1700828287.9918091
u_190,u_863,transaction,1034.5256030211524,1700828445.841235
u_1215,u_1598,transaction,229.32374122033033,1700829429.469094
u_513,u_43,transaction,5631.83935965487,1700829910.670004
u_1888,u_3176,transaction,792.0222382518463,1700830015.7759
u_1283,u_70,transaction,706.8683436431863,1700830534.2704906
u_4481,u_301,transaction,1289.7257860530303,1700831139.4658456
u_567,u_2184,transaction,2117.70709907945,1700831358.3536286
u_692,u_263,transaction,5821.397257070376,1700831927.0691922
u_3124,u_349,transaction,11769.865539855185,1700832114.0738735
u_189,u_366,transaction,4642.176552835158,1700832398.619287
u_575,u_1707,transaction,652.1898244241085,1700832407.075725
u_995,u_4345,transaction,1094.7080179459938,1700832679.727775
u_2829,u_1978,transaction,404.46019709374934,1700832750.7608497
u_609,u_95,transaction,1098.8705440827944,1700833073.309624
u_3651,u_3318,transaction,623.2117426744226,1700833717.63416
u_797,u_3317,transaction,2401.489784515882,1700833722.3628757
u_3826,u_3877,transaction,23132.867221972876,1700834369.4376538
u_3944,u_748,transaction,5904.63944142452,1700834627.8954148
u_122,u_1816,transaction,4794.370181985732,1700834842.941664
u_582,u_7,transaction,40534.8977945132,1700835397.6404274
u_1190,u_3826,transaction,304.7142118748543,1700835733.1851346
u_1050,u_910,transaction,3920.6893584503177,1700836316.8787987
u_599,u_1282,transaction,8606.34954953394,1700836571.5640547
u_304,u_8,transaction,7646.034313002459,1700836789.4556243
u_4,u_1083,transaction,1258.4705865288552,1700836841.4301317
u_430,u_2413,transaction,6410.598022884035,1700837418.634458
u_5109,u_5112,transaction,661.4656009389425,1700837496.1313326
u_79,u_2918,transaction,956.9740617231446,1700837508.5808823
u_2064,u_158,transaction,1772.4647386352742,1700837912.842166
u_3875,u_91,transaction,731.4670441815751,1700837954.573984
u_3576,u_3899,transaction,2289.808906823021,1700838093.9919503
u_1111,u_4,transaction,1638.7518312512395,1700838429.0734591
u_84,u_527,transaction,1723.6523014939228,1700838766.6257708
u_511,u_1314,transaction,133.8691609556566,1700838921.0443556
u_2418,u_1616,transaction,596.982345985102,1700839112.8181264
u_52,u_692,transaction,649.1165981057343,1700839398.5478196
u_1979,u_53,transaction,904.239991248419,1700839832.3435268
u_4053,u_3567,transaction,310.12016290189445,1700840497.9499054
u_134,u_4458,transaction,3180.4854008667508,1700840610.1360996
u_1712,u_4735,transaction,2906.292478732147,1700840785.6771278
u_72,u_4390,transaction,2310.257535134011,1700840833.836261
u_81,u_1904,transaction,3957.5899056360104,1700840982.8664887
u_3327,u_1370,transaction,3499.7959730061048,1700841063.0780702
u_25,u_4699,transaction,740.4267378257207,1700842869.6195726
u_3390,u_2046,transaction,834.9996045381683,1700842883.176223
u_4440,u_84,transaction,1402.9380481921198,1700842934.0093563
u_445,u_3060,transaction,343.2571716256443,1700843059.3036532
u_1915,u_1979,transaction,6674.6510441478995,1700843456.6943572
u_214,u_593,transaction,890.3309371358814,1700843734.8130107
u_76,u_85,transaction,603.2845751902396,1700844512.168375
u_3092,u_3224,transaction,18013.884913885588,1700844637.530058
u_1538,u_1423,transaction,6339.268754556068,1700844992.4233942
u_368,u_101,transaction,1235.8868590392563,1700845088.203612
u_169,u_3865,transaction,2857.70137650041,1700845174.50508
u_411,u_148,transaction,1551.7599357194883,1700845273.775981
u_115,u_278,transaction,1061.0415304324129,1700845696.2461588
u_2159,u_1159,transaction,2168.9313995102184,1700845764.7563088
u_67,u_94,transaction,2263.5388394487577,1700845985.9903066
u_3316,u_70,transaction,1410.1782332241778,1700846328.6642916
u_122,u_4694,transaction,1342.9499395788264,1700846455.9735017
u_1922,u_411,transaction,4279.6911488907035,1700846589.9070954
u_2,u_355,transaction,1789.6840942653164,1700846593.834823
u_3362,u_599,transaction,4118.646692447611,1700847247.3058932
u_3,u_1635,transaction,100.0,1700847544.3645601
u_3802,u_421,transaction,5940.036094923294,1700847637.8008149
u_1378,u_3532,transaction,1100.002767708598,1700847966.752903
u_208,u_1241,transaction,11146.697360948268,1700848413.8727689
u_199,u_4639,transaction,6026.275499823397,1700848451.3208365
u_972,u_1919,transaction,937.2637845807646,1700848504.1575165
u_2021,u_2423,transaction,2572.169456656474,1700848894.654825
u_3595,u_3448,transaction,1337.38795624668,1700848901.343776
u_1622,u_1184,transaction,1863.9933244223255,1700849334.1177566
u_2508,u_4522,transaction,629.4904180372664,1700849508.1539047
u_2795,u_1220,transaction,974.9128716218418,1700850118.9492967
u_5022,u_5024,transaction,4252.66165254703,1700850874.099245
u_70,u_1429,transaction,1311.0900354702535,1700850936.1200254
u_227,u_1681,transaction,7565.598835880318,1700850950.1769342
u_1868,u_3285,transaction,1559.6546245025263,1700851228.7505507
u_2428,u_99,transaction,2808.693585308501,1700851268.4438345
u_176,u_882,transaction,4706.515886339302,1700851457.2544048
u_3184,u_1415,transaction,6884.095799956245,1700851778.2752993
u_4273,u_166,transaction,505.9381615296238,1700851932.9184377
u_4814,u_1159,transaction,2746.838123490297,1700851951.2124443
u_530,u_1344,transaction,2521.4956348016817,1700852256.864326
u_524,u_2047,transaction,480.6571447016708,1700852716.4868844
u_2856,u_3,transaction,7563.974947947869,1700852845.4825287
u_34,u_64,transaction,1439.4181856622824,1700853066.2374125
u_4280,u_62,transaction,934.7240562698532,1700853403.406277
u_4082,u_684,transaction,25446.750879646486,1700853510.3976026
u_2290,u_191,transaction,4682.32364283894,1700853570.608891
u_412,u_3916,transaction,778.0209133142932,1700853625.491061
u_1423,u_4862,transaction,6114.878720881462,1700853642.6269214
u_3253,u_149,transaction,1499.5832025714822,1700853852.699829
u_4476,u_259,transaction,1249.780057423977,1700853934.698735
u_3222,u_878,transaction,967.9509575492337,1700854085.2674687
u_2132,u_2973,transaction,16523.370296909598,1700854916.9896271
u_3588,u_4639,transaction,173.63595560976864,1700855246.9778578
u_4159,u_1196,transaction,748.8706672980554,1700855546.7255144
u_3600,u_349,transaction,12749.650488275573,1700855886.8207588
u_856,u_752,transaction,1913.4246479136805,1700856028.7681007
u_1465,u_830,transaction,6398.737210988531,1700856356.8210688
u_2269,u_219,transaction,1689.3998361402394,1700856395.6844285
u_2737,u_30,transaction,268.3232585106675,1700856556.625161
u_1737,u_4,transaction,7826.0289618180495,1700856574.9197989
u_4953,u_774,transaction,1386.363606202286,1700856823.8452065
u_413,u_1,transaction,2652.2621325319205,1700856905.6089237
u_100,u_4184,transaction,1862.7257763745595,1700857292.7866318
u_375,u_835,transaction,2003.4891780507799,1700857523.6114085
u_3961,u_4655,transaction,2584.0483383304336,1700858668.6800556
u_45,u_1666,transaction,85197.85109883921,1700859031.89091
u_1408,u_38,transaction,1457.2878679008027,1700859239.2839236
u_4114,u_2183,transaction,779.1303549467348,1700859254.1069646
u_81,u_1243,transaction,769.8355437536236,1700859677.4563704
u_729,u_2104,transaction,2632.5230985449134,1700860771.445039
u_2314,u_72,transaction,717.3285840693237,1700860884.3087325
u_2588,u_12,transaction,7209.785758396118,1700861351.6200387
u_2288,u_434,transaction,1893.0809934340161,1700861743.835076
u_537,u_1615,transaction,3797.611103571209,1700862011.9543822
u_678,u_2167,transaction,401.0826816353214,1700862345.681421
u_568,u_4498,transaction,473.19679480453476,1700862463.7713244
u_3,u_4821,transaction,1404.4932613130052,1700862696.1135209
u_70,u_242,transaction,2413.24598744698,1700862805.4689326
u_2301,u_3696,transaction,332.2022944554306,1700862906.4426901
u_3955,u_117,transaction,891.8793770618958,1700863253.5341718
u_4622,u_618,transaction,3493.09790270793,1700863375.4527624
u_2298,u_665,transaction,1740.0622445569538,1700864187.6611552
u_2837,u_1595,transaction,3074.204918360866,1700864324.2880945
u_3415,u_1545,transaction,957.7531952417856,1700864414.8154879
u_4388,u_56,transaction,3294.2332868983945,1700864974.797259
u_3071,u_844,transaction,2063.023629119875,1700865028.033534
u_1045,u_443,transaction,918.0529139935127,1700865069.1211107
u_434,u_33,transaction,1516.9181982115613,1700865854.6252365
u_1761,u_601,transaction,948.4985355359172,1700865913.0242953
u_4540,u_1418,transaction,1123.500521719496,1700866211.5745473
u_3608,u_3643,transaction,1054.558312227225,1700866439.989728
u_304,u_562,transaction,1831.7798602172081,1700866506.745579
u_2040,u_1868,transaction,5949.639180531951,1700866639.3807569
u_3453,u_2468,transaction,286.6042163893522,1700866785.7745252
u_304,u_358,transaction,4018.1090007205507,1700867527.3663304
u_2065,u_3623,transaction,3809.1100733342955,1700867645.241541
u_1465,u_1863,transaction,2339.6404440178185,1700867721.0281653
u_4,u_1638,transaction,8035.896600384297,1700868153.7513168
u_16,u_2091,transaction,5756.649345040764,1700868181.262726
u_35,u_156,transaction,1374.7221516726813,1700868200.5798566
u_103,u_71,transaction,2098.2874770830003,1700868263.4594448
u_2002,u_694,transaction,1690.117684759166,1700868993.5623944
u_3240,u_1126,transaction,3291.5153547373775,1700869060.9206161
u_4754,u_617,transaction,545.728777276342,1700869315.3548188
u_33,u_685,transaction,1012.3034607980469,1700870254.8244147
u_2816,u_5,transaction,1143.84607586427,1700870382.5579572
u_315,u_2714,transaction,3404.7671031455716,1700870527.2261074
u_2373,u_282,transaction,335.4028755254894,1700870661.891377
u_68,u_1006,transaction,1197.7219194075415,1700871038.310008
u_2405,u_33,transaction,404.98141891642433,1700871184.2080705
u_545,u_79,transaction,395.84796833249834,1700871489.8567922
u_204,u_409,transaction,1750.6161766674277,1700871627.9408283
u_669,u_3462,transaction,1298.8191385353514,1700871689.0854332
u_34,u_214,transaction,281.55757597881836,1700871843.402651
u_284,u_1755,transaction,1354.8785513790099,1700872134.144607
u_1,u_536,transaction,14403.9949277259,1700872356.060239
u_39,u_802,transaction,3428.585132178182,1700873279.4152153
u_3368,u_3810,transaction,2369.5535142742083,1700873552.1912155
u_129,u_1618,transaction,1301.6416106645058,1700873636.1761434
u_4310,u_354,transaction,5964.686372366253,1700873745.4757257
u_578,u_1683,transaction,5923.807146073055,1700873788.671588
u_1388,u_175,transaction,1295.3540142061663,1700873845.1470256
u_205,u_319,transaction,269.1651970491657,1700873962.6493556
u_1297,u_269,transaction,3335.1395785259356,1700874324.2141225
u_4312,u_3,transaction,4077.3607649381206,1700874499.1744158
u_1889,u_1843,transaction,1893.981579822351,1700874631.4116302
u_569,u_422,transaction,4825.962554278012,1700874937.9858875
u_44,u_3967,transaction,1852.760263052776,1700875497.6073759
u_1413,u_1779,transaction,1444.734763637053,1700875658.4962256
u_46,u_4973,transaction,2386.0079580398587,1700876780.2521892
u_1789,u_4110,transaction,626.0278967486361,1700877142.7387948
u_165,u_3165,transaction,844.0735449089699,1700877971.8428018
u_1911,u_6,transaction,523.4345441680297,1700878001.7337482
u_4397,u_4879,transaction,3814.6773443160946,1700878106.517628
u_738,u_1469,transaction,4896.455325939619,1700878116.537232
u_98,u_842,transaction,2331.174943535669,1700878689.6991508
u_1556,u_2320,transaction,10118.847953841998,1700878760.6830864
u_493,u_1461,transaction,705.2813710046703,1700879527.4058309
u_846,u_367,transaction,423.7196818543983,1700879883.8014882
u_588,u_208,transaction,5021.657777749919,1700879982.201518
u_4883,u_1694,transaction,4476.264484261196,1700880523.8841696
u_655,u_15,transaction,2437.5602203847384,1700881062.9433422
u_3500,u_101,transaction,5061.613352996056,1700881101.3372529
u_90,u_19,transaction,1361.4332330256152,1700882220.7710617
u_106,u_3122,transaction,9305.48911338022,1700882331.219044
u_546,u_1028,transaction,591.5898289786113,1700882459.9889915
u_79,u_4019,transaction,1406.5316992491944,1700882665.6912997
u_3605,u_3203,transaction,1877.9533805045528,1700882991.8827956
u_1354,u_8,transaction,2122.327955493201,1700883076.1811533
u_2210,u_378,transaction,3077.9103835589817,1700883119.545298
u_1064,u_2805,transaction,430.15166199665146,1700883250.7443273
u_22,u_4278,transaction,1230.1823871182269,1700883584.1974866
u_2723,u_2328,transaction,1829.6183628217095,1700883932.0447357
u_2744,u_4444,transaction,5628.623217026531,1700884178.44172
u_3622,u_3478,transaction,6113.133153138316,1700884196.3322089
u_2582,u_550,transaction,3393.9153839326423,1700884290.1202385
u_515,u_4401,transaction,554.5327540562221,1700884891.581499
u_22,u_770,transaction,1048.4633690371504,1700884891.8959754
u_4040,u_950,transaction,3761.7519695647616,1700884943.7375271
u_1844,u_1416,transaction,3516.897663945613,1700885218.9307184
u_147,u_3558,transaction,1629.4385266388138,1700885286.2472715
u_1253,u_4657,transaction,1958.463005526388,1700885335.6135144
u_263,u_3507,transaction,3867.697532567757,1700885382.0652676
u_739,u_2212,transaction,469.63363374317885,1700885422.001321
u_723,u_2890,transaction,2646.936956240345,1700885436.6988666
u_199,u_778,transaction,916.9194737700366,1700885447.2931063
u_1577,u_2704,transaction,1245.3437160040646,1700885753.7543328
u_102,u_4362,transaction,7724.232153206953,1700886518.5812812
u_730,u_1991,transaction,1073.8777575112379,1700886602.8432848
u_2106,u_2687,transaction,987.4177834780918,1700886905.9366484
u_463,u_4140,transaction,1055.7656013173075,1700886965.4325457
u_402,u_1316,transaction,362.2882391104706,1700887790.0056186
u_646,u_798,transaction,1110.8431674183487,1700888014.0455616
u_727,u_2652,transaction,1663.858243206113,1700888050.9462926
u_1669,u_204,transaction,595.5135571517839,1700888089.3093302
u_1671,u_3441,transaction,6173.5555160677995,1700888343.4724789
u_2491,u_2691,transaction,898.0937773834885,1700888524.5067246
u_25,u_2554,transaction,943.2745927664284,1700888614.2487235
u_3518,u_105,transaction,655.962778804771,1700888671.170234
u_81,u_1581,transaction,2977.0552271958113,1700889036.095846
u_762,u_683,transaction,2681.0806661453753,1700889158.5211964
u_6,u_4614,transaction,1002.332039752485,1700889380.8313086
u_4,u_1164,transaction,17196.064102132514,1700889438.4250255
u_3232,u_1517,transaction,234.01167240791344,1700889751.8501542
u_175,u_26,transaction,6082.053714891272,1700890011.3304474
u_4174,u_1987,transaction,21969.60368764967,1700890149.1315749
u_429,u_760,transaction,456.85493481482376,1700890383.1858695
u_3280,u_765,transaction,558.8033957803877,1700891426.1244454
u_4465,u_1713,transaction,9636.988534879833,1700891603.463019
u_51,u_1612,transaction,2963.0587705976973,1700891614.256112
u_1837,u_281,transaction,4398.580359513197,1700892094.9167943
u_901,u_810,transaction,1598.2362172421779,1700892199.3294218
u_1180,u_4080,transaction,2611.4196848530482,1700892281.2571507
u_2152,u_3165,transaction,16256.094151360405,1700892968.8676212
u_1228,u_1654,transaction,454.1412538764978,1700892971.7051854
u_242,u_549,transaction,1717.2694963110835,1700892986.9929876
u_767,u_4533,transaction,1065.2891949083546,1700893239.759256
u_4937,u_4,transaction,923.6901058066187,1700893495.003866
u_1037,u_601,transaction,1589.4170953686705,1700893848.4030006
u_3904,u_4989,transaction,4071.2508754117575,1700893862.7208397
u_419,u_2538,transaction,4327.682310246887,1700893882.67473
u_1847,u_951,transaction,2812.3076404007325,1700894236.6880128
u_395,u_809,transaction,1190.454509848845,1700894250.398747
u_116,u_4044,transaction,2923.709873119255,1700894468.8795667
u_4795,u_3244,transaction,4813.885071666065,1700894652.3430252
u_4100,u_397,transaction,3051.3023630159055,1700895082.6162052
u_4732,u_1591,transaction,2581.8275728249373,1700895956.6215715
u_6,u_2020,transaction,1446.2487461868388,1700896132.1615462
u_347,u_3667,transaction,4289.491828293343,1700897380.7807236
u_4457,u_3734,transaction,2117.631423314877,1700898313.7942147
u_855,u_0,transaction,7217.564286367008,1700898484.1472044
u_4521,u_3173,transaction,4533.406554144882,1700898688.872062
u_55,u_3442,transaction,1778.9469772294829,1700899033.15537
u_620,u_419,transaction,2839.05354308852,1700899863.8026187
u_238,u_673,transaction,1797.9528321373198,1700900198.9269845
u_269,u_3042,transaction,6117.879262968035,1700900394.3928185
u_657,u_3570,transaction,3159.406632799223,1700900794.7532797
u_151,u_253,transaction,616.6795471307088,1700901289.068801
u_1029,u_438,transaction,2537.6494389408886,1700901303.9980917
u_11,u_3623,transaction,759.0173054549952,1700901646.0734332
u_919,u_4,transaction,933.7098755169907,1700902936.421137
u_113,u_2251,transaction,1970.6345338273031,1700903297.341567
u_245,u_4665,transaction,3723.3584824224436,1700903357.5187905
u_1479,u_3931,transaction,1037.663585022608,1700904085.4940753
u_790,u_2461,transaction,2122.7965462491143,1700904367.3455772
u_4708,u_764,transaction,2123.0084314443757,1700904382.5366392
u_161,u_1207,transaction,7197.248496423682,1700904580.533093
u_2426,u_269,transaction,1706.4379174231983,1700904805.233304
u_29,u_3515,transaction,3161.1630192057755,1700905940.2568567
u_206,u_3765,transaction,1813.7426048265822,1700906846.999401
u_1501,u_1415,transaction,664.7231429099675,1700907046.394141
u_1292,u_506,transaction,2051.379425301236,1700907298.911545
u_1948,u_4,transaction,1772.065772660387,1700907586.2239528
u_4983,u_3934,transaction,2843.401574888888,1700907736.2306318
u_1806,u_3637,transaction,2698.58107615987,1700908322.0865645
u_3574,u_137,transaction,562.4164468431595,1700908457.0537663
u_4485,u_395,transaction,7352.490004341484,1700908736.7918332
u_1653,u_410,transaction,511.3914000706067,1700908774.0596352
u_1199,u_927,transaction,2436.8263951719873,1700909055.711721
u_605,u_4380,transaction,470.00629226795644,1700909119.0620403
u_4410,u_618,transaction,2121.796099769422,1700909353.4015474
u_3293,u_3286,transaction,1252.594351820587,1700909587.5739236
u_1556,u_2096,transaction,1968.85896753978,1700909669.5416164
u_1559,u_4296,transaction,1134.7803998436834,1700909802.1643665
u_439,u_3569,transaction,5730.6849685122015,1700909935.943097
u_1118,u_122,transaction,1028.3492722220637,1700910041.2870739
u_328,u_1098,transaction,667.9308199401409,1700910624.9523935
u_2112,u_2671,transaction,3143.336473188457,1700910937.1005554
u_615,u_1160,transaction,436.4396272343787,1700910973.6533568
u_4525,u_4672,transaction,784.9549971791589,1700911181.3557928
u_62,u_420,transaction,3186.0621168102853,1700911268.2487993
u_103,u_935,transaction,2983.437955904664,1700911522.3841362
u_3,u_13,transaction,3122.1721734575963,1700912082.7578359
u_627,u_1433,transaction,487.09095039384994,1700912641.063548
u_347,u_300,transaction,214.74118669663463,1700913102.5174632
u_4129,u_1,transaction,1945.5849711084966,1700913750.5577407
u_94,u_1177,transaction,4342.342235828287,1700913778.994151
u_2469,u_952,transaction,3103.5066979250264,1700914668.7384777
u_2178,u_1046,transaction,2784.7755166381335,1700914727.0925827
u_1975,u_3635,transaction,1175.6451047043088,1700915113.084145
u_59,u_3939,transaction,5225.84070763773,1700915643.6413624
u_2195,u_11,transaction,2636.217474436034,1700915645.3617835
u_7,u_4963,transaction,677.9362608576103,1700916354.7516553
u_3366,u_575,transaction,291.29660356958243,1700916925.768511
u_309,u_2140,transaction,4766.9272815042,1700917096.3158367
u_193,u_441,transaction,391.07231723331125,1700917556.3600636
u_887,u_106,transaction,4456.376681516214,1700917773.0705154
u_128,u_4,transaction,181.96585268485086,1700917881.5326095
u_4563,u_279,transaction,7131.460396355318,1700917898.3002841
u_4,u_4493,transaction,1451.467725072423,1700918039.5643475
u_1567,u_1270,transaction,120.59720938757107,1700918216.8530083
u_18,u_1356,transaction,2086.863772608388,1700918226.6599889
u_2192,u_3404,transaction,5545.187460977112,1700918310.1798806
u_60,u_4212,transaction,5091.100705157846,1700918396.1155403
u_1679,u_2563,transaction,593.8965618418168,1700918966.3612623
u_2397,u_1287,transaction,1819.9215191674787,1700919781.3723023
u_967,u_4367,transaction,20470.016533424816,1700919887.5275493
u_224,u_231,transaction,962.1338681378129,1700919931.4472811
u_659,u_199,transaction,312.4656088047071,1700920155.2231455
u_390,u_942,transaction,204.98462033278255,1700920392.1188853
u_3486,u_25,transaction,835.6912154985624,1700920508.4856474
u_1142,u_444,transaction,4925.771379903946,1700920844.3825781
u_2891,u_1175,transaction,812.2248937818508,1700921050.6727529
u_882,u_7,transaction,2493.287040416743,1700921401.9623833
u_3133,u_1545,transaction,2661.9348396538044,1700921437.3476512
u_688,u_627,transaction,9578.31378853233,1700921446.1339223
u_2570,u_2764,transaction,4195.554430562776,1700922289.3019462
u_7,u_2822,transaction,2867.1621804932,1700922747.6732433
u_989,u_868,transaction,1877.2718519852438,1700923523.6803532
u_5036,u_5037,transaction,1964.1902227930605,1700923640.4713054
u_240,u_1452,transaction,3544.6026713849656,1700923786.6661565
u_3619,u_1050,transaction,1664.565344795844,1700924146.273536
u_37,u_108,transaction,1508.0171644320335,1700924406.0847945
u_4253,u_100,transaction,7927.72371472511,1700924436.6431568
u_1284,u_403,transaction,1534.0472666236735,1700924779.5940416
u_3612,u_2279,transaction,1523.4666307630096,1700925050.0446992
u_2548,u_2048,transaction,3864.219064691457,1700925078.3756912
u_4813,u_4870,transaction,673.1695179789739,1700925481.691899
u_312,u_930,transaction,3379.5843813916,1700925939.974096
u_429,u_162,transaction,539.4354148630288,1700926066.7862077
u_2309,u_4780,transaction,1283.6345163480946,1700926091.985267
u_829,u_246,transaction,5058.215294272954,1700926160.0270452
u_425,u_4230,transaction,2775.9859458528704,1700927084.8608854
u_1273,u_2397,transaction,3393.2029734225266,1700927184.318435
u_1983,u_160,transaction,10638.678953372895,1700927666.9391315
u_2106,u_2523,transaction,988.4529743702252,1700927790.9339116
u_5,u_190,transaction,444.27394723156317,1700927796.9020534
u_1250,u_12,transaction,4173.3908505218815,1700927888.2727253
u_61,u_1577,transaction,10953.672851875928,1700928184.8109953
u_3097,u_4956,transaction,539.0668003124192,1700928248.3373106
u_1586,u_1577,transaction,2773.769838779245,1700928461.3333125
u_218,u_117,transaction,329.4472979947281,1700928497.034508
u_4739,u_4539,transaction,135.49811216418897,1700928549.0048141
u_310,u_296,transaction,2567.3514936014303,1700929758.1758463
u_149,u_2713,transaction,1375.0848920027734,1700929984.8716857
u_1888,u_392,transaction,4380.168981165901,1700930866.084658
u_2895,u_410,transaction,5029.4029349958755,1700931403.9276245
u_1681,u_6,transaction,3643.502095050434,1700931615.6857305
u_4628,u_2258,transaction,1272.3053425740022,1700931926.5962873
u_113,u_1656,transaction,3798.8699260054314,1700931975.5774903
u_110,u_740,transaction,2112.255480726834,1700932558.3710132
u_311,u_4662,transaction,3435.4188145545554,1700932600.0273964
u_706,u_2625,transaction,1736.5681027009764,1700932719.9344676
u_33,u_1544,transaction,1376.9001500077366,1700932853.3091521
u_381,u_1400,transaction,547.7469162378464,1700933017.4176478
u_95,u_337,transaction,1943.3202083867527,1700933065.260972
u_1592,u_3459,transaction,8716.9067652386,1700933085.3475115
u_327,u_98,transaction,602.9375441899409,1700933207.6463006
u_575,u_6,transaction,4381.87276098408,1700933352.649446
u_3497,u_2522,transaction,1471.7876160771787,1700933493.8999588
u_1172,u_857,transaction,4892.287137725173,1700933818.1006858
u_113,u_1178,transaction,409.4496075767038,1700934054.6619446
u_486,u_30,transaction,2974.2378167080606,1700934183.4228165
u_451,u_1665,transaction,1642.443088223995,1700934278.2723868
u_4847,u_773,transaction,6091.604435632841,1700934406.4219549
u_3558,u_590,transaction,2315.73068558149,1700935026.5652452
u_986,u_3096,transaction,735.9895731235843,1700935129.4336476
u_3283,u_4,transaction,1662.7313156941134,1700935338.309124
u_173,u_404,transaction,5550.754494123443,1700935484.2358413
u_863,u_450,transaction,1580.8077957910923,1700935731.6168814
u_102,u_166,transaction,545.4482180200457,1700935939.5428667
u_1521,u_1057,transaction,5170.756545101641,1700936649.7425373
u_539,u_4728,transaction,1843.8603288866798,1700936861.8755076
u_89,u_1024,transaction,7272.97634479055,1700937000.558842
u_3801,u_76,transaction,1810.4409053911745,1700937145.660755
u_1924,u_4724,transaction,891.8457856821959,1700937705.523563
u_9,u_4,transaction,440.4056784732557,1700938053.002024
u_1712,u_1687,transaction,3584.900985528972,1700938426.439529
u_2647,u_3751,transaction,385.3955514802707,1700938431.8006897
u_4931,u_1707,transaction,1376.876902171366,1700938447.1119661
u_598,u_19,transaction,1239.217130044529,1700938461.8013406
u_1762,u_423,transaction,1319.897249432897,1700939157.364018
u_92,u_4652,transaction,875.0282633842628,1700939176.1995735
u_1794,u_2880,transaction,1766.8426938105413,1700939289.2150383
u_161,u_1918,transaction,4092.195947490303,1700939333.1666913
u_310,u_5,transaction,1171.6010802944672,1700939337.5749376
u_703,u_482,transaction,3949.5547096508817,1700939805.0197828
u_582,u_257,transaction,668.5717011320634,1700939995.4204316
u_700,u_441,transaction,1222.2271700318367,1700940422.93183
u_264,u_368,transaction,2159.7550819604435,1700940711.3931184
u_2426,u_4500,transaction,18385.71971782567,1700941076.8663254
u_390,u_1468,transaction,412.160878208475,1700941454.4473395
u_161,u_399,transaction,3580.3376980169996,1700941607.6664393
u_4809,u_1056,transaction,903.4272459409418,1700941819.8550563
u_2801,u_1068,transaction,2236.851103926826,1700941941.1189055
u_188,u_1025,transaction,606.6055834128873,1700942008.4369893
u_922,u_101,transaction,1893.3049308693207,1700942179.1340172
u_279,u_1902,transaction,1714.5281632943068,1700942368.1561575
u_706,u_3504,transaction,583.6985482539429,1700942945.2360861
u_171,u_191,transaction,3951.3906995928833,1700943066.8569317
u_4885,u_432,transaction,4991.003789196654,1700943236.4911013
u_3,u_4296,transaction,1228.657666705441,1700943382.6994784
u_4903,u_271,transaction,3713.0150133520756,1700943424.377379
u_3741,u_216,transaction,2174.840211356608,1700943859.9219234
u_945,u_2196,transaction,14150.361772585087,1700943928.9288726
u_2244,u_887,transaction,7020.455534212413,1700944043.3583982
u_4711,u_3740,transaction,1224.8778925685601,1700944163.0370283
u_1988,u_4347,transaction,1078.5639951389899,1700944250.7059143
u_201,u_4244,transaction,1551.1307290999362,1700944539.7942367
u_1435,u_507,transaction,1801.1774453379094,1700944818.5968242
u_5031,u_5038,transaction,4225.949948237321,1700945400.2874885
u_3231,u_2422,transaction,4415.842272799372,1700945469.0852225
u_1486,u_266,transaction,2642.3009740273715,1700945554.0895457
u_4901,u_798,transaction,1499.174182041166,1700945696.9232814
u_706,u_2174,transaction,4869.326187384693,1700945772.1823568
u_3621,u_3754,transaction,4871.665322327655,1700945938.4507751
u_51,u_1026,transaction,1566.2169604262565,1700946386.524431
u_2939,u_4560,transaction,1387.8140449178538,1700946571.6671176
u_3360,u_2178,transaction,1569.153025073517,1700946968.199961
u_3562,u_1293,transaction,3471.4593211435463,1700946980.5281808
u_898,u_25,transaction,2295.1533829108503,1700947173.728378
u_3267,u_2151,transaction,3482.1452355847914,1700947250.06783
u_2765,u_3153,transaction,1760.721136482662,1700947307.8323953
u_109,u_1794,transaction,3316.69160030504,1700947376.530701
u_4429,u_1483,transaction,1183.5105202057825,1700947747.5610836
u_754,u_3350,transaction,1274.8205120027978,1700947793.5781612
u_2569,u_50,transaction,2989.269813100151,1700947910.6263797
u_1744,u_5,transaction,1554.8934298920492,1700948298.403389
u_184,u_2202,transaction,652.7081178710309,1700948589.023039
u_4640,u_345,transaction,515.7956071479189,1700949255.7614343
u_4061,u_104,transaction,815.5503788666663,1700951168.823538
u_1519,u_2980,transaction,2464.457002220352,1700951342.976578
u_122,u_1131,transaction,1499.3285874140365,1700951507.1961768
u_884,u_3883,transaction,3238.0856427882636,1700951748.8300827
u_400,u_45,transaction,502.5502331120711,1700951823.1646738
u_1434,u_1475,transaction,8554.052452672251,1700952176.9772906
u_1271,u_2775,transaction,365.8150454982089,1700952270.0891764
u_1193,u_2743,transaction,4106.385066129813,1700952493.6869068
u_3616,u_2747,transaction,6453.342548340521,1700952694.1710367
u_883,u_2042,transaction,683.824807387383,1700952801.2925158
u_411,u_3276,transaction,3266.091345509997,1700952919.1721864
u_3161,u_4158,transaction,1000.3687226362567,1700953493.4482467
u_3010,u_317,transaction,1803.7643827614138,1700953571.1194296
u_240,u_972,transaction,1235.0445278193656,1700953655.8769708
u_1006,u_4,transaction,403.82597876870943,1700953850.1284075
u_4208,u_2756,transaction,1352.9174930479198,1700954631.7401454
u_1711,u_442,transaction,5077.922583216959,1700954788.0970087
u_405,u_3856,transaction,477.5968881423027,1700955369.5334213
u_949,u_873,transaction,955.7654762012836,1700955390.7679446
u_76,u_1048,transaction,1720.069276225818,1700955669.5409117
u_4599,u_2990,transaction,8305.212398401643,1700955694.037968
u_3437,u_3870,transaction,2531.539881689371,1700955833.6212497
u_3889,u_1988,transaction,358.8225978530057,1700955835.358187
u_1315,u_3886,transaction,426.7273069737848,1700956691.6647255
u_406,u_332,transaction,5463.803425790999,1700957040.0500977
u_393,u_4826,transaction,585.5220843108659,1700957601.2481313
u_2170,u_0,transaction,3085.99399217898,1700957627.2441845
u_2491,u_2904,transaction,2583.6870819861474,1700957937.5355937
u_2841,u_1982,transaction,4645.7843954126365,1700958119.2854488
u_1181,u_73,transaction,528.727802706641,1700958236.3600876
u_4526,u_52,transaction,737.1172672440715,1700958388.896314
u_1915,u_152,transaction,1711.6646228807615,1700959161.9361668
u_2762,u_34,transaction,2175.85188222781,1700959184.6615958
u_2802,u_1071,transaction,10385.200773179062,1700959198.9771218
u_3,u_96,transaction,1217.213231304817,1700959228.2164147
u_10,u_452,transaction,1447.401419595719,1700960060.1952093
u_2410,u_4105,transaction,1396.8213702306039,1700960471.0437527
u_1137,u_1074,transaction,3768.667406961349,1700960650.5712268
u_2223,u_2742,transaction,4062.921317356051,1700960923.6073065
u_4866,u_332,transaction,1178.1276761915788,1700961186.7888408
u_2056,u_1747,transaction,1516.430030969968,1700961522.9446154
u_135,u_4691,transaction,5150.823040035829,1700961549.7429829
u_4989,u_2030,transaction,4244.371271199745,1700961591.599016
u_288,u_2235,transaction,252.1177353783882,1700961701.5973823
u_3423,u_1246,transaction,1359.9600325734193,1700961825.3202405
u_2065,u_2931,transaction,2713.0373691597365,1700961849.9951646
u_854,u_655,transaction,5449.1644940098995,1700962870.0194001
u_259,u_3138,transaction,1513.9964908977477,1700962875.4762905
u_2299,u_2611,transaction,1135.959305581858,1700962948.2027948
u_26,u_3822,transaction,4740.542852976147,1700963171.2302873
u_672,u_2488,transaction,6666.396668476313,1700963815.347929
u_511,u_495,transaction,2041.542776895748,1700965311.5525453
u_25,u_60,transaction,2210.7764037177785,1700965371.6099572
u_489,u_2279,transaction,3695.0362721700785,1700965475.5322676
u_428,u_2690,transaction,555.444262104438,1700965594.5217915
u_47,u_1460,transaction,7684.3736243619205,1700965728.2955732
u_387,u_117,transaction,683.5060333330708,1700966048.2652187
u_301,u_947,transaction,2846.6701718459003,1700966733.2284527
u_167,u_2126,transaction,904.2360148936776,1700967025.0152235
u_0,u_2661,transaction,1428.9941583995442,1700967848.430468
u_10,u_95,transaction,202.09667031375085,1700967849.01334
u_1215,u_4865,transaction,1462.285190693502,1700967977.7138145
u_1198,u_2802,transaction,1640.0378769526474,1700968012.5302582
u_1085,u_3906,transaction,1142.670281984525,1700968288.959867
u_207,u_1564,transaction,2437.669600933922,1700968666.8732092
u_160,u_2899,transaction,557.0101680294565,1700968705.9599605
u_2220,u_2010,transaction,3417.119442495522,1700968778.1633797
u_1357,u_884,transaction,2320.523740963987,1700968807.2739155
u_1009,u_118,transaction,912.6621038314897,1700968862.4863951
u_153,u_2608,transaction,5186.436087999798,1700968931.9037328
u_4772,u_913,transaction,1749.1286473672787,1700969177.4343977
u_3791,u_98,transaction,8517.979169549328,1700969474.368608
u_1872,u_3103,transaction,1318.0610562017764,1700969617.8446302
u_3344,u_4553,transaction,1670.0545600976775,1700970141.6084192
u_3824,u_4111,transaction,9465.483195329029,1700970358.6557033
u_886,u_3868,transaction,1138.132129013968,1700970434.756834
u_3209,u_2805,transaction,5578.6669937497245,1700971376.837144
u_1191,u_1828,transaction,224.4206834479572,1700971934.510622
u_2071,u_4738,transaction,7101.733845548186,1700972703.6017046
u_230,u_1241,transaction,2535.021832038336,1700973022.9927406
u_1801,u_3775,transaction,473.6791648170292,1700973106.2463946
u_3419,u_1279,transaction,2234.7377868138187,1700973223.2565894
u_4580,u_3418,transaction,2171.904952591128,1700973764.8086874
u_1326,u_4638,transaction,5271.921775351239,1700973951.5664747
u_167,u_697,transaction,253.8417019739897,1700973976.4773612
u_3503,u_3508,transaction,326.81577912729733,1700974095.6460693
u_2441,u_1863,transaction,966.5033104311284,1700974313.8171325
u_1943,u_847,transaction,992.8775612263165,1700974387.7653232
u_1528,u_1104,transaction,693.9716052086184,1700974496.5690482
u_392,u_669,transaction,542.8316009175378,1700974498.5562797
u_2752,u_274,transaction,8416.353340006646,1700974653.422126
u_4546,u_315,transaction,1146.4901076716994,1700975697.4472458
u_1900,u_2499,transaction,5958.103546201662,1700975726.7688494
u_4507,u_522,transaction,2540.3351358805376,1700976158.1350963
u_12,u_2598,transaction,852.5304695314392,1700976289.5406377
u_84,u_3524,transaction,2451.590316367225,1700976337.5152454
u_4986,u_461,transaction,1331.9254604770779,1700976742.7789598
u_3363,u_1672,transaction,1202.9593112987807,1700976926.620194
u_2128,u_939,transaction,991.532840413525,1700977491.9453888
u_359,u_581,transaction,796.9103118529447,1700977584.5175176
u_94,u_113,transaction,4131.6095194623185,1700978462.2320254
u_2452,u_2366,transaction,1794.1936936733985,1700978462.5995195
u_314,u_4474,transaction,7659.257448259449,1700978730.6886091
u_62,u_0,transaction,214.30588719451922,1700978895.5603592
u_1429,u_1170,transaction,1521.0472018137543,1700979448.3911965
u_2902,u_115,transaction,14000.694236922747,1700979588.0741105
u_2348,u_9,transaction,5907.555732420286,1700979672.1774292
u_4300,u_30,transaction,1706.2205527651765,1700979958.1206136
u_2149,u_1501,transaction,16839.77473672396,1700980263.9589381
u_262,u_878,transaction,275.91024536086803,1700980309.37357
u_43,u_1698,transaction,157.47960931612877,1700980772.5714822
u_335,u_22,transaction,1294.0068441111782,1700980856.0432513
u_232,u_1548,transaction,931.7821870114958,1700980886.409158
u_59,u_129,transaction,2497.805222295288,1700980930.8817623
u_113,u_377,transaction,2489.0386384192993,1700981046.3469613
u_1323,u_152,transaction,1257.5030643684368,1700981331.4843225
u_2283,u_3223,transaction,338.4646143906534,1700981356.0395179
u_3565,u_2318,transaction,1031.6460052399805,1700981560.7714643
u_4308,u_0,transaction,3610.561484558981,1700981681.2191994
u_95,u_3495,transaction,3304.9857184534762,1700981810.1725614
u_1958,u_510,transaction,4947.345954841073,1700981911.2125502
u_649,u_907,transaction,7586.889998267192,1700983180.3633971
u_1536,u_100,transaction,952.3367806900358,1700983372.261609
u_365,u_3207,transaction,18838.427013883374,1700983447.4773972
u_1057,u_2487,transaction,4179.013676976542,1700984129.888484
u_2932,u_536,transaction,1701.6253919740302,1700984254.574018
u_2437,u_1807,transaction,1005.7298043466714,1700984305.5098324
u_2027,u_23,transaction,4321.2383595249485,1700984333.3644054
u_412,u_94,transaction,1471.6803763485023,1700984452.0748742
u_103,u_742,transaction,4641.479787704374,1700984499.2770147
u_2636,u_389,transaction,1463.1296524868724,1700984642.0141873
u_791,u_2537,transaction,2203.053440779972,1700984811.0182724
u_865,u_3483,transaction,717.4703318241989,1700985650.6862917
u_779,u_26,transaction,458.6678467919957,1700985768.991372
u_149,u_3067,transaction,1121.4238117311875,1700986123.4688416
u_786,u_698,transaction,2365.7509723533763,1700986305.513601
u_852,u_3837,transaction,2157.622291197176,1700986681.5222807
u_117,u_4461,transaction,8994.235115028687,1700987148.3397684
u_3847,u_2302,transaction,10361.569187029292,1700987277.99013
u_3416,u_1843,transaction,2187.301540832137,1700988963.2168574
u_4363,u_1491,transaction,435.42273470655874,1700989085.6581893
u_5092,u_5096,transaction,1061.967525408065,1700989420.678071
u_382,u_1793,transaction,362.64445782628064,1700989501.2578824
u_2449,u_1,transaction,1168.5104963969964,1700989961.7563713
u_950,u_453,transaction,1105.4890498921302,1700990415.1039612
u_5,u_467,transaction,830.3980915400947,1700991765.2223237
u_1743,u_2541,transaction,7150.062802015751,1700992413.758159
u_975,u_4858,transaction,12227.21014720028,1700992595.23603
u_397,u_807,transaction,675.198602945961,1700992664.299665
u_1055,u_3496,transaction,4770.350601613925,1700993209.6781929
u_730,u_802,transaction,1939.2414357909727,1700994001.2595892
u_315,u_64,transaction,4116.186580945547,1700994399.8076584
u_3303,u_202,transaction,2827.0292859387614,1700994435.2062917
u_124,u_74,transaction,2535.1890295161497,1700994655.0579708
u_4689,u_779,transaction,2375.612831488082,1700994897.7755823
u_5,u_1845,transaction,11017.020164409541,1700995263.1543574
u_4295,u_3231,transaction,1427.3161808614586,1700995673.0330198
u_423,u_870,transaction,1875.7855922219812,1700995709.0154707
u_279,u_4683,transaction,1672.6735674433153,1700995861.6621177
u_479,u_2676,transaction,5452.760882414625,1700996040.064185
u_317,u_6,transaction,9561.256633850933,1700996648.4974852
u_3167,u_4426,transaction,3248.3556750930793,1700997220.529424
u_1532,u_8,transaction,772.3105585506453,1700997353.9172025
u_1078,u_352,transaction,1786.3166692918908,1700997401.5814664
u_4427,u_1877,transaction,1214.7824744665459,1700997420.8218362
u_2424,u_1331,transaction,254.0101706960793,1700997488.7273169
u_30,u_829,transaction,990.3471696447006,1700997686.41273
u_3407,u_1196,transaction,242.87408474122466,1700998010.929132
u_4564,u_46,transaction,4507.890687165071,1700998011.0565526
u_2847,u_4826,transaction,5332.172786265642,1700998478.4559073
u_3,u_3117,transaction,1463.9151880338798,1700998924.0801313
u_301,u_3287,transaction,16423.507635337555,1700999076.2309096
u_772,u_268,transaction,2071.2852083959215,1700999209.0989807
u_3117,u_4576,transaction,4602.338906722021,1700999234.6803286
u_285,u_1718,transaction,2643.0786642849207,1700999292.2025173
u_1756,u_2699,transaction,2677.487451467975,1700999389.9963515
u_2882,u_3081,transaction,436.0558582929617,1700999755.5409455
u_4961,u_78,transaction,2202.376460440305,1700999854.4301403
u_102,u_1687,transaction,4231.118856354999,1701000683.2242308
u_51,u_1,transaction,1996.8621558683865,1701000933.4299467
u_3143,u_208,transaction,741.9272083847557,1701001144.2959018
u_1265,u_2327,transaction,9312.536716989993,1701001237.4610956
u_2353,u_1432,transaction,560.1298879079835,1701001278.5299406
u_3750,u_4351,transaction,807.1345402963107,1701001530.0719717
u_2454,u_1079,transaction,1120.1763737777842,1701001574.875437
u_2690,u_3136,transaction,2720.722669943685,1701001669.2726376
u_1241,u_2780,transaction,650.1528147032612,1701001891.2091331
u_189,u_839,transaction,2703.406915715802,1701002103.6054184
u_1001,u_1957,transaction,1653.881056707474,1701002353.5235672
u_899,u_304,transaction,995.2838492455273,1701002392.5986397
u_3878,u_2329,transaction,970.649266455062,1701002460.5959816
u_531,u_3629,transaction,1398.3592651690697,1701002699.9490993
u_106,u_1388,transaction,6017.644893070158,1701004211.2423375
u_3721,u_4432,transaction,6221.781876365544,1701004440.6994991
u_510,u_3220,transaction,1619.9262085287105,1701004894.4014766
u_13,u_256,transaction,447.8917148366164,1701005529.9556453
u_4322,u_3818,transaction,1212.1146542020256,1701005604.102197
u_170,u_857,transaction,1448.7939592100943,1701006117.2905958
u_108,u_864,transaction,6148.409768556335,1701006582.3792295
u_492,u_73,transaction,4062.6649787687525,1701007151.2127244
u_2820,u_1018,transaction,904.9998711600305,1701007198.9326885
u_3426,u_347,transaction,1831.7038749869446,1701007397.4992244
u_3471,u_1104,transaction,9523.047248805224,1701007506.0580895
u_3981,u_1932,transaction,818.5025832503163,1701007871.0026245
u_3,u_522,transaction,916.0712113062963,1701008089.6845617
u_2318,u_3806,transaction,2064.198188384177,1701008487.332696
u_232,u_940,transaction,2079.0195143296232,1701008686.0282896
u_1683,u_181,transaction,21872.808370573264,1701008952.7722008
u_183,u_75,transaction,5417.014906985945,1701009213.2837148
u_568,u_12,transaction,2067.9157547450905,1701009605.9881315
u_3299,u_3771,transaction,1306.5803934182125,1701009931.0416958
u_2239,u_1424,transaction,4709.348348679969,1701010381.7674053
u_49,u_60,transaction,1518.3083315881772,1701010842.4960866
u_165,u_1393,transaction,803.897175779221,1701010892.250799
u_3788,u_324,transaction,3829.843300084976,1701011017.0311491
u_2839,u_915,transaction,568.7521684587763,1701011187.864673
u_1532,u_1607,transaction,944.8266575714233,1701011286.2475972
u_209,u_796,transaction,255.35670501020041,1701011325.8899775
u_79,u_4269,transaction,1358.308939397585,1701011332.2571206
u_1,u_2965,transaction,2733.7645742963064,1701011475.3371103
u_2063,u_633,transaction,3213.7861790793236,1701011777.4219239
u_181,u_1941,transaction,3567.419373925887,1701011957.9708822
u_2258,u_1148,transaction,3855.1948177507334,1701011997.2816436
u_4786,u_3179,transaction,985.0038667390535,1701012111.4505787
u_1589,u_1053,transaction,1141.656302825034,1701012124.7002108
u_1107,u_1663,transaction,1230.8305393851467,1701012231.8668847
u_75,u_1183,transaction,3402.9832047208033,1701013391.7572582
u_1104,u_4063,transaction,4152.637140421641,1701013572.7080488
u_2659,u_4406,transaction,3214.9334153345612,1701013610.3573723
u_2531,u_2668,transaction,1115.453216971921,1701014098.7211897
u_18,u_4589,transaction,3050.995426616555,1701014396.9363925
u_41,u_1176,transaction,1445.972254353758,1701014803.137068
u_1898,u_41,transaction,100.0,1701014836.1771317
u_1987,u_1150,transaction,1748.2794909750342,1701015230.381753
u_3150,u_4296,transaction,4800.288874142191,1701015275.8586926
u_235,u_4523,transaction,1064.4779777447407,1701015358.4171245
u_764,u_1057,transaction,15850.284322899453,1701015758.7746232
u_4688,u_1618,transaction,313.8842933853098,1701015772.0777721
u_240,u_3118,transaction,2128.8446222743905,1701016012.1780834
u_637,u_45,transaction,1768.2064748854455,1701016012.7692533
u_479,u_2513,transaction,4669.527166865091,1701016126.4469907
u_2135,u_957,transaction,1721.6440721022066,1701016247.2113404
u_836,u_3692,transaction,4807.210571964612,1701016739.6857657
u_803,u_4401,transaction,470.06628208341317,1701016797.2783387
u_1244,u_444,transaction,2362.4993610150977,1701017039.5012841
u_1056,u_3296,transaction,413.1197307862851,1701017086.388701
u_3100,u_34,transaction,5766.611736951976,1701017263.1837707
u_296,u_5,transaction,5115.640501563724,1701017343.4456835
u_1400,u_481,transaction,2133.253718008421,1701017507.9414513
u_2367,u_528,transaction,496.1497267379111,1701017617.7899885
u_72,u_2885,transaction,3616.339486545513,1701018293.806917
u_1871,u_3858,transaction,246.2295811505292,1701018337.182997
u_3488,u_2757,transaction,3692.283920065207,1701018513.108393
u_2803,u_3421,transaction,10763.57034580816,1701018727.8732998
u_3963,u_16,transaction,2210.9104010745436,1701018750.6627748
u_3142,u_2354,transaction,887.7558602588985,1701018911.5861783
u_4335,u_3604,transaction,3987.9474224003293,1701019134.0013912
u_813,u_1048,transaction,2534.12239818186,1701019385.037894
u_4917,u_3760,transaction,826.8688337091698,1701019385.6820471
u_1578,u_371,transaction,2883.243001957181,1701019399.084796
u_668,u_0,transaction,2061.2444600724743,1701019473.0332541
u_3399,u_2122,transaction,728.0113094378828,1701020373.1360192
u_1738,u_764,transaction,526.8409471824101,1701020654.6582026
u_81,u_1324,transaction,1124.25370542683,1701020876.8736084
u_4283,u_2108,transaction,2525.8351880273003,1701021112.301891
u_1799,u_349,transaction,5167.00781905259,1701022129.0351727
u_1122,u_157,transaction,482.8793323705125,1701022174.8713634
u_23,u_507,transaction,936.0016900262427,1701022485.6975608
u_567,u_1487,transaction,1686.4256138327594,1701022851.9797606
u_1371,u_209,transaction,1092.0589834476393,1701023346.5577085
u_322,u_422,transaction,704.4673562477991,1701023660.1877153
u_74,u_4405,transaction,15413.623721831638,1701023910.2506154
u_49,u_1152,transaction,4424.55229894786,1701023948.9388282
u_1526,u_2057,transaction,4726.461851356908,1701024323.6739268
u_192,u_726,transaction,1741.3733369774473,1701024410.979082
u_233,u_2543,transaction,1022.8018345542678,1701024862.7718782
u_3909,u_2639,transaction,819.9382896603738,1701024903.7159767
u_925,u_2302,transaction,590.1955198725411,1701025238.7773185
u_531,u_584,transaction,2819.354709942864,1701025429.7807245
u_524,u_3839,transaction,3561.2800347076886,1701026306.1000824
u_2100,u_22,transaction,5587.234847830468,1701026418.3708725
u_4356,u_2603,transaction,1296.4961301755031,1701026431.1756525
u_809,u_2952,transaction,13127.577513612468,1701026559.352603
u_2212,u_2390,transaction,7436.163904374228,1701026883.2992601
u_581,u_349,transaction,445.03322273356514,1701027928.7296667
u_25,u_3357,transaction,751.8343179830492,1701028349.5108442
u_41,u_4068,transaction,2497.849604375733,1701028572.4494963
u_263,u_1350,transaction,8304.204079205469,1701028669.4398372
u_2422,u_1679,transaction,7105.550779640266,1701028771.0020957
u_5,u_1254,transaction,1058.0665762467834,1701028913.4944112
u_2524,u_1204,transaction,1487.1393419417473,1701029570.690932
u_76,u_19,transaction,1027.5571101176517,1701029735.5897799
u_766,u_4979,transaction,4822.99177921017,1701030020.6039906
u_2964,u_233,transaction,2556.6375305576944,1701030404.9158704
u_3493,u_1064,transaction,1309.8652270506407,1701030419.8148417
u_392,u_133,transaction,1453.826179622214,1701030592.8419445
u_223,u_3991,transaction,654.7006976320343,1701030681.0023725
u_407,u_4120,transaction,305.61282946041024,1701031256.1509862
u_134,u_1110,transaction,1681.0453101745545,1701031415.7782686
u_1266,u_494,transaction,4241.930177244423,1701031449.0973768
u_2977,u_267,transaction,7342.982296786661,1701031654.0239477
u_79,u_4917,transaction,249.8098902605831,1701032187.396033
u_793,u_213,transaction,2354.902875107181,1701032432.3373635
u_4006,u_1417,transaction,825.3736076970778,1701032535.3565261
u_2459,u_548,transaction,1326.704810308676,1701032558.9147806
u_2486,u_1272,transaction,2281.952563459446,1701032732.987561
u_239,u_43,transaction,1560.3411673911733,1701032840.5388489
u_4020,u_539,transaction,5804.394288776865,1701032929.2336094
u_74,u_3626,transaction,6641.559391557421,1701033019.190612
u_3777,u_1235,transaction,2999.3703295214605,1701033155.7811759
u_85,u_948,transaction,999.7792899973856,1701033170.7903385
u_4443,u_1915,transaction,1096.9290961312447,1701033375.5650804
u_515,u_878,transaction,4859.101355391295,1701034056.0914743
u_1450,u_30,transaction,396.5595834599407,1701035249.1573536
u_2957,u_5,transaction,1865.0878329768955,1701035275.4941027
u_963,u_1185,transaction,5674.592554492618,1701035313.5608683
u_2469,u_25,transaction,490.5516133655565,1701035941.0943103
u_61,u_2167,transaction,531.1264408936086,1701036012.2433984
u_151,u_3421,transaction,1401.1138165981893,1701036149.6573348
u_1286,u_2951,transaction,13659.275587918131,1701036250.9909406
u_3965,u_459,transaction,770.1617255386182,1701036274.496253
u_2696,u_62,transaction,3053.2458354478126,1701036282.0664437
u_4211,u_1763,transaction,317.5307791274056,1701036963.8811207
u_3078,u_1020,transaction,2146.015790324647,1701037436.3733735
u_1469,u_1707,transaction,5218.349191633566,1701037458.3587835
u_202,u_2267,transaction,1710.3482797100733,1701037641.7099159
u_42,u_2312,transaction,279.5830575463957,1701038042.764994
u_1597,u_1659,transaction,2857.4548243810614,1701038223.3105385
u_771,u_1052,transaction,1706.8096462678643,1701038540.8386745
u_3890,u_1828,transaction,1044.0274469053447,1701038655.5849402
u_193,u_98,transaction,2430.046207247512,1701038821.6358128
u_4291,u_4444,transaction,728.0066709821095,1701039168.2403097
u_342,u_723,transaction,936.5149131917142,1701039224.6028016
u_76,u_2455,transaction,3123.5753436885198,1701039465.5541537
u_1233,u_1898,transaction,1627.8774908924095,1701039803.2563498
u_2371,u_3387,transaction,2523.0670782501147,1701039876.4537852
u_238,u_284,transaction,1665.8747176802167,1701040037.5973208
u_4889,u_139,transaction,754.1296868253903,1701040481.0612347
u_1883,u_2617,transaction,1910.2758525541976,1701040509.935893
u_2167,u_111,transaction,6166.786927002962,1701040599.4307652
u_4666,u_1228,transaction,2405.5986605222106,1701040919.2875066
u_147,u_1640,transaction,9290.42855779602,1701041109.0072174
u_3917,u_906,transaction,1840.1700263035584,1701041550.1146507
u_71,u_3873,transaction,1625.882314139262,1701041554.0305164
u_3088,u_2806,transaction,883.8081470761781,1701041571.9540558
u_4400,u_916,transaction,2876.2747265758576,1701041632.5026448
u_1870,u_3,transaction,3862.1110630805056,1701041636.5283182
u_572,u_1,transaction,2737.45644112196,1701041863.530903
u_2567,u_1548,transaction,811.1657494729717,1701042329.4859607
u_2609,u_250,transaction,2719.6344468408215,1701042516.520469
u_2621,u_4617,transaction,1499.861959474628,1701042532.8131402
u_608,u_349,transaction,1478.093655763723,1701042542.0688329
u_625,u_2473,transaction,1212.4080857671643,1701042857.6815598
u_826,u_1026,transaction,1706.9821179032292,1701043069.1810365
u_1969,u_381,transaction,982.6147154747972,1701043094.6766336
u_736,u_4707,transaction,1363.4307438551239,1701043203.901088
u_978,u_4238,transaction,2756.0288042172224,1701043391.5666487
u_5097,u_5112,transaction,1454.9900708956586,1701043753.4998746
u_3384,u_1114,transaction,823.8710025617171,1701043783.918393
u_4512,u_1586,transaction,5219.149517438049,1701043813.7172377
u_10,u_4520,transaction,305.0760453591759,1701044387.2658212
u_2434,u_3113,transaction,390.90504731675185,1701044713.587056
u_4124,u_1237,transaction,1067.9202163141385,1701045141.9858422
u_3930,u_25,transaction,5812.593069124483,1701045293.1692975
u_1195,u_142,transaction,601.0712681758542,1701045324.374282
u_1891,u_4605,transaction,1768.9532254246228,1701045574.4561462
u_2376,u_1575,transaction,2028.4476582774087,1701045742.2055538
u_4946,u_1270,transaction,5314.134283686848,1701045811.071362
u_2041,u_617,transaction,1242.512732069155,1701046078.6292386
u_385,u_4122,transaction,2994.3523887980673,1701046151.7145386
u_266,u_839,transaction,10154.718901307486,1701046513.95439
u_240,u_70,transaction,814.4897820702067,1701046515.2442398
u_825,u_392,transaction,587.5011133845912,1701046816.7690141
u_3894,u_5,transaction,21702.65574666042,1701046899.1417055
u_179,u_194,transaction,1728.6689008780932,1701047095.792008
u_58,u_7,transaction,2592.665241336087,1701047313.0026264
u_331,u_5,transaction,411.1073100291386,1701047505.4592187
u_2972,u_151,transaction,385.7016248157458,1701047815.083606
u_2686,u_1388,transaction,794.0481474238878,1701047831.3337371
u_5,u_250,transaction,381.09508590484654,1701047936.7964575
u_2398,u_896,transaction,799.5830984139035,1701048448.3124638
u_1821,u_36,transaction,7733.065720819154,1701048894.5001247
u_1655,u_3104,transaction,1194.023197170323,1701049372.0280292
u_1731,u_283,transaction,14406.010562427342,1701049916.636133
u_2226,u_1250,transaction,4965.526369321032,1701050064.6326349
u_2089,u_3720,transaction,782.690676642322,1701050213.0493011
u_3326,u_1828,transaction,1257.85282550305,1701050233.041037
u_10,u_3354,transaction,707.3551646315866,1701050837.1148295
u_1614,u_2272,transaction,3487.460382965997,1701050875.2610562
u_11,u_3998,transaction,3594.781359612202,1701051093.201389
u_2394,u_4623,transaction,3466.725192530058,1701051318.4629412
u_4176,u_362,transaction,3650.648122054059,1701052175.0679135
u_3975,u_16,transaction,1589.1679953118676,1701052191.942513
u_409,u_4252,transaction,2277.2224350804418,1701052235.847126
u_3307,u_359,transaction,1841.6213494533633,1701052387.8201408
u_2084,u_1629,transaction,2328.9323858113157,1701052497.2267158
u_77,u_4315,transaction,786.5406665598965,1701052912.7423785
u_607,u_29,transaction,375.03177020449175,1701053548.4754717
u_199,u_6,transaction,1373.6101449855973,1701053803.8258295
u_626,u_3792,transaction,100.0,1701054001.6529393
u_1490,u_475,transaction,647.161869865939,1701054077.4617264
u_2263,u_4447,transaction,1313.0299993653098,1701054255.6574059
u_4151,u_4006,transaction,3241.9432104817643,1701054779.7955043
u_3086,u_2859,transaction,327.26609978943947,1701054813.7185094
u_4005,u_347,transaction,4603.880009789918,1701054910.9236038
u_733,u_3431,transaction,1053.2371084609058,1701055139.3277264
u_208,u_660,transaction,3234.8031822323082,1701055540.193837
u_941,u_2192,transaction,551.7012090054606,1701055589.6982784
u_2345,u_2267,transaction,245.1326065799765,1701055629.251223
u_2695,u_4,transaction,6968.665687319333,1701055952.255142
u_3137,u_422,transaction,383.1638019305459,1701056538.6668792
u_766,u_21,transaction,3647.5939613442292,1701056605.3431535
u_1535,u_3110,transaction,2217.074598648635,1701056815.7135367
u_76,u_496,transaction,4477.352867278923,1701056830.182354
u_102,u_3940,transaction,359.2985034876071,1701057005.5505962
u_4853,u_22,transaction,718.8047876495408,1701057017.4684744
u_241,u_4635,transaction,428.35364056025855,1701057624.9543624
u_3467,u_748,transaction,2060.4713050288015,1701058131.320023
u_5090,u_5094,transaction,735.1900024649041,1701058322.791266
u_4541,u_1772,transaction,3718.2074130181263,1701058323.0698318
u_718,u_117,transaction,2517.5434983059545,1701058726.7104738
u_4953,u_56,transaction,535.6169156116329,1701058759.326498
u_1238,u_3554,transaction,1310.2481759048483,1701059011.4210908
u_1825,u_2574,transaction,878.0052695521849,1701059456.790965
u_4701,u_2234,transaction,11922.53876056535,1701059516.8217463
u_38,u_4212,transaction,5178.191566996341,1701059826.8665135
u_772,u_868,transaction,995.8419816451022,1701060224.632839
u_993,u_521,transaction,3237.547309288935,1701060858.345932
u_2939,u_2198,transaction,2253.3861381963516,1701060938.9077713
u_6,u_461,transaction,2628.219995215362,1701061407.7249112
u_923,u_544,transaction,3339.1119442828976,1701061662.781755
u_4895,u_3417,transaction,2497.322666550685,1701062089.831154
u_487,u_91,transaction,2908.109825787655,1701062184.2111838
u_3378,u_32,transaction,2694.9531909756984,1701062446.2257786
u_21,u_959,transaction,2524.921241344322,1701063953.1078048
u_606,u_641,transaction,758.4163091777532,1701064278.7666116
u_3,u_1349,transaction,3965.3349334979316,1701064592.916484
u_856,u_736,transaction,1528.0395692733327,1701065295.0832214
u_2954,u_4718,transaction,442.82957545263764,1701065437.1895752
u_60,u_3452,transaction,1990.459462886248,1701065537.1169322
u_2798,u_1685,transaction,974.4029825885921,1701065618.819918
u_2183,u_444,transaction,427.557868397428,1701065726.7106369
u_1971,u_2118,transaction,7975.391589154891,1701065960.2196705
u_364,u_1333,transaction,4015.2053866154183,1701066072.8911307
u_776,u_4508,transaction,816.0233192427256,1701066599.9867022
u_4616,u_122,transaction,529.7048875609853,1701066846.1359758
u_184,u_4569,transaction,4689.705401911566,1701068795.2119455
u_4922,u_1477,transaction,4196.405881656526,1701069092.3899195
u_2223,u_369,transaction,1614.598350820955,1701069820.535275
u_3331,u_2398,transaction,3026.11611850333,1701070169.8251345
u_420,u_2903,transaction,1692.374084819218,1701070613.3237414
u_4405,u_575,transaction,1010.5176129302893,1701071553.6842215
u_144,u_3057,transaction,469.6577395164373,1701071666.3060238
u_1912,u_4108,transaction,2306.160845635748,1701071715.5959277
u_22,u_3525,transaction,3954.580579124888,1701072246.1566494
u_53,u_329,transaction,1077.83701703023,1701072486.048561
u_4680,u_3705,transaction,694.7580275765054,1701072822.054723
u_12,u_203,transaction,3765.168198625558,1701072857.236677
u_3683,u_2518,transaction,1085.7036717431238,1701073012.5954254
u_628,u_1314,transaction,2773.358709465399,1701073053.7741725
u_763,u_34,transaction,1315.9115563999112,1701073163.2671354
u_924,u_329,transaction,1476.4476234173333,1701073200.579964
u_4541,u_4827,transaction,782.9114865163428,1701073295.1430793
u_3711,u_2590,transaction,1359.5455153066798,1701073360.0047567
u_443,u_4628,transaction,1142.6618058661315,1701073449.5059965
u_922,u_3513,transaction,807.6509184149096,1701073640.6088946
u_2904,u_1105,transaction,3569.625993108618,1701073738.0973816
u_1686,u_422,transaction,799.6624611211522,1701074317.4030042
u_1786,u_2274,transaction,1613.9460713177432,1701074758.5689812
u_814,u_1025,transaction,1565.4247067586023,1701075292.940069
u_2841,u_3680,transaction,2357.512577041477,1701075298.6445613
u_1430,u_267,transaction,1195.757122286448,1701075351.2962656
u_78,u_866,transaction,9919.074947148552,1701075579.8472345
u_1696,u_3073,transaction,773.9996069779604,1701075636.3510177
u_160,u_458,transaction,1866.3864422849067,1701076076.3429189
u_2269,u_3160,transaction,6039.004844722753,1701076694.33361
u_85,u_2923,transaction,742.1595500376739,1701076729.883838
u_5,u_3177,transaction,1181.07698650919,1701076943.391506
u_1990,u_2753,transaction,3167.7743622744474,1701077087.0574634
u_1501,u_2986,transaction,764.2630909927726,1701077153.1271753
u_5083,u_5096,transaction,1530.9372112888616,1701077708.5680325
u_2514,u_2020,transaction,5049.205904745075,1701077993.560757
u_183,u_1245,transaction,2720.598869597569,1701078503.9509974
u_4724,u_0,transaction,1238.2077582161673,1701078714.5485127
u_434,u_2190,transaction,14843.204490948965,1701078789.5434487
u_3203,u_1577,transaction,439.05700560073035,1701079008.6378372
u_1603,u_126,transaction,11021.558614398153,1701079040.088676
u_3714,u_113,transaction,166.17976594685072,1701079306.6109445
u_634,u_2880,transaction,10013.690444530697,1701079309.0537922
u_341,u_844,transaction,39296.10990903898,1701079624.668994
u_59,u_1125,transaction,4263.72651344719,1701080019.8533068
u_662,u_113,transaction,506.9698219850564,1701080135.9444807
u_1809,u_45,transaction,40066.64349436205,1701080190.8102512
u_1352,u_3327,transaction,1768.6466480440195,1701080374.5007522
u_4492,u_1817,transaction,5061.699024925023,1701080464.9917867
u_2266,u_263,transaction,2044.013009429335,1701080544.8550766
u_48,u_87,transaction,2657.0357907957946,1701080785.5951521
u_1356,u_2662,transaction,581.6267126307177,1701080813.4126635
u_3451,u_1219,transaction,4550.432512594759,1701080820.9810433
u_1000,u_0,transaction,815.6408662508927,1701081172.2743895
u_2544,u_2346,transaction,1338.8068037214045,1701082059.7744985
u_3038,u_406,transaction,13254.526656155616,1701082369.3609354
u_10,u_192,transaction,5076.561280756426,1701082451.7751856
u_2568,u_4034,transaction,310.8129200771363,1701083005.701776
u_4122,u_2,transaction,610.4368638677586,1701083095.5789242
u_110,u_4103,transaction,282.0540018710459,1701083179.2383173
u_100,u_1688,transaction,5780.581704420494,1701083497.6712744
u_68,u_167,transaction,1630.380619943727,1701083774.5366554
u_168,u_904,transaction,1623.9575506049673,1701083787.7069373
u_0,u_4445,transaction,919.9247938057433,1701083877.8016248
u_377,u_656,transaction,899.4092431021486,1701083966.5407307
u_8,u_3785,transaction,7356.723751255933,1701084027.3461828
u_2342,u_719,transaction,516.2536847112525,1701084313.5042431
u_1093,u_4267,transaction,4593.671484266232,1701084494.2764747
u_115,u_698,transaction,715.5629162699372,1701084689.7028253
u_2175,u_4638,transaction,1905.5507782526843,1701084895.759771
u_660,u_1594,transaction,2641.6344613767687,1701084934.5454247
u_3061,u_2623,transaction,536.8997475409518,1701084988.1285286
u_73,u_3548,transaction,586.3670971492029,1701085073.7736175
u_738,u_1141,transaction,2366.8015189611197,1701085351.1199355
u_2220,u_1041,transaction,1061.352333537233,1701085362.9203825
u_383,u_314,transaction,3370.14558901125,1701085607.2160137
u_4455,u_3082,transaction,2689.3281146236145,1701085801.7551274
u_2374,u_77,transaction,306.12338693344026,1701085867.2441094
u_398,u_2714,transaction,1498.5795569724105,1701086125.2787173
u_2121,u_81,transaction,1455.1164239474037,1701086271.5036101
u_4457,u_74,transaction,3070.7980389969193,1701086848.1390703
u_3396,u_2673,transaction,3085.6130878671606,1701086942.0104935
u_2410,u_27,transaction,2083.317624179159,1701087577.5443883
u_3648,u_1166,transaction,1663.7481005909776,1701087623.7860513
u_73,u_963,transaction,3588.8595118859675,1701088009.7040339
u_4180,u_3368,transaction,1282.0856956019336,1701088104.0873868
u_957,u_4588,transaction,986.6545716028168,1701088968.3442643
u_1467,u_4,transaction,1088.2278991487528,1701089698.2829912
u_1685,u_3450,transaction,496.0749589039186,1701090006.204262
u_3684,u_1198,transaction,3073.8407675782146,1701090391.9198143
u_28,u_999,transaction,1960.7504133419225,1701091242.5914514
u_4599,u_763,transaction,12610.002090704553,1701091385.8736076
u_603,u_213,transaction,2380.3487708229245,1701091481.7402246
u_3962,u_2066,transaction,5909.146272312991,1701091645.4320264
u_848,u_325,transaction,2986.276988438528,1701091783.9273682
u_67,u_2479,transaction,1116.2012174504557,1701092221.2709973
u_3093,u_21,transaction,4015.7333191875314,1701092761.434503
u_1773,u_1040,transaction,1591.5296545371314,1701093311.268486
u_608,u_51,transaction,5877.245295895133,1701093586.187693
u_2576,u_7,transaction,1109.9703606739117,1701093710.6590953
u_4,u_764,transaction,3029.57700702098,1701093958.330608
u_3006,u_1594,transaction,215.4594187290165,1701094039.033971
u_2745,u_4074,transaction,7729.160594979687,1701094091.1848907
u_2595,u_4846,transaction,794.875240045198,1701094233.430733
u_3381,u_51,transaction,2194.237558408073,1701094687.747125
u_496,u_4002,transaction,939.6114408430827,1701094783.4679875
u_2929,u_496,transaction,1373.5510866273135,1701095438.8771918
u_108,u_4597,transaction,14183.647588477987,1701095462.8474553
u_2283,u_999,transaction,1969.7997393319654,1701095991.5989146
u_2884,u_811,transaction,3558.143138192261,1701096441.71831
u_198,u_148,transaction,2590.1622500725257,1701096538.4830816
u_1021,u_2948,transaction,8964.918599291605,1701096939.8657873
u_285,u_3130,transaction,849.473773396075,1701096991.2009149
u_1529,u_4164,transaction,2057.377666292819,1701097069.9119186
u_3827,u_2531,transaction,7012.452674722439,1701097121.817194
u_1431,u_64,transaction,573.487827406992,1701097154.2112327
u_2023,u_687,transaction,5835.515661707938,1701097867.765199
u_789,u_1,transaction,700.0022008956906,1701097991.4747803
u_2633,u_409,transaction,495.9585599744257,1701098058.592497
u_2823,u_3736,transaction,732.2283058242098,1701098199.266155
u_2783,u_911,transaction,1486.0944591734738,1701098469.1873362
u_4246,u_4976,transaction,3443.087124535706,1701098498.505881
u_3844,u_882,transaction,1331.9077042462877,1701098530.627634
u_1046,u_4316,transaction,104.10222375326607,1701098544.851402
u_5088,u_5095,transaction,1638.2441149886379,1701098743.1512928
u_1288,u_38,transaction,5719.665382201058,1701099053.5596797
u_455,u_3641,transaction,955.0056660229986,1701099299.853952
u_4650,u_2780,transaction,1104.3354886731636,1701099643.7355745
u_969,u_115,transaction,1412.9414508110426,1701099921.4556878
u_3296,u_2430,transaction,2873.544345017243,1701099946.9666376
u_34,u_2791,transaction,3615.0311658625255,1701100216.4518318
u_3132,u_2582,transaction,307.8211283692583,1701100287.1258352
u_611,u_702,transaction,5927.667357175854,1701100435.357376
u_2462,u_1832,transaction,2119.119711347502,1701100774.7555254
u_3189,u_1401,transaction,2220.4972306559966,1701101300.1009903
u_4770,u_2701,transaction,3014.540218507988,1701101401.2775545
u_5,u_9,transaction,547.8902502372456,1701102356.647055
u_945,u_2304,transaction,6982.163396922276,1701102609.8209019
u_4,u_342,transaction,1294.8893289921605,1701102711.448302
u_1158,u_1247,transaction,585.1905058193331,1701103268.4210835
u_1527,u_238,transaction,2186.8626632670303,1701103290.8829184
u_2788,u_1010,transaction,432.3211861162896,1701103485.4437096
u_429,u_4845,transaction,9715.642140037984,1701103761.7179015
u_456,u_4,transaction,7582.768192119965,1701104229.1737247
u_3730,u_213,transaction,687.9758119368214,1701105198.4495938
u_40,u_34,transaction,395.3269751870021,1701105199.2577376
u_2897,u_130,transaction,2409.871979183519,1701105484.8425024
u_112,u_879,transaction,1846.2032063720076,1701105800.4320636
u_4412,u_2522,transaction,1366.748250353217,1701106196.501045
u_411,u_785,transaction,320.79975442904794,1701106826.7531831
u_1916,u_1656,transaction,820.181407586368,1701107001.9749105
u_1352,u_3394,transaction,2955.5187156323036,1701107739.8357244
u_2079,u_4662,transaction,2047.0923199053193,1701107838.0548239
u_401,u_1990,transaction,2593.1999432995635,1701107884.096335
u_3216,u_2031,transaction,15834.344905473063,1701107989.7340016
u_100,u_3301,transaction,790.5817417664064,1701108017.2406492
u_350,u_7,transaction,12520.893902394757,1701108185.6380346
u_150,u_1519,transaction,535.176289928378,1701108928.8903835
u_158,u_2788,transaction,3304.679208020835,1701109063.7766507
u_1425,u_310,transaction,965.4354717136732,1701109449.4028726
u_722,u_255,transaction,586.8693204271478,1701110333.7190444
u_64,u_992,transaction,2096.6359691164744,1701110440.6522963
u_1063,u_1383,transaction,839.7766486320074,1701110466.704139
u_3442,u_1939,transaction,731.9288976573562,1701110833.0767097
u_6,u_281,transaction,734.6613520038138,1701112153.3227804
u_3327,u_591,transaction,665.8494698546056,1701112298.5472195
u_415,u_1821,transaction,2441.7599752607325,1701112418.1454957
u_2618,u_1489,transaction,13539.779314155712,1701112661.3079102
u_1768,u_1646,transaction,7751.180856005263,1701112685.2101917
u_1880,u_1398,transaction,2888.6373408240365,1701112692.6876965
u_156,u_1056,transaction,708.7434583870722,1701112867.8986573
u_4611,u_3554,transaction,8861.233751960173,1701112891.355783
u_1571,u_4871,transaction,5560.41089835478,1701112903.5294495
u_1521,u_3549,transaction,2273.319534901011,1701113048.3103726
u_4926,u_83,transaction,898.3730991196632,1701113562.940815
u_524,u_526,transaction,550.2283318584558,1701114711.9540672
u_4678,u_314,transaction,1411.2732382521453,1701114796.2477074
u_301,u_617,transaction,1115.3671902789413,1701114923.801937
u_1687,u_3709,transaction,375.8250896033062,1701114943.9591722
u_1321,u_4782,transaction,2882.548225465237,1701114985.8208058
u_2026,u_60,transaction,1471.9924149035373,1701115123.7705593
u_1403,u_2956,transaction,244.26649759313725,1701115277.3755229
u_1195,u_2466,transaction,1186.7995617896931,1701115370.3023212
u_949,u_3618,transaction,613.0533703786693,1701115539.100458
u_1894,u_939,transaction,3152.7239268851977,1701115628.5750563
u_3322,u_258,transaction,1396.873024820785,1701116066.2784371
u_45,u_1287,transaction,1177.0370436460528,1701116451.4261768
u_876,u_3921,transaction,3044.592753112218,1701116501.2839923
u_45,u_89,transaction,775.6365309732519,1701116806.2364497
u_4126,u_4912,transaction,1981.7999502780326,1701117430.174036
u_2392,u_1423,transaction,4845.133100543176,1701117628.0204954
u_3394,u_606,transaction,713.7188660742266,1701117884.6468945
u_21,u_3083,transaction,3592.371135025273,1701118439.6973765
u_771,u_1425,transaction,1487.856421257851,1701118704.8082993
u_3617,u_34,transaction,385.6551562573281,1701119040.3510578
u_963,u_23,transaction,1325.5771072602297,1701119176.2470796
u_986,u_3601,transaction,926.9104432468949,1701119208.1381383
u_1294,u_417,transaction,12055.649832136933,1701119417.4593492
u_1387,u_846,transaction,1180.4398518332937,1701120047.1450422
u_1460,u_1637,transaction,1195.8066162801586,1701120065.7653954
u_448,u_1968,transaction,645.6051870955974,1701120431.2838852
u_392,u_3787,transaction,248.46750156005837,1701120757.4562993
u_1159,u_449,transaction,3370.6130890952013,1701120794.6486578
u_1646,u_1064,transaction,1985.2963892102734,1701121130.046275
u_316,u_4793,transaction,1503.955903076216,1701121152.3782897
u_2636,u_1172,transaction,3045.0722430855694,1701121178.1881287
u_3294,u_970,transaction,2675.2657639448594,1701121192.8902543
u_116,u_3554,transaction,1456.8015296604526,1701121384.304381
u_1295,u_3330,transaction,1128.5447826928132,1701121420.9505172
u_679,u_2073,transaction,1741.2617926227103,1701121592.5019393
u_197,u_2090,transaction,14303.020840214545,1701122235.5673652
u_1082,u_4267,transaction,1148.3812072767635,1701122277.1481357
u_3237,u_295,transaction,785.0352780251328,1701122301.4416761
u_629,u_113,transaction,568.501268407373,1701122480.6758611
u_4361,u_2170,transaction,355.8494434705668,1701122716.2296786
u_766,u_1010,transaction,2974.372315753895,1701123313.134529
u_1210,u_4529,transaction,3510.9654900745427,1701123319.8862844
u_1063,u_3490,transaction,3604.9878389768296,1701123380.0506835
u_3212,u_2234,transaction,1074.2407301032006,1701123536.5048804
u_612,u_2426,transaction,2161.7961732463646,1701123786.4039438
u_4700,u_2625,transaction,1763.3541497307301,1701124022.5186605
u_2139,u_4866,transaction,899.4651648370798,1701124112.2753797
u_975,u_1264,transaction,1448.7601525312054,1701124352.465108
u_1633,u_945,transaction,3080.3028816248493,1701124640.864589
u_1845,u_3696,transaction,3646.01436005775,1701125178.404055
u_478,u_296,transaction,1964.1847849619414,1701125561.7545319
u_1094,u_3075,transaction,390.5209914584588,1701125582.5784874
u_1724,u_3634,transaction,1143.5160053332518,1701125924.5497673
u_249,u_175,transaction,11040.287373858477,1701125987.3011112
u_4268,u_353,transaction,1836.6200581547896,1701126250.9880996
u_2155,u_7,transaction,4886.828613068508,1701126272.2907374
u_10,u_3462,transaction,8884.157368676497,1701126405.325978
u_2562,u_3436,transaction,1264.1712733036466,1701126702.3020537
u_126,u_2771,transaction,2585.792613744812,1701126843.5249732
u_4215,u_4688,transaction,2212.7669185483464,1701126964.3375936
u_883,u_1052,transaction,263.04560512293966,1701127172.2265491
u_962,u_3576,transaction,652.7503882754291,1701127357.1684701
u_2658,u_2071,transaction,340.56115700645495,1701127717.5532434
u_668,u_2946,transaction,332.7978905000145,1701127904.0693653
u_560,u_1345,transaction,391.3250678879812,1701127936.9234276
u_1263,u_2898,transaction,3495.5488061908427,1701128082.6741087
u_4024,u_3802,transaction,666.2688213145912,1701128218.7418888
u_238,u_396,transaction,675.441339142721,1701128424.8787398
u_575,u_3767,transaction,1225.9625222615803,1701128648.3877797
u_913,u_280,transaction,1516.4776597527418,1701128858.9377973
u_844,u_1655,transaction,199.75400745424145,1701129112.9757373
u_2197,u_750,transaction,378.18287414530977,1701129232.4055429
u_245,u_271,transaction,3422.7068679218887,1701129879.5038955
u_357,u_356,transaction,339.9684554455236,1701130051.9039223
u_619,u_77,transaction,7483.862000771846,1701130125.7390769
u_4014,u_1200,transaction,195.6692692272926,1701130605.054753
u_229,u_2127,transaction,674.2220454199745,1701130928.5306265
u_3722,u_666,transaction,437.7440010717711,1701131890.8050046
u_4,u_4481,transaction,4102.587979774463,1701132074.7703905
u_1893,u_650,transaction,1542.1838720668504,1701132589.2213001
u_611,u_28,transaction,630.5449445380096,1701133032.4818506
u_266,u_379,transaction,1168.2191366226803,1701133843.8197896
u_179,u_146,transaction,245.0972407584837,1701133845.0625415
u_3339,u_2196,transaction,10239.846972833622,1701133923.9435947
u_3149,u_3074,transaction,1247.3076524558685,1701134119.4597888
u_515,u_4999,transaction,1809.4089201160168,1701134259.0628932
u_85,u_1619,transaction,685.3130489411171,1701134288.5187428
u_1003,u_615,transaction,3650.185670576458,1701134403.14533
u_12,u_711,transaction,1850.3023663743493,1701134530.29672
u_7,u_2667,transaction,2080.4923883487427,1701134689.6533804
u_1606,u_5,transaction,4694.209947345112,1701134987.8438523
u_1280,u_5,transaction,910.8015922804273,1701135131.0480578
u_2083,u_4,transaction,4812.103369906422,1701135332.3397305
u_296,u_1337,transaction,9666.652089100546,1701135353.5150528
u_4,u_2,transaction,508.0955413676843,1701135696.3378818
u_4353,u_670,transaction,42521.76251554774,1701135830.8377001
u_4774,u_4,transaction,3141.6077005527945,1701136077.9900475
u_5007,u_5013,transaction,1748.9689088464647,1701136442.338101
u_4641,u_3854,transaction,1148.9294693835577,1701136624.9683042
u_148,u_3491,transaction,1527.180153246276,1701136820.7285063
u_314,u_1803,transaction,116.12886112679762,1701137002.4899185
u_438,u_371,transaction,2363.369509173082,1701137065.729374
u_80,u_8,transaction,5650.817681312826,1701137405.3972044
u_688,u_10,transaction,607.6511328067011,1701137800.5498898
u_2307,u_2961,transaction,454.8185470806608,1701137825.0774124
u_93,u_4960,transaction,1032.1428563453928,1701138332.5258355
u_2553,u_46,transaction,1200.146313435568,1701138987.8616352
u_0,u_43,transaction,1858.1067646348267,1701139097.9942381
u_196,u_2411,transaction,2852.36625920718,1701139173.3689322
u_960,u_1253,transaction,324.51373166783196,1701139254.5075796
u_764,u_918,transaction,1346.0236569081787,1701139549.9852946
u_3202,u_2019,transaction,2610.6787051935926,1701139582.4150407
u_32,u_4219,transaction,510.1687691685534,1701140518.677597
u_1672,u_2601,transaction,1729.7405067713312,1701140772.0752907
u_3809,u_683,transaction,5584.143231851397,1701140928.0093973
u_4232,u_1205,transaction,1804.0003299574937,1701140945.3815806
u_3220,u_4424,transaction,3099.2333197772605,1701141148.9362917
u_258,u_1906,transaction,23703.06878286411,1701141423.3443325
u_933,u_1035,transaction,1870.6241254180482,1701141430.7856584
u_1239,u_381,transaction,926.7230904643307,1701141433.1384184
u_1323,u_4748,transaction,1778.5916174098475,1701141766.1405153
u_706,u_3218,transaction,7014.995418469503,1701141960.4850633
u_1832,u_1425,transaction,1022.1728976251759,1701142237.1891801
u_208,u_1062,transaction,593.4503473674498,1701142567.454105
u_363,u_1101,transaction,1574.8537114682642,1701142643.6059697
u_16,u_4542,transaction,1235.5918637990785,1701142937.3079524
u_7,u_1704,transaction,145.1433801557707,1701143051.0308237
u_2048,u_37,transaction,3686.6805950139774,1701143424.9665287
u_778,u_3091,transaction,836.143041273911,1701143441.495008
u_1665,u_603,transaction,6187.102582051604,1701143869.336624
u_1164,u_3062,transaction,6127.552013681996,1701143878.5672228
u_456,u_1022,transaction,2570.0030251097,1701144418.7558668
u_4541,u_709,transaction,2310.082839932344,1701144936.9951375
u_413,u_1694,transaction,229.22343463318958,1701145392.132864
u_299,u_9,transaction,2229.5035810152144,1701145484.611251
u_9,u_1186,transaction,2231.36127077827,1701145728.3502965
u_0,u_3682,transaction,813.8645271929145,1701145741.5244892
u_570,u_3662,transaction,4322.990061136921,1701145805.4387796
u_296,u_627,transaction,1949.7055475539923,1701145862.8458688
u_132,u_3820,transaction,933.049783070778,1701146264.982547
u_628,u_1161,transaction,5328.263813576756,1701146553.8311255
u_1937,u_2305,transaction,1773.7971676054112,1701146712.9316757
u_966,u_130,transaction,2390.084161554712,1701146755.7590578
u_4614,u_0,transaction,1334.4492931378265,1701146813.1431162
u_291,u_2928,transaction,532.245569926495,1701146842.7741451
u_319,u_156,transaction,1355.389260919467,1701147242.1250243
u_243,u_3058,transaction,545.1432488244665,1701147467.7471073
u_818,u_1500,transaction,1837.4330368649532,1701147497.298497
u_1943,u_678,transaction,1255.1963210622553,1701147933.0018222
u_446,u_933,transaction,10428.439383324217,1701148309.768741
u_1541,u_517,transaction,2748.3608547367035,1701148350.3674986
u_2265,u_18,transaction,2545.56024329995,1701148374.4042275
u_954,u_3379,transaction,5877.377494326723,1701148378.9696615
u_1501,u_94,transaction,631.0927294793818,1701148735.6732638
u_100,u_1560,transaction,1278.22595541459,1701149182.2062378
u_29,u_1863,transaction,1488.1703686259752,1701149849.773342
u_26,u_547,transaction,2017.0845824068776,1701150217.8520021
u_1799,u_2049,transaction,1779.2477840736701,1701150493.045573
u_4744,u_399,transaction,10595.337163241114,1701150560.8391209
u_546,u_4207,transaction,221.5489892769102,1701150643.3337834
u_334,u_605,transaction,810.5556278893662,1701150692.496341
u_3085,u_1643,transaction,6697.195270574709,1701150999.591517
u_240,u_859,transaction,1755.744562178838,1701152311.3829315
u_2700,u_334,transaction,2375.8687386810707,1701152603.2342043
u_4355,u_590,transaction,3354.535178581414,1701152760.075579
u_3592,u_2013,transaction,27499.198778597507,1701153103.7556963
u_596,u_2604,transaction,1125.3189942566387,1701153339.6282234
u_3480,u_983,transaction,304.9430054571216,1701153870.0012693
u_694,u_2569,transaction,8852.42911171284,1701153941.2947326
u_2261,u_556,transaction,730.8934567574304,1701154444.0278904
u_1210,u_3799,transaction,6988.626814816576,1701154992.8979645
u_4494,u_2651,transaction,4623.730742529109,1701155375.6785476
u_0,u_3212,transaction,1167.0829128209907,1701155397.1402745
u_933,u_3131,transaction,1797.0992001507377,1701155705.1696692
u_584,u_358,transaction,1151.4544634457886,1701156759.6967754
u_34,u_3119,transaction,2467.8682274169746,1701157713.815794
u_504,u_697,transaction,3687.529604155214,1701157778.894904
u_3799,u_84,transaction,6206.833095635516,1701157938.404914
u_3957,u_1028,transaction,753.2383763912745,1701157972.2923834
u_51,u_6,transaction,3389.187544509437,1701158251.8960736
u_1438,u_1203,transaction,377.79509366679724,1701158508.4555402
u_281,u_3656,transaction,792.116153221503,1701158604.2762854
u_58,u_4,transaction,1063.190000426689,1701158689.0120065
u_1726,u_1925,transaction,699.6646236538514,1701158696.909232
u_2198,u_3832,transaction,502.9159371969643,1701158807.761832
u_3699,u_2885,transaction,1641.3705747776164,1701159109.2588518
u_1409,u_3662,transaction,4325.127938450013,1701159732.4046857
u_68,u_1982,transaction,2591.945896384245,1701159930.0383968
u_995,u_7,transaction,7632.091602266261,1701160540.4290411
u_303,u_415,transaction,2342.397902284992,1701160554.3728933
u_2702,u_158,transaction,2340.163274210464,1701160615.509693
u_3059,u_304,transaction,1911.921315616874,1701161254.3221612
u_2905,u_149,transaction,4265.3112294973425,1701161472.3419383
u_194,u_1107,transaction,1033.8842994541799,1701161704.7134402
u_2078,u_1178,transaction,3092.2453377321253,1701161770.0162365
u_229,u_1650,transaction,1376.0787555278628,1701161818.7360034
u_2639,u_51,transaction,5023.9067901503995,1701162318.5181592
u_2165,u_8,transaction,6269.211055162471,1701162523.5510817
u_42,u_3586,transaction,2128.8992794400842,1701162615.5801892
u_1613,u_1347,transaction,9171.764730517038,1701162683.695821
u_349,u_674,transaction,1595.772325518515,1701163067.285296
u_281,u_2371,transaction,327.8781489987593,1701163244.6540246
u_173,u_631,transaction,2647.4517023752996,1701163314.9771693
u_1071,u_34,transaction,8372.760458579443,1701163382.4175463
u_1643,u_808,transaction,492.95542940651393,1701164147.691426
u_1300,u_11,transaction,664.2677763397885,1701164189.88125
u_2431,u_2241,transaction,729.7291519923452,1701164383.7392986
u_2510,u_364,transaction,4226.38421397342,1701164422.1741028
u_29,u_3020,transaction,5343.2165623350675,1701164430.5334818
u_257,u_94,transaction,1859.9750936939345,1701164729.8497367
u_3367,u_208,transaction,1452.6340131612938,1701164852.479565
u_3778,u_774,transaction,1564.2054038297924,1701164919.0589755
u_4,u_454,transaction,1194.3687706741246,1701165332.3108103
u_22,u_45,transaction,1295.889199474159,1701165667.2897623
u_3254,u_2132,transaction,2159.64902906801,1701165867.8202863
u_2603,u_1,transaction,916.0871117020536,1701165983.3968647
u_4451,u_524,transaction,4434.039049127972,1701166039.234161
u_1849,u_1572,transaction,2766.9196293725445,1701166087.4772935
u_5047,u_5048,transaction,17982.920856565648,1701166301.5444493
u_5048,u_5049,transaction,16184.628770909083,1701166316.8164642
u_5049,u_5050,transaction,14566.165893818175,1701166359.954097
u_5050,u_5051,transaction,13109.54930443636,1701166372.226585
u_5051,u_5052,transaction,11798.594373992722,1701166397.2428327
u_5052,u_5053,transaction,10618.734936593451,1701166409.9667642
u_5053,u_5054,transaction,9556.861442934105,1701166442.7297218
u_868,u_2947,transaction,3757.01580573609,1701166446.4951906
u_5054,u_5055,transaction,8601.175298640695,1701166492.9632895
u_5055,u_5056,transaction,7741.057768776626,1701166529.6841338
u_5056,u_5047,transaction,6966.951991898964,1701166563.0436716
u_92,u_2545,transaction,9473.069401174043,1701166775.921678
u_12,u_965,transaction,482.56118329372845,1701166977.9211636
u_1928,u_2735,transaction,1307.786309572555,1701167098.7345676
u_2274,u_4725,transaction,100.0,1701167209.6142762
u_171,u_94,transaction,669.4192091294848,1701167259.4532304
u_4675,u_4531,transaction,8903.30607820717,1701167579.4401689
u_2008,u_756,transaction,1803.0120190720568,1701167800.277848
u_113,u_1943,transaction,14132.14303721477,1701167932.855439
u_12,u_3007,transaction,994.7795372205661,1701168110.7939227
u_1366,u_585,transaction,923.7927897903386,1701168564.9836273
u_3694,u_2126,transaction,1870.6281945433368,1701168910.5945282
u_199,u_979,transaction,2536.356403807754,1701169023.2551973
u_2381,u_38,transaction,2737.6782888797898,1701169048.4204798
u_84,u_1209,transaction,2526.162899607865,1701169320.7519493
u_259,u_1997,transaction,4878.670889195678,1701169586.133322
u_635,u_2673,transaction,2812.813901112898,1701169774.787198
u_4412,u_4479,transaction,827.1586441232536,1701169938.5011768
u_89,u_159,transaction,5245.741930886447,1701170075.1220903
u_206,u_388,transaction,3637.1404881318617,1701170217.0905218
u_8,u_4067,transaction,393.207550471959,1701170442.7861316
u_7,u_441,transaction,2030.0680369780894,1701171018.3591292
u_1186,u_220,transaction,5976.147377591016,1701171018.3619545
u_2335,u_3312,transaction,1597.621202886495,1701172119.4215047
u_1147,u_1373,transaction,6614.3350275551265,1701172247.2957497
u_198,u_2330,transaction,3291.163213757458,1701172253.346348
u_1824,u_3329,transaction,1994.3381891759932,1701172468.063337
u_3241,u_452,transaction,6178.659083942548,1701172469.3990912
u_2555,u_1125,transaction,876.2903324755898,1701172509.835382
u_1101,u_64,transaction,1504.8850986294829,1701172723.1390443
u_638,u_255,transaction,6756.784058518071,1701173149.3601656
u_1156,u_706,transaction,3222.712011466391,1701173166.4304886
u_1077,u_678,transaction,1810.2232792658467,1701173565.236812
u_1575,u_4508,transaction,369.7443904657048,1701173623.997406
u_1109,u_664,transaction,225.71191519479797,1701173711.3627155
u_4045,u_3826,transaction,9419.836052566885,1701173936.172886
u_1738,u_4289,transaction,850.3957823369565,1701174145.5683126
u_209,u_115,transaction,3139.956606848556,1701174180.5321038
u_25,u_1037,transaction,3493.4041913706183,1701174241.606919
u_2058,u_263,transaction,714.6080148232509,1701174291.250421
u_4570,u_31,transaction,16076.195155256359,1701174482.6052544
u_78,u_3810,transaction,2956.9664431313713,1701174515.5247288
u_2730,u_4153,transaction,1332.450884429321,1701174582.4186485
u_85,u_4,transaction,980.911456427422,1701175426.9789224
u_105,u_591,transaction,1488.8076862378343,1701177040.6390338
u_5016,u_5024,transaction,1809.6947680782216,1701177532.205184
u_40,u_3319,transaction,458.63600165645215,1701178249.9616137
u_702,u_2754,transaction,3203.6864511601734,1701178317.7279656
u_3725,u_2999,transaction,928.11094927523,1701178510.6473517
u_238,u_1703,transaction,410.9284979547949,1701178642.8058736
u_718,u_833,transaction,1379.7164737506234,1701178747.1442416
u_3284,u_1759,transaction,4161.384893050422,1701179585.08003
u_1338,u_4177,transaction,2111.503100721779,1701179741.3838828
u_2391,u_3083,transaction,2791.302606536083,1701179859.953885
u_1212,u_1651,transaction,2047.3175331365496,1701180129.5700593
u_2157,u_25,transaction,1626.2819006200818,1701180252.1487012
u_3186,u_93,transaction,14401.174422384707,1701180554.5571055
u_3932,u_2922,transaction,6416.712880632718,1701180653.217263
u_418,u_4367,transaction,713.9862178985869,1701180969.814676
u_366,u_530,transaction,2261.824062308508,1701180985.3821697
u_1505,u_6,transaction,2166.5062185192232,1701181056.2174916
u_4637,u_1599,transaction,840.2315219405547,1701181362.8505867
u_2103,u_25,transaction,1339.8413682939865,1701181735.9717636
u_3357,u_50,transaction,682.1116977172883,1701182195.6358392
u_4704,u_984,transaction,2706.196991620019,1701182494.2937148
u_119,u_2629,transaction,4327.842162792626,1701182551.0926757
u_1505,u_1107,transaction,3967.1378085810993,1701182586.9920473
u_491,u_6,transaction,31837.593487105434,1701182634.856602
u_817,u_40,transaction,3317.114618489278,1701182921.1553874
u_273,u_643,transaction,3541.7964091007298,1701182924.899992
u_4807,u_16,transaction,6307.564464183807,1701182975.7475767
u_229,u_3466,transaction,1337.9532560772893,1701183697.9744549
u_1206,u_20,transaction,3331.1434589893115,1701183938.1469207
u_3,u_1697,transaction,3199.016406573082,1701184062.4174361
u_186,u_215,transaction,208.08938023562874,1701184719.2559054
u_3384,u_731,transaction,920.4123029442263,1701185991.6020873
u_814,u_3044,transaction,3626.169373059714,1701186033.9918237
u_4666,u_1126,transaction,779.9486702148496,1701186655.323809
u_2106,u_4699,transaction,6708.712250725208,1701186715.2448359
u_237,u_78,transaction,1642.5403861343689,1701186817.0893207
u_1559,u_4175,transaction,4562.710845351348,1701187199.0772169
u_2323,u_12,transaction,1744.4139987291235,1701187398.8115962
u_1345,u_1593,transaction,1499.1761180983328,1701187638.4015563
u_46,u_1498,transaction,648.0936338004133,1701187704.1052864
u_2231,u_8,transaction,3413.2426091078833,1701187890.1373844
u_1510,u_1288,transaction,3935.5173685616223,1701187977.8883138
u_123,u_29,transaction,565.7861364970197,1701188178.080057
u_485,u_66,transaction,964.73770956182,1701189553.5737357
u_8,u_5,transaction,5708.274220516529,1701189690.6904933
u_490,u_2046,transaction,2432.2585403384815,1701190676.432606
u_41,u_1483,transaction,861.3507099205668,1701190835.5681002
u_2056,u_988,transaction,2103.604111189044,1701191737.9980564
u_474,u_410,transaction,1457.372479003604,1701192002.127558
u_904,u_152,transaction,4723.499238937834,1701192718.1470373
u_1774,u_3134,transaction,3624.7396991003116,1701192800.3352249
u_264,u_4089,transaction,3480.6543413669397,1701192887.453734
u_91,u_170,transaction,2556.7798682419743,1701192952.5127943
u_1690,u_624,transaction,1862.6512211019628,1701193291.4201488
u_1015,u_2088,transaction,2374.7169117680464,1701193494.3531764
u_1133,u_326,transaction,598.0444163313427,1701193821.1336274
u_451,u_71,transaction,461.1861060686513,1701194397.0234895
u_601,u_3362,transaction,1615.9397424681288,1701194801.2649958
u_2306,u_5,transaction,3865.2716260197326,1701195351.9755864
u_42,u_4410,transaction,1649.380819677315,1701195692.286978
u_3195,u_577,transaction,2856.419741824917,1701195693.0578234
u_2485,u_4309,transaction,644.2157697295511,1701195725.3105404
u_255,u_463,transaction,1501.401445350957,1701195763.0333827
u_2170,u_431,transaction,759.6591032438405,1701195863.3074155
u_322,u_99,transaction,9547.038491768302,1701196344.181644
u_952,u_4327,transaction,15078.023507727994,1701196385.3573508
u_1342,u_4,transaction,2489.8187387969942,1701196523.148958
u_5003,u_5013,transaction,2788.233775155927,1701196630.8493807
u_252,u_3646,transaction,1383.3100336568423,1701196750.810262
u_1288,u_3631,transaction,628.8980746154559,1701196868.1508496
u_71,u_381,transaction,3569.6763357818327,1701196982.405293
u_56,u_4102,transaction,4634.028552143679,1701197015.5966094
u_230,u_3903,transaction,627.7634235427826,1701197821.132386
u_735,u_768,transaction,902.606662582774,1701197886.4849741
u_297,u_4648,transaction,1490.5760366299837,1701197921.6666937
u_4,u_1485,transaction,9688.30409306924,1701198462.1018806
u_2049,u_97,transaction,3801.929933490073,1701198644.8290963
u_4041,u_878,transaction,1206.28919228238,1701198985.8411098
u_183,u_4053,transaction,1177.2809182680742,1701199643.9316761
u_2075,u_11,transaction,1870.857980051621,1701199722.9356284
u_202,u_84,transaction,417.51736767945147,1701199901.7802432
u_779,u_2084,transaction,3290.498623471392,1701200118.4748986
u_381,u_1147,transaction,25252.214704984013,1701200217.9129848
u_3193,u_1460,transaction,9026.45565058963,1701200234.3037977
u_3248,u_23,transaction,1130.9625326028647,1701200690.6162264
u_2575,u_2991,transaction,2811.032553796819,1701200894.025689
u_3391,u_150,transaction,13933.755841364291,1701200963.0828066
u_676,u_2218,transaction,1831.3865628295105,1701201685.0512853
u_19,u_52,transaction,5164.443933834615,1701201952.9613838
u_1082,u_155,transaction,1242.1419575621696,1701202064.2264163
u_447,u_65,transaction,733.5886474079348,1701202343.3427427
u_37,u_3544,transaction,734.7656013496689,1701202414.034342
u_2940,u_4821,transaction,976.1717965324198,1701203054.7467468
u_815,u_310,transaction,4950.071008427278,1701203157.4351692
u_4603,u_39,transaction,140.622481729646,1701204010.078156
u_1119,u_7,transaction,2682.7025658500243,1701204313.9411037
u_1066,u_47,transaction,3491.696624877354,1701204493.2298071
u_1438,u_2297,transaction,2707.362222787584,1701204628.3706613
u_472,u_4566,transaction,3157.0980841252604,1701204853.9377627
u_451,u_49,transaction,417.80936081887455,1701204923.3316278
u_1770,u_23,transaction,2282.138195269434,1701205113.7038121
u_3727,u_1497,transaction,413.84740252843727,1701205499.9466066
u_18,u_4112,transaction,7745.181400059351,1701205609.0095453
u_629,u_962,transaction,6628.606105295361,1701205934.48901
u_776,u_1267,transaction,2796.084681347509,1701205955.857888
u_258,u_394,transaction,5571.584620181566,1701206120.2437572
u_3703,u_2501,transaction,787.6468925984802,1701206195.1452076
u_3433,u_1245,transaction,2051.4712847497804,1701206439.2881448
u_83,u_1146,transaction,5441.1072720062875,1701207090.96003
u_4360,u_70,transaction,2929.3437763807374,1701208023.8891432
u_3113,u_375,transaction,6581.778880260851,1701208032.4913654
u_626,u_1542,transaction,4895.020186443202,1701208109.3863738
u_6,u_3833,transaction,662.4502118805972,1701208852.8414361
u_1286,u_1992,transaction,1291.7397876607417,1701208855.4616833
u_4645,u_3572,transaction,3625.9218524887447,1701209140.5848405
u_2790,u_8,transaction,1441.5475854769506,1701209230.8711243
u_1686,u_199,transaction,2949.4516810520195,1701209284.1140628
u_620,u_1533,transaction,1409.5507910708907,1701209808.4084678
u_994,u_0,transaction,1070.0704150196225,1701210218.024868
u_2354,u_2451,transaction,3866.3104674255555,1701210243.9361923
u_3337,u_441,transaction,894.3379059165835,1701210289.9102063
u_81,u_332,transaction,1546.149033434671,1701210318.6874013
u_324,u_337,transaction,5971.5563160993925,1701210740.245733
u_3741,u_706,transaction,2409.736089428981,1701211372.753306
u_18,u_947,transaction,3598.454442647043,1701211704.373781
u_5089,u_5094,transaction,1240.3518634894451,1701211746.8533542
u_2126,u_2665,transaction,1521.7633536770447,1701212182.4789767
u_1271,u_118,transaction,321.81903399507337,1701212185.4079869
u_193,u_4658,transaction,2287.3181560484627,1701212404.6783445
u_2382,u_3041,transaction,3453.6811448790068,1701212507.7051473
u_1485,u_77,transaction,593.4296315221102,1701212570.7821138
u_3387,u_217,transaction,91696.33649236773,1701212653.2868936
u_1166,u_1398,transaction,12647.249937503984,1701212880.1061306
u_630,u_1861,transaction,418.41972347149306,1701213309.405942
u_4005,u_1254,transaction,285.2673903551643,1701213334.0510294
u_2155,u_3058,transaction,1049.1167027997906,1701213738.7535715
u_202,u_1507,transaction,215.54431192773782,1701213822.7917967
u_4543,u_577,transaction,3932.1109275618046,1701213982.4261801
u_5084,u_5095,transaction,1862.4717227782885,1701214479.6471405
u_989,u_131,transaction,962.7085374652047,1701214851.5297124
u_1568,u_312,transaction,804.1192370613888,1701214904.4659874
u_4095,u_4855,transaction,2690.2704954214564,1701215292.4541316
u_256,u_151,transaction,1265.6319806058632,1701215330.2706583
u_2724,u_4164,transaction,980.0240469808483,1701215429.1420383
u_512,u_8,transaction,969.5765924516265,1701215580.2365725
u_2015,u_1129,transaction,3255.42031444443,1701215710.7890153
u_41,u_2294,transaction,4105.809441581166,1701215957.9058661
u_3668,u_1319,transaction,232.67497967444965,1701216010.1014082
u_3145,u_1861,transaction,1775.5504322113684,1701217051.002654
u_2535,u_2747,transaction,3928.558775622297,1701217255.2457657
u_1153,u_43,transaction,3742.9507264712615,1701217262.6977394
u_4536,u_375,transaction,13496.754643736771,1701217399.6152616
u_4922,u_466,transaction,1751.0267853108082,1701217591.2721734
u_268,u_3219,transaction,1084.648043851978,1701217661.5464323
u_4065,u_3087,transaction,2262.1986691778484,1701217763.7502394
u_535,u_88,transaction,656.6616409543167,1701217791.2602274
u_236,u_245,transaction,4143.614578863392,1701217844.9073117
u_47,u_722,transaction,2818.103523069148,1701218518.0265272
u_696,u_465,transaction,7422.12405082232,1701219016.2743657
u_4758,u_3063,transaction,1065.6959279929454,1701219236.907377
u_573,u_2415,transaction,1150.9471877130388,1701219750.4998338
u_1593,u_878,transaction,2051.1951528880622,1701219921.3356154
u_825,u_831,transaction,1494.6708911872197,1701220549.6697447
u_1049,u_34,transaction,964.2299012675347,1701221135.9469266
u_1772,u_69,transaction,1906.5666021384486,1701221332.2150462
u_7,u_2974,transaction,386.5250899708326,1701221436.2354736
u_3525,u_115,transaction,261.3635250508066,1701221597.6731768
u_2175,u_817,transaction,3393.5397916670413,1701221598.2372732
u_715,u_1850,transaction,358.10525210491267,1701221623.564484
u_1326,u_3791,transaction,320.15290076111404,1701221684.7033699
u_3782,u_2891,transaction,1743.0992049763406,1701221904.5748074
u_4,u_2761,transaction,4359.296468805316,1701222090.347782
u_96,u_202,transaction,1132.5888580589412,1701222168.8690145
u_2716,u_1022,transaction,3406.1122801249862,1701222362.393483
u_2796,u_3977,transaction,3627.1640367084783,1701222383.689062
u_1545,u_218,transaction,970.4207856822776,1701223272.60476
u_492,u_2667,transaction,406.05565104465904,1701223306.7868717
u_1655,u_477,transaction,2364.7161526326176,1701223533.181799
u_46,u_4820,transaction,2045.5647295097517,1701224703.098313
u_845,u_526,transaction,1569.0764015527682,1701224758.1696944
u_406,u_75,transaction,896.0916553896096,1701225162.9193845
u_2232,u_783,transaction,2137.880305744428,1701225350.3440526
u_3376,u_3201,transaction,8411.850216098152,1701226570.340591
u_628,u_122,transaction,2038.6259922829786,1701226951.8191528
u_106,u_1668,transaction,3603.669119397031,1701227101.2767801
u_786,u_2476,transaction,15728.894648530337,1701227166.7617447
u_651,u_3850,transaction,8894.484341015926,1701227237.8276787
u_859,u_1264,transaction,2916.503002136156,1701227846.5358486
u_1060,u_2716,transaction,1499.8251923082719,1701227868.0985985
u_392,u_2125,transaction,2390.5239293842237,1701228165.448658
u_4377,u_2148,transaction,1046.431474151841,1701228192.5369093
u_4462,u_2521,transaction,1671.0569341528214,1701228254.0257468
u_2572,u_69,transaction,28430.498640270995,1701228319.7973988
u_5,u_2018,transaction,12833.795638583799,1701228477.2639532
u_62,u_1311,transaction,1827.2104009624027,1701228995.5752833
u_1590,u_40,transaction,666.1794955880492,1701229698.6953342
u_2224,u_2151,transaction,5934.848754643805,1701230094.4939814
u_4414,u_776,transaction,813.0625089339054,1701230220.1733773
u_270,u_238,transaction,3292.6588758618677,1701230425.5789042
u_2990,u_4980,transaction,1315.2242629748273,1701230429.0386343
u_3501,u_3317,transaction,5879.912642495319,1701230550.076572
u_4697,u_2426,transaction,808.2769979115564,1701230725.4446487
u_22,u_3896,transaction,2167.3297581168904,1701230852.472997
u_1735,u_1727,transaction,1772.3854032382403,1701231392.2892013
u_65,u_3847,transaction,4950.79949901568,1701231763.5536008
u_4131,u_20,transaction,4176.18941416254,1701231890.484308
u_71,u_463,transaction,1517.8349801300074,1701232977.166903
u_127,u_11,transaction,3471.433424975432,1701233265.8637486
u_2282,u_2152,transaction,585.9488687575746,1701233286.7320566
u_2027,u_3634,transaction,1294.555625638054,1701233448.975967
u_949,u_85,transaction,10772.749598432043,1701234028.2910254
u_2427,u_3510,transaction,1764.6603318971138,1701235181.5731218
u_2466,u_373,transaction,6566.608407621123,1701235411.6782641
u_3070,u_2200,transaction,1088.2032611209718,1701235417.9392443
u_4060,u_358,transaction,1052.0826906550333,1701235467.8822145
u_74,u_2200,transaction,2974.9969454670845,1701235544.505991
u_3864,u_1247,transaction,3483.876106136802,1701235569.9316137
u_1172,u_4638,transaction,2697.7398401756964,1701235658.0935893
u_770,u_4472,transaction,1176.847413741726,1701235668.9677746
u_20,u_418,transaction,2631.885682041849,1701235712.714202
u_91,u_2433,transaction,250.76399272706706,1701236865.9148264
u_470,u_2768,transaction,2392.6603877915777,1701237293.45003
u_5067,u_5079,transaction,1769.4145185675668,1701237441.052656
u_145,u_20,transaction,680.239372903299,1701237727.9674788
u_3802,u_70,transaction,1283.9482202784982,1701238305.483571
u_5,u_4077,transaction,14611.128183196772,1701239028.6574748
u_724,u_4837,transaction,464.90127839580333,1701239440.5992923
u_4354,u_4071,transaction,6845.447159204788,1701239690.058013
u_2550,u_1610,transaction,2528.337513386763,1701239948.7228692
u_871,u_2454,transaction,5762.196771692211,1701240071.641261
u_2666,u_31,transaction,258.13293744664446,1701240304.8684595
u_91,u_3313,transaction,275.06750859181216,1701240482.355661
u_929,u_137,transaction,6057.244053076399,1701240657.8362265
u_1957,u_3293,transaction,1252.8491895878817,1701240766.5335822
u_571,u_543,transaction,12315.406688920193,1701240839.367357
u_1516,u_149,transaction,482.56790403230343,1701241108.0557303
u_360,u_2925,transaction,2796.812639718222,1701241508.6432192
u_887,u_2978,transaction,100.0,1701241940.2567625
u_72,u_1503,transaction,275.76924741596775,1701242217.397265
u_2057,u_2532,transaction,3574.691735822732,1701242275.6085966
u_12,u_128,transaction,4493.640705313232,1701242949.121474
u_96,u_80,transaction,690.3974420355744,1701242981.6741993
u_605,u_2711,transaction,329.18422901214615,1701243144.0297227
u_2181,u_1142,transaction,454.3897894919287,1701243245.7258844
u_5086,u_5095,transaction,1656.0376561986452,1701243248.1547174
u_730,u_720,transaction,1316.717488609464,1701243252.167708
u_2480,u_3014,transaction,405.2314816676764,1701243571.03889
u_1837,u_2549,transaction,3133.9582432024877,1701244048.9464624
u_4512,u_2626,transaction,1717.9402222686508,1701244141.57678
u_738,u_3076,transaction,1718.4864498365785,1701244151.4250839
u_461,u_80,transaction,628.9238524430715,1701244286.9843283
u_222,u_376,transaction,3136.983850877314,1701244457.5277772
u_782,u_649,transaction,2676.903425375616,1701245002.8267555
u_783,u_1836,transaction,2123.136892586931,1701245033.0989997
u_27,u_22,transaction,1423.290684206861,1701245971.6674807
u_2284,u_3612,transaction,1014.1315422074125,1701246018.254199
u_3708,u_4451,transaction,980.6649962019027,1701246100.922366
u_540,u_3036,transaction,698.5778439259586,1701246343.1983128
u_136,u_540,transaction,3132.8022993321492,1701246510.659511
u_2249,u_1501,transaction,1450.9618674319308,1701246528.3900971
u_4193,u_65,transaction,11720.169244435834,1701246530.5101256
u_283,u_185,transaction,373.5319405593455,1701247292.8445432
u_965,u_813,transaction,5388.955088524829,1701247463.687046
u_3757,u_122,transaction,445.82601080219473,1701247684.9362078
u_1633,u_574,transaction,3091.1266327811513,1701247848.8557794
u_1559,u_440,transaction,772.1014173038332,1701247892.0305536
u_93,u_22,transaction,610.2530460982565,1701247931.3180218
u_799,u_117,transaction,911.9266852966146,1701248520.223966
u_386,u_58,transaction,1786.0347661082933,1701248771.0896506
u_56,u_648,transaction,1105.8436583590446,1701249204.021658
u_1899,u_2943,transaction,3323.937510315764,1701249690.9181645
u_126,u_3913,transaction,733.0332578078188,1701249789.1568315
u_1516,u_4205,transaction,555.1215976930944,1701249854.3617702
u_806,u_2234,transaction,967.0275219996843,1701250265.979134
u_1651,u_819,transaction,1206.6492433274182,1701250341.3683832
u_68,u_2625,transaction,2873.208978956358,1701250343.1576993
u_2033,u_38,transaction,1446.6044328498144,1701250605.0139828
u_585,u_38,transaction,1537.5382815859193,1701250750.8420653
u_1851,u_7,transaction,4692.6852980515505,1701250798.0255651
u_1459,u_2390,transaction,5638.543675745285,1701250836.6065989
u_4927,u_125,transaction,1683.920036093271,1701250958.0013678
u_3125,u_3321,transaction,1099.2984709912537,1701251499.7053964
u_193,u_1348,transaction,225.4437297025262,1701251777.182374
u_878,u_1199,transaction,1043.369480760201,1701251792.2618992
u_4909,u_2260,transaction,1127.6706610836402,1701252176.091351
u_89,u_4788,transaction,736.6920288648479,1701252258.4972095
u_3035,u_1735,transaction,3288.211750307315,1701252279.0797315
u_155,u_3500,transaction,602.6403754738699,1701252470.4059026
u_59,u_2699,transaction,482.7536859485544,1701252766.8024704
u_2360,u_98,transaction,2268.6312244886803,1701252952.133539
u_1999,u_2754,transaction,854.6075097170882,1701253145.8397708
u_4427,u_674,transaction,486.76468172886774,1701253610.5284467
u_4016,u_230,transaction,2095.9368316183645,1701253907.4361086
u_233,u_4986,transaction,1904.4449605332434,1701253924.7470398
u_3164,u_3332,transaction,1468.3331762588095,1701254590.612907
u_1161,u_4284,transaction,592.9901643759357,1701254596.6383464
u_385,u_975,transaction,732.37899980735,1701254687.770203
u_5002,u_5013,transaction,4782.813631525696,1701255051.7428417
u_816,u_2867,transaction,4963.255173026672,1701255089.102457
u_2544,u_303,transaction,8633.569888289445,1701255558.887576
u_0,u_53,transaction,2472.097443684378,1701255717.334368
u_31,u_2620,transaction,3840.729008093818,1701255761.4962182
u_2029,u_2002,transaction,257.35032326959987,1701256260.1489992
u_10,u_690,transaction,686.533858965759,1701256272.155551
u_248,u_3178,transaction,4508.733719689876,1701256844.523473
u_2602,u_4,transaction,2907.845612102884,1701257095.8452382
u_3639,u_2941,transaction,1895.615265395171,1701257437.9274495
u_930,u_58,transaction,2625.015943327432,1701257649.2464724
u_3444,u_2327,transaction,1342.6982619583434,1701257758.6231837
u_5,u_1725,transaction,1786.4803091426097,1701258084.3101225
u_3756,u_111,transaction,1704.9304087383268,1701258496.7079024
u_2261,u_6,transaction,615.6163265751967,1701258748.9421477
u_1521,u_4286,transaction,1881.2915633338637,1701258816.3451366
u_0,u_25,transaction,6493.618263226386,1701258879.7960184
u_0,u_903,transaction,895.2370664899872,1701258991.61628
u_3921,u_1192,transaction,490.3812302722605,1701259144.9670734
u_499,u_421,transaction,1362.1888249832798,1701259233.1314664
u_973,u_291,transaction,2889.9026000926933,1701259413.500651
u_3823,u_4510,transaction,1285.743105825562,1701259555.6954443
u_1968,u_2936,transaction,4264.218447997803,1701260073.7798426
u_360,u_543,transaction,1588.4004032621901,1701260090.0298772
u_363,u_1537,transaction,1014.4270234528459,1701260388.7851312
u_2338,u_3086,transaction,1092.8282569684377,1701260454.8351583
u_4784,u_25,transaction,1950.2150743321265,1701260586.8565502
u_1623,u_3977,transaction,1993.5462695262809,1701260873.352497
u_1893,u_449,transaction,655.3965726270607,1701261029.2420192
u_2005,u_597,transaction,721.890176046161,1701261177.771438
u_25,u_2698,transaction,1871.3979767632363,1701261438.9179637
u_3580,u_395,transaction,2982.943135214668,1701261580.0981903
u_2172,u_2727,transaction,1763.0689947200963,1701261616.1269763
u_931,u_64,transaction,4023.638621441718,1701261816.70106
u_3825,u_211,transaction,11491.49116029798,1701262126.5397885
u_368,u_1742,transaction,6827.039556615275,1701262290.1867943
u_103,u_4015,transaction,10144.598240604999,1701262827.4298942
u_1903,u_29,transaction,7942.188443648715,1701263387.8610456
u_2736,u_45,transaction,1672.6472048498288,1701263686.91041
u_611,u_232,transaction,3424.566666730162,1701263990.2857976
u_42,u_2204,transaction,1330.0231925548155,1701264199.002269
u_3599,u_29,transaction,2395.2203079168125,1701264344.681404
u_1987,u_853,transaction,711.0423847721429,1701264366.5270734
u_131,u_4057,transaction,1461.981954612063,1701264475.3439574
u_834,u_12,transaction,1726.3053755531957,1701265512.4088492
u_4787,u_4037,transaction,1416.46488122908,1701265543.337016
u_4769,u_925,transaction,414.0007841716306,1701266190.810687
u_2530,u_4478,transaction,1496.651715414518,1701266191.2690983
u_3508,u_2858,transaction,6495.505877635147,1701266196.5806384
u_964,u_4,transaction,679.0534001254592,1701266233.7546988
u_2739,u_186,transaction,42279.46281605267,1701266334.307107
u_1928,u_4407,transaction,619.6206908937373,1701267137.52486
u_4209,u_6,transaction,1537.9916467890093,1701267289.2282014
u_1128,u_1695,transaction,2692.289605748314,1701267917.4407673
u_2278,u_136,transaction,1257.42900266561,1701267998.5343506
u_3066,u_2085,transaction,6950.519351561422,1701268168.5461683
u_163,u_3388,transaction,4689.163551066849,1701268235.955767
u_15,u_3986,transaction,20308.1544073104,1701268261.3762105
u_4578,u_3380,transaction,3803.4041572021342,1701268401.6497524
u_4431,u_48,transaction,4712.594768026063,1701268483.1840904
u_2512,u_307,transaction,2004.4358442673445,1701268575.9787273
u_4889,u_2654,transaction,220.15967051202605,1701268774.9803884
u_258,u_1368,transaction,2646.058407576385,1701269066.7632525
u_411,u_1196,transaction,3614.550396155565,1701269509.3331492
u_91,u_1743,transaction,3336.821229389203,1701269542.8215978
u_77,u_1202,transaction,1271.6603428532437,1701269777.0739596
u_1796,u_2065,transaction,2037.7068642225804,1701270319.8813446
u_5,u_1102,transaction,1664.5369489253696,1701270572.2827346
u_10,u_3567,transaction,7308.257683896466,1701270654.377299
u_11,u_5,transaction,7148.1672029481815,1701270691.6952233
u_4180,u_240,transaction,6645.806208683826,1701270940.8037274
u_4139,u_296,transaction,677.0234874553926,1701271275.4352062
u_59,u_331,transaction,4577.60865733179,1701271843.669799
u_732,u_1,transaction,2944.7370968565415,1701271873.672481
u_1430,u_1314,transaction,4779.336296497087,1701272187.7653608
u_626,u_782,transaction,734.6390317795466,1701272384.7619839
u_546,u_979,transaction,813.7903320271307,1701272419.2779224
u_386,u_54,transaction,2768.0190700784465,1701272452.1007302
u_203,u_100,transaction,938.1433514117126,1701272611.7657437
u_4528,u_3859,transaction,100.0,1701272741.637261
u_2463,u_198,transaction,1164.7583757810485,1701272841.8983223
u_3457,u_1022,transaction,1121.6872386667021,1701272967.9185765
u_3205,u_773,transaction,654.5870434765234,1701272968.1028078
u_4696,u_4631,transaction,1843.3577852448639,1701273207.8671303
u_150,u_3593,transaction,1466.576688227667,1701273224.331863
u_2345,u_3862,transaction,3943.5185657144066,1701273579.2326632
u_213,u_3952,transaction,2459.252370217264,1701273702.3105748
u_2073,u_4899,transaction,3858.068119216121,1701273846.8456206
u_2158,u_706,transaction,2117.4637608333046,1701274144.208163
u_158,u_1089,transaction,3243.194780844298,1701274278.6791346
u_58,u_2927,transaction,1269.4185505894009,1701274476.32624
u_528,u_342,transaction,13418.951847000768,1701275105.2357209
u_1212,u_1995,transaction,2600.9495857641846,1701275262.6087317
u_28,u_2527,transaction,1807.4753700075275,1701275768.108309
u_3422,u_1151,transaction,15131.837242234773,1701276124.416855
u_2313,u_4350,transaction,1421.3108029512425,1701276153.0421274
u_2619,u_1730,transaction,2001.6421716725108,1701276174.928218
u_90,u_11,transaction,554.4729394752048,1701276260.9981246
u_0,u_1763,transaction,10177.796729385182,1701277191.037038
u_547,u_1373,transaction,2300.4884690139347,1701277539.610472
u_339,u_3350,transaction,3887.0358583666984,1701277679.0123935
u_4391,u_399,transaction,4115.735861074508,1701277749.2301445
u_138,u_9,transaction,6804.068971962009,1701277766.1719954
u_96,u_1783,transaction,1778.3328267035522,1701277819.1169083
u_1109,u_1133,transaction,346.4565183701773,1701278371.2568789
u_260,u_4096,transaction,2175.1134948353583,1701279047.837265
u_2227,u_245,transaction,1087.74258238817,1701279631.9978402
u_2228,u_1525,transaction,2421.6217233480784,1701279935.5905154
u_2113,u_1219,transaction,1804.945806706504,1701280042.4981685
u_4742,u_1229,transaction,4875.248272789932,1701280117.3821878
u_22,u_8,transaction,1292.6946154982127,1701280347.199213
u_296,u_88,transaction,672.0919622465545,1701280423.1299736
u_1733,u_424,transaction,5523.86886732475,1701280824.1839743
u_1498,u_2011,transaction,6920.062852106751,1701281070.0147161
u_878,u_4731,transaction,5110.802865642205,1701281261.896378
u_16,u_675,transaction,853.7085611420947,1701281262.9784489
u_2809,u_4965,transaction,705.5497592874424,1701281281.347278
u_4977,u_103,transaction,3109.455803016392,1701281310.6802187
u_3655,u_2999,transaction,1011.7902344949501,1701281602.56921
u_1000,u_423,transaction,1556.1100258943586,1701281622.6887388
u_2438,u_3267,transaction,2685.4372282921368,1701281694.064164
u_3763,u_457,transaction,528.7154606333279,1701281909.9991987
u_3673,u_604,transaction,5136.673022900177,1701282919.995663
u_1715,u_796,transaction,4369.19063836122,1701283059.6420996
u_2564,u_2898,transaction,4529.272483914947,1701283248.25657
u_628,u_263,transaction,1935.9850892393001,1701284096.9819372
u_3752,u_618,transaction,1155.9503567718875,1701284170.796144
u_1495,u_1424,transaction,1819.4201969011744,1701284279.215567
u_1013,u_213,transaction,2013.640283045844,1701284427.7860405
u_1022,u_4,transaction,30464.903374935817,1701284497.3379571
u_4056,u_18,transaction,349.6075322356735,1701284748.691394
u_1284,u_8,transaction,2511.790462903544,1701285568.4312625
u_1453,u_4,transaction,980.6742649035364,1701285659.5977845
u_1382,u_661,transaction,546.3907656224437,1701285970.8153744
u_565,u_214,transaction,1229.4563625807878,1701286207.5935333
u_1240,u_450,transaction,8771.058867255308,1701286542.952622
u_168,u_881,transaction,238.61644098412424,1701286776.2593217
u_4304,u_72,transaction,1701.041565716475,1701286804.7575862
u_2481,u_1927,transaction,20183.393102322538,1701286925.4882083
u_3617,u_4357,transaction,1339.863942032508,1701286953.9415069
u_1187,u_813,transaction,17603.01419861484,1701287340.0242403
u_715,u_3897,transaction,4287.406485138332,1701287372.1301188
u_4830,u_1439,transaction,4198.63141020006,1701287372.54408
u_71,u_774,transaction,3113.803208270791,1701287493.9569309
u_1411,u_1056,transaction,4693.818754463238,1701288078.8551807
u_2098,u_12,transaction,7045.299248701242,1701288341.699281
u_1475,u_1797,transaction,683.9178322086773,1701288368.4671297
u_5068,u_5080,transaction,1289.3066937087908,1701288484.1682577
u_1116,u_979,transaction,150.23358909625028,1701289081.9624429
u_3552,u_1253,transaction,1203.6510466488003,1701289139.040085
u_333,u_1031,transaction,148.7012087933026,1701289530.173517
u_7,u_1433,transaction,5023.90488919555,1701289571.5809636
u_2395,u_328,transaction,242.20472641319583,1701289722.8383763
u_18,u_5,transaction,2169.1664445770934,1701290137.4313116
u_2761,u_2312,transaction,16999.284878888015,1701290168.5148983
u_3486,u_0,transaction,311.62206497402195,1701290801.2705157
u_2847,u_424,transaction,2386.3394474942197,1701291729.0616102
u_777,u_540,transaction,1061.3261624450229,1701292474.4901283
u_1995,u_4137,transaction,478.0361581333623,1701292661.8701925
u_3474,u_3111,transaction,608.1167962771943,1701292823.2774441
u_102,u_2016,transaction,1955.5744118829298,1701292967.0872147
u_482,u_4720,transaction,1197.0149341351398,1701293038.9558036
u_1603,u_4751,transaction,951.7792997007105,1701293268.6337306
u_887,u_2384,transaction,3298.4460708438924,1701293405.196633
u_4324,u_657,transaction,673.2616864883838,1701293458.8996472
u_1697,u_292,transaction,404.83142460364394,1701293504.02869
u_22,u_613,transaction,553.8776507113848,1701293529.8540268
u_7,u_746,transaction,2955.46936962598,1701294035.000485
u_168,u_217,transaction,2527.672889484687,1701294294.4696648
u_77,u_1484,transaction,589.259101287461,1701294488.1753387
u_1224,u_99,transaction,1111.342115652777,1701294736.999151
u_1266,u_3877,transaction,2414.309596643584,1701294879.3500094
u_4108,u_2503,transaction,438.68119598164657,1701294905.4129791
u_3369,u_4149,transaction,920.637146799526,1701295033.8652256
u_3265,u_986,transaction,528.9090041377574,1701295036.8224716
u_509,u_235,transaction,680.8756457643564,1701295155.3928895
u_4445,u_1767,transaction,2999.62028899914,1701295221.8881543
u_4130,u_343,transaction,627.965563457899,1701295328.9016795
u_2610,u_222,transaction,577.1245960192989,1701295428.044508
u_254,u_106,transaction,2749.0729077477945,1701295604.8744807
u_1946,u_2423,transaction,4363.6414703550245,1701296539.2229168
u_3743,u_3074,transaction,5032.688161611978,1701296565.5496082
u_1309,u_84,transaction,2157.0227290193293,1701296930.608182
u_1506,u_521,transaction,3094.8004392484895,1701297196.197498
u_4221,u_832,transaction,984.1452446934077,1701297261.0104241
u_3755,u_153,transaction,1160.2527749399771,1701297321.4509585
u_356,u_2301,transaction,875.801017533626,1701298967.612463
u_975,u_684,transaction,5096.467298229251,1701299326.0179663
u_1842,u_1865,transaction,2152.9145608967933,1701299526.7896645
u_503,u_2400,transaction,4689.759749051775,1701299618.3404799
u_521,u_4210,transaction,3731.5977746099397,1701299847.4996247
u_4055,u_2031,transaction,4887.55459961968,1701299991.4079099
u_1978,u_1689,transaction,864.3198666651299,1701300136.081454
u_1925,u_2224,transaction,381.2358076300203,1701300419.441168
u_255,u_2305,transaction,497.95012941641096,1701300627.9727523
u_2315,u_18,transaction,171.6602233320924,1701300989.9154935
u_4708,u_3377,transaction,3205.3699168104595,1701301393.109445
u_38,u_632,transaction,792.6547458285304,1701301475.0783668
u_1391,u_521,transaction,925.7119215129125,1701301486.695429
u_849,u_1023,transaction,4248.843049112926,1701301574.071127
u_1467,u_369,transaction,11994.359310894659,1701301707.3333156
u_576,u_4970,transaction,308.5453910768837,1701301728.9893837
u_2794,u_232,transaction,277.7048047327162,1701301744.3970299
u_4790,u_4921,transaction,8062.171591629172,1701302070.1392865
u_2751,u_2328,transaction,1547.3866653264527,1701302368.163144
u_2885,u_2009,transaction,553.8614054326769,1701302737.9289777
u_3720,u_1298,transaction,3113.4271585194324,1701302841.5219524
u_1699,u_184,transaction,2995.963280160448,1701302958.9503458
u_4916,u_369,transaction,466.17098941002797,1701303568.433532
u_2101,u_1998,transaction,738.524057520845,1701303751.91198
u_2669,u_1782,transaction,272.15869483226953,1701304132.6968768
u_2185,u_1589,transaction,1505.3109344249024,1701304217.336847
u_584,u_702,transaction,2425.879427009777,1701304259.0752842
u_1298,u_444,transaction,1439.7561254144075,1701304357.1429996
u_1137,u_4,transaction,1325.749506011463,1701304594.4427161
u_367,u_6,transaction,2444.3813476195005,1701304627.6410007
u_3700,u_478,transaction,2631.6326081803327,1701304802.123773
u_2416,u_4887,transaction,5640.77519330437,1701305296.9765565
u_2043,u_7,transaction,4354.495214136525,1701305346.027278
u_22,u_12,transaction,106.44985987744188,1701305777.3952303
u_721,u_2491,transaction,1220.4162193410393,1701306317.451458
u_1858,u_3380,transaction,1103.023116562816,1701306345.1481886
u_4,u_34,transaction,470.96808384882405,1701306663.278537
u_757,u_2572,transaction,1919.6636296755369,1701306882.19642
u_829,u_234,transaction,1695.380286760453,1701307178.1971545
u_199,u_4697,transaction,4058.5092561864035,1701307200.1417446
u_4780,u_2122,transaction,6638.3943671696625,1701307218.129213
u_2561,u_285,transaction,5453.067354649656,1701307331.9043388
u_3191,u_1404,transaction,666.9633134183075,1701307397.9074202
u_866,u_1724,transaction,8292.643514965628,1701307941.4637034
u_360,u_2630,transaction,16161.98245446201,1701308201.8692782
u_1700,u_4492,transaction,1354.8213543935042,1701308530.3335955
u_4213,u_3437,transaction,2468.8083376180202,1701308631.2631845
u_116,u_140,transaction,4206.792972234296,1701308932.2720141
u_2933,u_532,transaction,5232.56716724662,1701308987.5278316
u_1513,u_731,transaction,562.4039976859153,1701309138.5284078
u_3655,u_1648,transaction,986.4761800400097,1701309223.0202987
u_78,u_90,transaction,1943.564554603411,1701310120.0654876
u_23,u_4633,transaction,3174.4220402017313,1701310628.9305332
u_128,u_173,transaction,2066.353843340048,1701310689.119788
u_2797,u_221,transaction,442.61776140337105,1701311428.3777757
u_5035,u_5037,transaction,839.6484842063967,1701311475.0919526
u_377,u_47,transaction,995.360731093501,1701311537.3651416
u_1096,u_3425,transaction,4392.507053537439,1701311694.4168825
u_2772,u_2354,transaction,3367.1095742528905,1701312022.1324568
u_2207,u_382,transaction,277.22446759405045,1701312094.2701292
u_4894,u_15,transaction,6867.161546132904,1701312142.1697397
u_2529,u_3295,transaction,473.3689494177652,1701312773.0858355
u_4955,u_96,transaction,7415.716376795204,1701312852.6942215
u_248,u_3805,transaction,1319.1340206935586,1701312957.7969437
u_3050,u_1189,transaction,2074.886932602389,1701313752.1307852
u_4271,u_1605,transaction,496.39632641397355,1701313805.7623198
u_1783,u_468,transaction,1206.9391921755412,1701313848.936335
u_1105,u_3156,transaction,3668.204964352469,1701313876.3327484
u_3320,u_1065,transaction,2996.91033209249,1701313888.5034738
u_735,u_593,transaction,2866.3572268240805,1701314364.2216687
u_1478,u_546,transaction,308.45765542495053,1701314619.2325053
u_2108,u_1434,transaction,1164.1433755924727,1701315349.4563084
u_453,u_152,transaction,616.2291016166552,1701315455.564545
u_2099,u_5,transaction,3771.6555047202883,1701315545.8294342
u_75,u_4586,transaction,491.3492785350212,1701315666.780383
u_64,u_75,transaction,800.7924601452698,1701315692.0202758
u_3790,u_442,transaction,44051.18656794847,1701316393.7586274
u_20,u_2842,transaction,5491.249722386814,1701316868.4537694
u_1466,u_504,transaction,716.8849586369679,1701317372.477713
u_2570,u_1250,transaction,8427.009138265279,1701317541.837593
u_883,u_3,transaction,2797.058671807749,1701317980.8504891
u_830,u_0,transaction,1090.349205287035,1701318611.7163131
u_1969,u_1766,transaction,2199.8214105395728,1701318639.3835974
u_1208,u_160,transaction,1026.286545034067,1701318720.3837485
u_4,u_393,transaction,2172.935975814786,1701318723.810588
u_4166,u_4924,transaction,458.4818992513294,1701319207.5984838
u_668,u_2200,transaction,10456.018991701583,1701319220.2405436
u_1062,u_1691,transaction,1486.5521571358927,1701320469.2228687
u_547,u_3962,transaction,697.121376301685,1701320698.946871
u_3402,u_685,transaction,1304.2095622368063,1701320714.1077237
u_1212,u_4058,transaction,5219.776727742949,1701320947.3532429
u_1463,u_1981,transaction,1266.5666367143801,1701320956.8271072
u_736,u_3615,transaction,1171.4640118808834,1701321608.3077013
u_3231,u_4733,transaction,707.7383218473674,1701321636.29277
u_293,u_3690,transaction,5998.709087159614,1701322514.08277
u_34,u_4497,transaction,6435.6830636859095,1701322631.0532103
u_798,u_2760,transaction,2776.1392995768715,1701322633.0540245
u_1222,u_156,transaction,8889.890384974957,1701323296.5335972
u_3235,u_1053,transaction,1173.0242085650775,1701323328.2375486
u_277,u_51,transaction,2031.4559921898658,1701323563.2963092
u_343,u_1148,transaction,6702.205350975904,1701323599.8053434
u_647,u_70,transaction,4105.749527450331,1701323873.1311376
u_797,u_1229,transaction,1947.9047638762052,1701324102.687113
u_4896,u_7,transaction,3011.2915775823785,1701324318.5657644
u_151,u_254,transaction,5843.730391619878,1701325064.9240491
u_3234,u_1396,transaction,4230.5163469077925,1701325743.2465482
u_2552,u_71,transaction,3812.4372165229684,1701325799.9703681
u_687,u_81,transaction,2120.6173048291475,1701325845.769991
u_226,u_50,transaction,4977.272900301119,1701326135.0511968
u_2371,u_2950,transaction,780.7680836723735,1701326202.545248
u_2623,u_2167,transaction,402.16282618835504,1701326418.0926516
u_2217,u_813,transaction,2456.246085860283,1701326998.5607831
u_3307,u_230,transaction,377.300000702677,1701327204.259235
u_630,u_38,transaction,8228.163274357223,1701327585.8987575
u_3091,u_4475,transaction,11266.85154193758,1701327742.6374722
u_1990,u_195,transaction,1134.3458135879875,1701328096.900164
u_41,u_65,transaction,1688.8404863126725,1701328456.931802
u_3011,u_3945,transaction,5687.523210068621,1701328480.4883904
u_197,u_260,transaction,4464.96901948492,1701328597.1160793
u_4056,u_47,transaction,3994.6490927476434,1701328775.9831898
u_433,u_2913,transaction,788.0453141282678,1701328808.0243819
u_3938,u_315,transaction,27195.160102425787,1701328823.2546637
u_2681,u_1146,transaction,2509.45574221612,1701329728.9104533
u_206,u_558,transaction,1206.358359054419,1701330227.539249
u_2188,u_4349,transaction,524.5671056445473,1701330250.5921135
u_45,u_2656,transaction,306.7491718671765,1701330271.6483915
u_2918,u_1285,transaction,549.01474320823,1701330314.9552784
u_5019,u_5024,transaction,4866.524191775175,1701330479.1293464
u_2549,u_78,transaction,942.3715771704669,1701330639.5198357
u_2240,u_2529,transaction,355.20257909335794,1701330718.5821836
u_2853,u_414,transaction,3320.585858401132,1701330965.4776547
u_1842,u_1831,transaction,956.3794855791165,1701331013.3286407
u_2447,u_10,transaction,1253.2468963155998,1701331157.8531055
u_2631,u_441,transaction,1695.8209449235699,1701331244.2639327
u_1928,u_2341,transaction,3545.6358782686175,1701331711.767764
u_520,u_465,transaction,1664.5081878428255,1701331783.1063552
u_3411,u_2430,transaction,368.6538652727657,1701332029.6633089
u_2680,u_2139,transaction,2019.3588064851276,1701332206.0507054
u_33,u_1617,transaction,549.5410602743337,1701332375.7858498
u_651,u_2344,transaction,2774.82247361126,1701332692.2294507
u_984,u_4237,transaction,2648.4614592499665,1701332999.2204049
u_2671,u_1253,transaction,1343.982554787733,1701333128.1572702
u_3196,u_2823,transaction,5168.405739140757,1701333132.7872033
u_788,u_25,transaction,3617.2845966180566,1701333376.4878595
u_2207,u_1130,transaction,571.5310948640401,1701333800.7423344
u_1014,u_349,transaction,1015.5937232063184,1701333942.8374896
u_2588,u_3697,transaction,6343.245267880029,1701334290.3557808
u_3272,u_9,transaction,1376.4684863150412,1701334799.8402913
u_157,u_1265,transaction,1509.4793762386041,1701334841.2723277
u_3847,u_2157,transaction,106.37490670530681,1701334849.8665128
u_838,u_1536,transaction,535.2411043847037,1701334978.1205997
u_121,u_3324,transaction,2900.5039101199663,1701335838.9023588
u_528,u_4502,transaction,843.920893282504,1701335973.4231327
u_3901,u_541,transaction,5198.143434887225,1701336033.9745028
u_1342,u_3240,transaction,458.30479411843083,1701336450.8499756
u_3683,u_204,transaction,2115.3444970205032,1701336678.9779744
u_833,u_279,transaction,2995.8619904714396,1701336758.399649
u_241,u_2303,transaction,9733.361329742449,1701336802.7584202
u_3633,u_432,transaction,1231.6687776897477,1701337236.0025587
u_825,u_4960,transaction,1068.882582132852,1701337286.7845438
u_1319,u_227,transaction,2307.224841019136,1701337401.6153166
u_2803,u_4838,transaction,648.0184419873849,1701337513.7878346
u_1390,u_4,transaction,1259.2557664726173,1701337804.02962
u_3902,u_3383,transaction,376.9119984883875,1701338040.9076383
u_3083,u_4802,transaction,613.7530636099826,1701338323.1553884
u_206,u_2240,transaction,1576.0689732474893,1701338630.204794
u_2710,u_470,transaction,3379.8658640813705,1701339752.95758
u_4054,u_301,transaction,1532.904276528543,1701339767.924045
u_74,u_1351,transaction,1048.1833011598783,1701339805.7069614
u_3663,u_269,transaction,3397.773365594005,1701340049.786445
u_81,u_394,transaction,1221.8522628765734,1701340112.0678508
u_1676,u_2779,transaction,3806.9605676432575,1701340244.6635332
u_5034,u_5038,transaction,2349.817328274133,1701340952.6128607
u_993,u_802,transaction,2345.562458715709,1701341303.1209543
u_3065,u_4111,transaction,7737.548902152926,1701341934.794695
u_2968,u_506,transaction,463.1063054543945,1701341938.8978672
u_1631,u_4523,transaction,9862.119345773972,1701342003.588975
u_4198,u_481,transaction,978.4423207048145,1701342131.543477
u_1730,u_1332,transaction,1365.8031824015588,1701342147.850063
u_4299,u_718,transaction,3521.44918255599,1701342179.1938236
u_465,u_3528,transaction,3813.3127023464885,1701342367.252966
u_2079,u_4860,transaction,1209.7935123264367,1701342456.6483243
u_1266,u_1729,transaction,6279.470924507107,1701342769.0506902
u_4787,u_1941,transaction,640.345993431394,1701343232.416292
u_4010,u_4383,transaction,694.9669545619219,1701343546.9825463
u_332,u_107,transaction,2668.1995435329814,1701343776.3819897
u_45,u_1674,transaction,902.2130070649976,1701343854.234402
u_1,u_1031,transaction,7829.459591554128,1701344022.9692912
u_1954,u_1460,transaction,2431.1514626997105,1701344359.1837103
u_1354,u_3772,transaction,915.5325815048839,1701344460.5802038
u_2884,u_314,transaction,2957.261197846323,1701344469.1873446
u_1073,u_887,transaction,4181.773736765635,1701344918.09629
u_100,u_2940,transaction,1982.3834003184345,1701344977.0207086
u_43,u_4982,transaction,3748.972004727605,1701345056.6992836
u_3863,u_835,transaction,325.1516475544118,1701345131.6816945
u_1868,u_3390,transaction,747.0492436587072,1701345164.153342
u_4134,u_964,transaction,6942.519626294895,1701346073.0034258
u_672,u_4672,transaction,1010.2354140636722,1701346139.3972
u_3068,u_385,transaction,1206.6919962634943,1701346196.988247
u_406,u_1451,transaction,2103.59496448522,1701346223.2860713
u_2979,u_4400,transaction,4170.08672552729,1701346277.7802691
u_2286,u_139,transaction,4335.1742051191995,1701346402.9763362
u_748,u_1312,transaction,973.4797776340026,1701346891.4697976
u_5,u_2062,transaction,402.2014733835545,1701346958.0075047
u_575,u_4136,transaction,617.0172318029612,1701347536.9802995
u_2293,u_148,transaction,2694.5652619256084,1701347661.4243343
u_1776,u_67,transaction,444.6977012109634,1701347719.322521
u_1840,u_2,transaction,1042.8314555929219,1701347916.7726123
u_760,u_56,transaction,1797.3080393935081,1701348360.823897
u_2791,u_13,transaction,131.66422028023106,1701348951.6164253
u_2307,u_2600,transaction,5355.001831718215,1701349321.3614116
u_1268,u_3949,transaction,3198.448646801477,1701349698.2684143
u_401,u_3026,transaction,1114.8091643019804,1701349922.5444195
u_2193,u_2545,transaction,1892.3445462007528,1701350096.617655
u_2359,u_156,transaction,35784.10225259423,1701350189.406524
u_850,u_2395,transaction,198.68471543421342,1701350212.3851843
u_1138,u_1667,transaction,2372.0155383303445,1701350346.5652208
u_2843,u_1288,transaction,477.8490409354098,1701350619.834631
u_0,u_3294,transaction,7282.148766950545,1701350928.6850727
u_10,u_63,transaction,1460.5336024634846,1701351156.2522755
u_90,u_2720,transaction,893.0863529953273,1701351314.9881759
u_45,u_165,transaction,4652.739824388305,1701351515.9459887
u_121,u_2153,transaction,2319.0061033324746,1701352296.102297
u_1004,u_429,transaction,1496.4929394252192,1701352515.6460514
u_2456,u_167,transaction,3816.0870345519274,1701352552.3090627
u_990,u_6,transaction,100.0,1701352756.2595189
u_2087,u_2820,transaction,465.2069964343173,1701352866.979136
u_223,u_3156,transaction,2167.710065766702,1701353137.644858
u_1463,u_137,transaction,495.3767203256803,1701354181.7982988
u_169,u_269,transaction,9549.003235523525,1701354309.9321723
u_547,u_2123,transaction,1293.145662070389,1701354681.4331176
u_1756,u_2528,transaction,1157.2671122362692,1701354928.130355
u_138,u_1172,transaction,1963.4133701635428,1701355608.0807114
u_799,u_4868,transaction,6358.9154341877875,1701355903.5335085
u_3185,u_281,transaction,1076.3524903951368,1701356306.8856702
u_12,u_267,transaction,9005.761629677274,1701356311.8077667
u_3101,u_940,transaction,733.1465692979194,1701356516.7003014
u_1800,u_2038,transaction,1472.4986231807586,1701357035.8077683
u_2211,u_3023,transaction,2853.3513323904085,1701357694.6623406
u_1689,u_1526,transaction,2896.9552666589775,1701357904.2428513
u_2265,u_1342,transaction,621.5380167453129,1701358137.260075
u_4357,u_134,transaction,4810.026178817279,1701358263.935821
u_668,u_422,transaction,1760.9245155513595,1701358486.673159
u_1340,u_341,transaction,1416.5387114317857,1701358847.5680988
u_1946,u_468,transaction,843.7586985160058,1701359009.8324049
u_1456,u_1134,transaction,4616.3859417327885,1701359506.2111316
u_1276,u_1003,transaction,1964.0675919697499,1701359809.6757376
u_450,u_2346,transaction,3218.133985839329,1701359985.8036256
u_166,u_2923,transaction,2792.7165210095163,1701360107.1420581
u_4570,u_1966,transaction,1502.8188600437404,1701360441.4328277
u_972,u_16,transaction,6003.386204472378,1701360518.6066432
u_14,u_7,transaction,1225.901510809712,1701360535.9587636
u_1221,u_1086,transaction,999.8887715521516,1701361171.3479977
u_3867,u_2354,transaction,22282.492325452662,1701361199.159726
u_1785,u_906,transaction,1151.3577022725426,1701361785.5682054
u_2773,u_30,transaction,1099.18851902904,1701362247.0734303
u_20,u_230,transaction,614.0015125728883,1701362761.576945
u_1863,u_3183,transaction,15764.58822716262,1701363085.05828
u_1576,u_5,transaction,2685.986989998959,1701363103.7128358
u_2518,u_2185,transaction,2307.433026346199,1701363581.2966037
u_4,u_2885,transaction,2273.5433296428123,1701363922.6088076
u_2159,u_4267,transaction,1169.712919142902,1701364035.004091
u_4402,u_1666,transaction,795.7759541963057,1701364089.986302
u_4865,u_4781,transaction,1541.6950437319974,1701364370.7424843
u_3708,u_3146,transaction,6608.176743768122,1701364394.4118843
u_3,u_456,transaction,1312.5173264236857,1701364500.0187254
u_48,u_2773,transaction,8023.560236334846,1701364851.708309
u_1384,u_2983,transaction,6355.966244682752,1701365615.9351773
u_1623,u_1600,transaction,3937.7354421052787,1701366110.2374997
u_5103,u_5113,transaction,141.2674598077544,1701366314.808268
u_3833,u_149,transaction,5400.20134771404,1701366676.9986444
u_2897,u_241,transaction,1401.816147831533,1701366946.9786973
u_437,u_312,transaction,1542.9667567631607,1701367171.702541
u_560,u_762,transaction,2342.29738626131,1701367520.1777365
u_53,u_1780,transaction,4185.36466041053,1701367943.1918292
u_3946,u_1773,transaction,632.3080385490524,1701368138.432462
u_2970,u_4868,transaction,13678.851311995844,1701368257.0817523
u_610,u_1970,transaction,1190.605151460044,1701368288.1786878
u_1030,u_3344,transaction,3249.849669628668,1701368698.9147887
u_3971,u_4001,transaction,3335.3477107271374,1701369182.4901557
u_988,u_544,transaction,1281.1620431065387,1701369886.2202077
u_1016,u_379,transaction,2445.3924497454364,1701370189.57813
u_447,u_573,transaction,1795.3495449362053,1701370329.4922316
u_2125,u_304,transaction,652.1696192332298,1701370413.1490417
u_387,u_6,transaction,1957.7938566580647,1701370758.3404574
u_3966,u_4675,transaction,842.6356824607163,1701370915.3300893
u_900,u_1050,transaction,1076.7982795423807,1701370972.430227
u_34,u_1591,transaction,2568.7263403353572,1701371292.0088346
u_36,u_1079,transaction,1226.641260942917,1701372283.246839
u_3926,u_134,transaction,621.5879559379075,1701372439.2839386
u_4844,u_3613,transaction,3826.6517206270833,1701373323.5247054
u_81,u_206,transaction,1385.8652125860845,1701373800.4145076
u_488,u_1634,transaction,1380.2888987683639,1701373833.787722
u_567,u_1872,transaction,3095.2684033250193,1701374524.511065
u_344,u_1226,transaction,1610.0216863629857,1701374931.173404
u_2921,u_1866,transaction,13244.933996498135,1701375418.3789542
u_1794,u_1640,transaction,2939.6220258083986,1701375427.77679
u_1865,u_4801,transaction,655.1772489899291,1701375593.8033752
u_317,u_28,transaction,1262.742996141727,1701375962.8642008
u_3125,u_641,transaction,2903.9667347749883,1701375978.2235978
u_3854,u_112,transaction,3593.1124029778484,1701376478.9769702
u_2024,u_110,transaction,1062.7217648320814,1701377387.7314165
u_2874,u_86,transaction,2151.5573514370194,1701377812.2198246
u_1775,u_442,transaction,2807.4010751027567,1701378553.9824965
u_416,u_219,transaction,3257.054063861937,1701379093.294799
u_913,u_2168,transaction,9345.712427963128,1701379247.3112369
u_1994,u_1954,transaction,398.66305260798333,1701379516.1217985
u_884,u_3605,transaction,1483.1542811225625,1701379596.54454
u_33,u_207,transaction,474.9808850021025,1701379727.020272
u_2271,u_4925,transaction,3630.908046002145,1701380372.6898947
u_4890,u_1198,transaction,2647.1653180811836,1701380559.461252
u_75,u_3101,transaction,1926.6574794992257,1701381155.7593493
u_46,u_2416,transaction,1967.5157469350327,1701381307.9031565
u_4385,u_3400,transaction,919.2955754850371,1701381429.3291795
u_91,u_3257,transaction,1696.7593148450364,1701381450.375405
u_131,u_30,transaction,13842.951383910398,1701381802.8112488
u_2604,u_4548,transaction,3412.9394071921956,1701381854.7219918
u_93,u_101,transaction,12102.782765376909,1701382324.3290884
u_1532,u_3395,transaction,2771.6396677513835,1701382569.982378
u_425,u_1811,transaction,2004.0339246373808,1701383099.8653858
u_2987,u_1398,transaction,2117.719065309608,1701383403.5459151
u_4359,u_1938,transaction,2517.1108341833747,1701384276.276594
u_4898,u_54,transaction,5423.436185150719,1701384511.8144228
u_956,u_52,transaction,959.8022707604724,1701384892.441316
u_251,u_150,transaction,404.54687173292814,1701384987.432578
u_19,u_3412,transaction,4325.662715827558,1701385836.2483227
u_4902,u_3579,transaction,1308.9199771461858,1701386290.5489323
u_2763,u_2741,transaction,1479.2859463121397,1701386444.6919968
u_1038,u_3582,transaction,1215.4682450834462,1701387530.4461255
u_4295,u_2093,transaction,1114.188376535107,1701387699.6578572
u_1227,u_274,transaction,1215.2155500017193,1701387755.0636103
u_6,u_2370,transaction,1978.9264886474061,1701388014.1045952
u_2289,u_1288,transaction,1757.7363950386484,1701388563.9525492
u_4843,u_27,transaction,15756.406837939296,1701389456.4846478
u_1304,u_103,transaction,4610.33668956233,1701389501.5153797
u_3059,u_150,transaction,2269.9109388796496,1701389683.5931804
u_2929,u_3764,transaction,292.63143925307946,1701390116.2278268
u_16,u_4713,transaction,909.5826794381658,1701390345.8913465
u_15,u_7,transaction,4796.03650237479,1701390469.911868
u_439,u_2252,transaction,2456.143053063213,1701390528.5115933
u_2428,u_98,transaction,4900.337486160727,1701390765.004352
u_410,u_2371,transaction,602.4202240878479,1701390852.7558012
u_1105,u_3528,transaction,40850.77733877381,1701391157.5416899
u_0,u_2,transaction,1248.242575467595,1701391335.5841048
u_1630,u_2385,transaction,1773.9851503122452,1701391533.0099158
u_2525,u_459,transaction,2978.26387110742,1701391665.3683665
u_444,u_902,transaction,160.15156904782387,1701392020.106031
u_521,u_2081,transaction,21854.977954944137,1701392110.0407865
u_610,u_208,transaction,9072.273476164624,1701392867.2047632
u_2044,u_265,transaction,1364.9863493789112,1701392979.3207934
u_1012,u_31,transaction,7483.862294746989,1701393147.2478957
u_2468,u_1138,transaction,1136.3716900269371,1701394214.4907978
u_9,u_3424,transaction,1100.3118821993316,1701394605.1036897
u_187,u_1021,transaction,2182.166254219912,1701395277.4252906
u_884,u_2386,transaction,1089.381263856494,1701395684.339319
u_89,u_460,transaction,805.7183811077903,1701396269.9031708
u_347,u_1409,transaction,621.7058592208795,1701396757.5123577
u_4331,u_4222,transaction,1497.2796454061968,1701396781.7962892
u_942,u_114,transaction,5590.631266268433,1701396914.3920813
u_593,u_450,transaction,6445.034871628827,1701397001.8115883
u_2040,u_4474,transaction,1321.430728499205,1701397686.3658688
u_192,u_1609,transaction,681.7301961292012,1701397962.509513
u_371,u_1667,transaction,1158.8612974298617,1701397994.4297678
u_2806,u_3080,transaction,2805.8244334990827,1701398196.8910656
u_1495,u_22,transaction,294.2268369575821,1701398210.8842087
u_2001,u_1991,transaction,287.07216071086185,1701398220.5689583
u_3775,u_1825,transaction,518.1058994258107,1701398246.8751779
u_2647,u_1589,transaction,2774.752109762954,1701398878.204903
u_147,u_1055,transaction,268.7451089204835,1701399012.3028743
u_200,u_2731,transaction,3785.0352574995977,1701399270.0538385
u_569,u_3518,transaction,865.4329172068029,1701399339.7324276
u_1108,u_848,transaction,991.8545110305253,1701399359.4345357
u_3976,u_10,transaction,1743.534043637809,1701399370.485012
u_5,u_1,transaction,881.471556739519,1701400282.2245257
u_2275,u_399,transaction,1521.3766058341346,1701400316.0027242
u_783,u_706,transaction,6827.001439336224,1701400844.085252
u_1585,u_3685,transaction,576.0956999716583,1701401107.897101
u_741,u_173,transaction,4003.495421451368,1701401904.4769337
u_1424,u_2179,transaction,2026.307941604985,1701402264.120356
u_479,u_158,transaction,5967.655424573201,1701402416.234227
u_3698,u_34,transaction,435.73099750421824,1701402465.8138084
u_137,u_552,transaction,550.62768995077,1701402592.116046
u_3807,u_2622,transaction,1352.5208896465085,1701402618.1189218
u_3228,u_84,transaction,644.222883040066,1701402878.2179708
u_1725,u_1172,transaction,552.0637743741518,1701403249.3348577
u_917,u_97,transaction,1308.301556483751,1701403398.1314187
u_49,u_2749,transaction,5008.657730356337,1701404277.3112118
u_4875,u_1744,transaction,397.3465960821335,1701404402.1099474
u_982,u_3032,transaction,992.6320039504006,1701404453.3186646
u_4010,u_1285,transaction,3510.611853477325,1701405373.0381112
u_79,u_4767,transaction,4457.179295331404,1701405391.4286501
u_556,u_850,transaction,7681.447548444011,1701405695.4009988
u_3069,u_25,transaction,3929.346887728118,1701406849.131236
u_2804,u_107,transaction,598.9782736116068,1701407040.730117
u_2161,u_95,transaction,5157.483097506996,1701407301.2180512
u_1053,u_475,transaction,1764.9451861685548,1701407664.8784964
u_1859,u_74,transaction,1504.8668145983277,1701407765.2208748
u_546,u_691,transaction,3412.1573070155805,1701407982.8443236
u_4977,u_2319,transaction,2388.3275608592703,1701408217.3012025
u_2241,u_214,transaction,2085.8737157201494,1701408290.395853
u_2663,u_113,transaction,3956.6773055301346,1701408470.984672
u_4450,u_1402,transaction,1349.264004648097,1701408486.8093028
u_2741,u_4913,transaction,11477.100911104013,1701409139.0236533
u_8,u_679,transaction,5201.617486408209,1701409233.6550682
u_589,u_34,transaction,259.4158050743115,1701409676.3853958
u_2667,u_3121,transaction,850.4147315667464,1701410011.204338
u_4196,u_87,transaction,758.0224578783728,1701410151.0182047
u_2329,u_2030,transaction,5385.72305119586,1701411136.8586433
u_4311,u_80,transaction,1437.4380385778957,1701411339.4061873
u_2845,u_322,transaction,2566.6843695735765,1701411616.9080448
u_970,u_486,transaction,1612.2067384363113,1701411667.5043192
u_1029,u_400,transaction,4257.335586131275,1701412040.1256714
u_674,u_539,transaction,1683.1136971400492,1701412173.670591
u_4262,u_22,transaction,622.8572144188653,1701412690.8684406
u_443,u_69,transaction,1613.9048374097129,1701413239.5343761
u_2531,u_949,transaction,838.1805996416965,1701414194.0654993
u_0,u_3377,transaction,3144.000208873805,1701414257.601973
u_4334,u_4629,transaction,4183.654812168888,1701414368.0679293
u_210,u_1866,transaction,3002.720623257643,1701414447.9441788
u_1164,u_3959,transaction,1581.0109913298136,1701414709.7773745
u_287,u_3027,transaction,1173.1430719416603,1701414977.0356765
u_146,u_160,transaction,1961.1345210949137,1701415617.8267715
u_2546,u_19,transaction,639.5596137647253,1701415721.6526809
u_2408,u_36,transaction,762.9742146007738,1701416005.6759765
u_6,u_3088,transaction,634.5032639749284,1701416205.445895
u_2684,u_3,transaction,2177.292973525624,1701416526.8643942
u_168,u_3281,transaction,3738.7687401271924,1701416884.1326349
u_3691,u_1594,transaction,4594.38797336055,1701416951.9658206
u_1360,u_455,transaction,610.8488049294236,1701417136.9497874
u_6,u_83,transaction,2796.007063716436,1701417259.4194965
u_444,u_374,transaction,2525.454731668775,1701417278.7771487
u_31,u_1,transaction,10494.645820090984,1701417681.984575
u_541,u_51,transaction,1046.0832298624127,1701417730.0541468
u_148,u_22,transaction,3045.5884084417835,1701417815.6077385
u_47,u_1073,transaction,632.6132528091607,1701417948.7646334
u_68,u_1158,transaction,1046.9038580545237,1701418559.14003
u_936,u_1866,transaction,1229.8978586105216,1701419125.4238167
u_1629,u_4333,transaction,2184.906483482743,1701419259.596274
u_3574,u_457,transaction,5584.667920917343,1701420268.9974327
u_3816,u_43,transaction,1355.7280877469204,1701420377.5045571
u_199,u_4907,transaction,1281.6915953567025,1701420657.2359264
u_1490,u_4918,transaction,1429.4938770595766,1701420926.30108
u_3917,u_534,transaction,3591.266448253609,1701421069.1340215
u_300,u_1302,transaction,1587.5380618475367,1701421109.790698
u_1456,u_4373,transaction,5687.508598108562,1701421898.6143587
u_213,u_522,transaction,1677.5227722769794,1701422744.0900497
u_1582,u_3684,transaction,860.4996614611296,1701423155.3110168
u_577,u_1227,transaction,1119.354022869267,1701423671.497133
u_3964,u_241,transaction,3496.9624459850706,1701423718.9589736
u_925,u_639,transaction,2490.373192966837,1701423899.9697335
u_986,u_3227,transaction,2492.2222514999085,1701424337.1599777
u_2511,u_3952,transaction,663.6882553129515,1701424510.800726
u_29,u_1985,transaction,565.1329499701193,1701424786.2065942
u_4144,u_3807,transaction,2659.118532721829,1701424868.711776
u_1091,u_152,transaction,1692.2834765303558,1701425042.7722826
u_288,u_2388,transaction,2997.571839885097,1701425115.6358778
u_1431,u_305,transaction,7734.02324032177,1701425234.8908143
u_2777,u_1704,transaction,2247.8246405253985,1701425536.8262281
u_727,u_495,transaction,2866.436401828912,1701425632.7257936
u_4128,u_89,transaction,1376.301975920071,1701425873.6357825
u_1653,u_2475,transaction,1644.4738577393234,1701425936.167197
u_6,u_4165,transaction,5274.349113784175,1701426272.5038962
u_2947,u_1124,transaction,773.0000231396639,1701426602.5408378
u_1464,u_3966,transaction,597.724358346709,1701426858.0195978
u_858,u_71,transaction,30171.542098087433,1701427289.0419374
u_46,u_142,transaction,6433.382134686236,1701427396.9175656
u_2519,u_22,transaction,1725.1674912363585,1701427669.253728
u_2805,u_2681,transaction,2462.2553370536834,1701428014.2184215
u_91,u_6,transaction,8932.015008109,1701428320.4862819
u_460,u_2530,transaction,2606.4905693996743,1701428349.273065
u_3568,u_1487,transaction,2029.6055416169252,1701428487.8464444
u_6,u_64,transaction,499.11495073457036,1701428754.052708
u_3344,u_1063,transaction,752.3684911720052,1701429229.416099
u_3026,u_7,transaction,3031.905309044537,1701429655.0314429
u_628,u_1872,transaction,2067.216676153028,1701429660.2993124
u_3453,u_1798,transaction,1937.8553710318151,1701429685.061022
u_336,u_106,transaction,6980.335989985625,1701429724.1457183
u_3400,u_2836,transaction,7500.673804582236,1701429756.5247877
u_3448,u_89,transaction,2719.0908221102723,1701429804.4463408
u_4190,u_4901,transaction,661.4263399612183,1701430079.6355643
u_2621,u_375,transaction,7146.92943051904,1701430187.0664613
u_1727,u_1193,transaction,6185.6685332689,1701430601.4880996
u_550,u_103,transaction,4794.920744869315,1701430664.6537719
u_199,u_2910,transaction,5160.078783176752,1701430677.718613
u_1054,u_1331,transaction,1263.4437725431083,1701430709.5120425
u_481,u_2516,transaction,3128.5334504639845,1701431058.7143364
u_1923,u_2449,transaction,1430.96196451112,1701431263.009786
u_18,u_847,transaction,7958.221056014587,1701431635.9260087
u_765,u_331,transaction,4830.393159276254,1701431746.9271643
u_2214,u_458,transaction,1622.7232081237407,1701432054.339703
u_1618,u_3285,transaction,3367.9852311632044,1701432409.561352
u_2939,u_3484,transaction,7534.93409336589,1701433003.7895103
u_4804,u_4612,transaction,8943.185910434153,1701433260.2489977
u_2865,u_498,transaction,978.8832632728974,1701433426.4372442
u_2844,u_1861,transaction,3505.64804696052,1701434429.087232
u_848,u_1955,transaction,628.5668314611415,1701434767.048338
u_3744,u_32,transaction,1911.6555243460614,1701434772.0275033
u_2723,u_65,transaction,678.5361099739653,1701434789.190162
u_2727,u_455,transaction,776.2291893251768,1701434863.8542647
u_831,u_5,transaction,2233.6595371839344,1701435209.0257137
u_9,u_3541,transaction,273.2697135119821,1701435257.4685583
u_3520,u_347,transaction,1442.8038526539117,1701435706.8181891
u_1876,u_193,transaction,2012.3479486896917,1701435804.1149187
u_2684,u_4570,transaction,4464.599720761268,1701436021.21545
u_1347,u_1100,transaction,3116.9946846841835,1701436078.6996503
u_2689,u_3665,transaction,1427.9998142022164,1701436199.068204
u_2660,u_4813,transaction,499.90046032035343,1701436359.7726946
u_4469,u_138,transaction,2314.4007168963567,1701436511.0556388
u_1133,u_289,transaction,3652.401579640931,1701436889.0155742
u_156,u_309,transaction,4712.303132164764,1701436934.6339326
u_12,u_68,transaction,2306.962980602012,1701436964.3879101
u_41,u_4458,transaction,442.8977377711781,1701437021.695571
u_1175,u_1852,transaction,143.98548231745002,1701437030.7502818
u_3868,u_150,transaction,478.6608757140976,1701437394.7518065
u_1573,u_735,transaction,2555.7917284813548,1701437613.8983402
u_619,u_2978,transaction,517.3107810329602,1701437625.954568
u_1712,u_3437,transaction,1412.4508592593736,1701437837.396435
u_2043,u_304,transaction,209.2552132410513,1701438148.5411394
u_575,u_2035,transaction,4344.709540752283,1701438379.2358918
u_2626,u_1229,transaction,832.467047561429,1701438568.6307573
u_4342,u_2884,transaction,8869.764888421048,1701439045.8388536
u_2004,u_545,transaction,1179.8220842736484,1701439714.2980464
u_1973,u_4019,transaction,1372.0325716913635,1701439823.3429606
u_4335,u_1326,transaction,7265.072448192708,1701440081.0504417
u_7,u_4726,transaction,470.2264268189059,1701440325.8107576
u_4646,u_59,transaction,943.858315712246,1701440399.631573
u_217,u_302,transaction,1021.7311834271861,1701440496.6176622
u_3799,u_1669,transaction,1996.8252332742313,1701440824.9944167
u_1535,u_113,transaction,1363.970418160892,1701440865.430789
u_107,u_1886,transaction,584.0173322859404,1701440874.6412954
u_1792,u_134,transaction,2086.802913579701,1701441513.3255718
u_1166,u_105,transaction,2628.2054919924203,1701441542.4990294
u_213,u_3661,transaction,576.5030832554364,1701441579.4846146
u_684,u_243,transaction,3505.781542569196,1701442033.209336
u_17,u_1909,transaction,3698.6909590131627,1701442213.1676338
u_1124,u_9,transaction,3897.954536192504,1701442339.6951466
u_1196,u_1572,transaction,2048.272634602562,1701442401.3591027
u_1857,u_3342,transaction,1963.4173238936926,1701442550.7082403
u_966,u_1762,transaction,1231.2908065257284,1701442593.9896023
u_1169,u_665,transaction,3327.178901498881,1701442601.4538553
u_482,u_0,transaction,2981.38439323935,1701442741.4378014
u_3866,u_2346,transaction,1632.7375203248037,1701443846.8562353
u_1215,u_945,transaction,461.35870601499784,1701443863.234946
u_95,u_436,transaction,4332.88877014148,1701444279.3769891
u_1190,u_952,transaction,2894.2549406141984,1701444449.1586976
u_3201,u_2603,transaction,482.7714662490786,1701444501.4537814
u_2349,u_554,transaction,2565.2212843048173,1701445178.1202064
u_94,u_160,transaction,4216.834240252114,1701445436.9756367
u_4373,u_3144,transaction,804.5436033119149,1701445457.3763435
u_3859,u_2349,transaction,4433.033163931128,1701445571.1485403
u_3588,u_208,transaction,3004.8752348195703,1701445571.672414
u_870,u_1721,transaction,445.82623871685985,1701445611.9386802
u_131,u_3055,transaction,249.42631204823985,1701445778.839089
u_5005,u_5013,transaction,2764.9974246815564,1701445815.1292524
u_999,u_1977,transaction,3316.821255863471,1701446072.6169941
u_77,u_6,transaction,2500.0275435649005,1701446257.176766
u_1884,u_1312,transaction,13967.403287502124,1701446308.9046724
u_763,u_4762,transaction,3350.972729134752,1701447245.9274888
u_212,u_199,transaction,2742.9837712133444,1701447517.486081
u_3742,u_340,transaction,2758.175798031043,1701447560.9617321
u_4399,u_1249,transaction,1493.8736349869453,1701448682.7502217
u_2524,u_4298,transaction,734.418391177574,1701448715.567134
u_320,u_819,transaction,8135.504132862013,1701448926.464185
u_1714,u_1501,transaction,959.8419190870484,1701449145.5758595
u_615,u_570,transaction,307.03677595376297,1701449218.1581798
u_448,u_439,transaction,1030.2257419024745,1701449330.8534636
u_451,u_1933,transaction,3763.781004494869,1701450350.4020941
u_56,u_980,transaction,671.0937638350387,1701450376.2378836
u_334,u_3726,transaction,1993.8312002327962,1701450766.7825418
u_4748,u_2312,transaction,547.7454101109322,1701450769.3367357
u_1585,u_1,transaction,5290.30801925641,1701450862.7960742
u_1592,u_2093,transaction,5476.288211266831,1701451051.739562
u_964,u_3382,transaction,662.514621574856,1701451345.7734194
u_3555,u_2850,transaction,4457.205030460037,1701451910.7576547
u_838,u_405,transaction,1085.546891390401,1701451992.8812757
u_16,u_1682,transaction,706.7412431443837,1701452221.5161896
u_513,u_3031,transaction,1868.0284272573933,1701452440.8620827
u_1205,u_204,transaction,4052.32640676289,1701452556.773257
u_4482,u_4502,transaction,4426.459930226297,1701452935.608251
u_1639,u_16,transaction,473.3939555709009,1701453081.6152694
u_2309,u_2992,transaction,1553.1379040357517,1701453231.6817482
u_1671,u_2280,transaction,366.95676766459854,1701453403.457894
u_1043,u_3015,transaction,1947.0969144295705,1701453577.3209617
u_7,u_0,transaction,782.5785295916771,1701453902.988483
u_244,u_37,transaction,1322.05413577261,1701453956.2704508
u_1035,u_2774,transaction,5124.174224302254,1701455039.938166
u_567,u_899,transaction,12410.347195166809,1701455216.135402
u_2882,u_1706,transaction,890.772496032777,1701455468.9321673
u_1672,u_1299,transaction,3305.1842532197843,1701455971.152626
u_3568,u_1102,transaction,689.3850225988531,1701456170.1857076
u_3,u_592,transaction,3028.8528144003635,1701456227.3313446
u_5,u_72,transaction,679.7275459613486,1701456437.6840148
u_4214,u_4946,transaction,1053.8867965608206,1701456621.6641374
u_17,u_749,transaction,709.5005685618183,1701456735.1070077
u_814,u_606,transaction,311.07720154437544,1701457689.4338317
u_3975,u_118,transaction,1063.2985841347347,1701458113.8258908
u_92,u_85,transaction,5778.378018265997,1701458739.7779086
u_5108,u_5112,transaction,1992.3593717482584,1701458809.521901
u_464,u_346,transaction,397.12690319160794,1701459116.4924035
u_3030,u_4,transaction,3517.018649148913,1701459317.9980576
u_434,u_210,transaction,4796.843506026719,1701460256.2770972
u_2573,u_1168,transaction,756.9310971495304,1701460280.1698377
u_2631,u_26,transaction,278.7341054397352,1701460791.5416203
u_3238,u_659,transaction,1310.7633400031473,1701460954.4223237
u_2940,u_158,transaction,2592.540067175192,1701461028.401396
u_2204,u_4954,transaction,1471.6515744340422,1701461120.7935848
u_12,u_835,transaction,9213.900574809737,1701461468.4891348
u_713,u_190,transaction,277.27023618947936,1701461751.599613
u_61,u_165,transaction,1444.2809294382878,1701461767.871604
u_1475,u_3830,transaction,809.426062766538,1701461886.7206697
u_3969,u_3866,transaction,641.8765169268681,1701461901.124994
u_570,u_4531,transaction,2857.7949499601195,1701461910.8075082
u_727,u_2851,transaction,1641.5173885729428,1701462378.0795977
u_640,u_560,transaction,682.971957090713,1701462539.359711
u_1060,u_1625,transaction,295.3055734526823,1701462555.757884
u_2225,u_2417,transaction,5537.20376945304,1701463155.089249
u_2704,u_1217,transaction,3023.174001769312,1701463157.8725717
u_3563,u_4729,transaction,2943.0984343923647,1701463272.8626585
u_311,u_203,transaction,213.6471422220288,1701463574.7415555
u_738,u_443,transaction,5340.101496008977,1701463828.9566092
u_33,u_2313,transaction,1437.8712052546227,1701464624.1469152
u_47,u_1684,transaction,1118.5467374289535,1701464721.550136
u_786,u_3958,transaction,7049.123739688661,1701465238.6214204
u_6,u_1335,transaction,100.0,1701465425.0743902
u_1606,u_611,transaction,1303.7274141287414,1701465447.9810615
u_1960,u_1057,transaction,5346.504404698902,1701465562.5298448
u_773,u_4076,transaction,160.09377538888276,1701465738.249466
u_252,u_2908,transaction,581.7145212446287,1701466198.3056479
u_1106,u_125,transaction,458.5635366250051,1701466224.829054
u_1247,u_3747,transaction,934.1890815625783,1701466494.8374426
u_44,u_3114,transaction,3120.6191715438567,1701466642.6235833
u_1469,u_232,transaction,497.4219093033714,1701466764.743042
u_3232,u_30,transaction,1070.147602000695,1701466991.3379407
u_4795,u_3241,transaction,1181.150680589033,1701467078.819357
u_966,u_319,transaction,323.4105209864687,1701467267.1596706
u_1510,u_1816,transaction,644.822267688635,1701467735.6212087
u_2076,u_863,transaction,672.0762917235236,1701467900.9502494
u_4386,u_373,transaction,1108.8889875656093,1701467913.2089121
u_262,u_1476,transaction,10017.013577112382,1701468069.9435954
u_3164,u_1978,transaction,5006.725700623267,1701468566.5089395
u_1417,u_3671,transaction,8593.738919637633,1701468777.9178853
u_1673,u_947,transaction,868.2832039887711,1701469049.6508877
u_257,u_278,transaction,7435.5597030906165,1701469053.561954
u_111,u_1964,transaction,298.27609844687225,1701469108.1753976
u_26,u_4553,transaction,721.9680879213172,1701469161.1956522
u_516,u_906,transaction,11940.456957243468,1701469162.3215556
u_2661,u_4435,transaction,872.9889533942223,1701469535.8088756
u_2285,u_3208,transaction,589.0257215574865,1701469558.4110665
u_257,u_3145,transaction,598.4214858502326,1701469785.557454
u_1828,u_243,transaction,2384.156722936259,1701469852.690225
u_86,u_1692,transaction,616.8880758917684,1701469893.774794
u_3831,u_1,transaction,1096.7730643936093,1701470053.056851
u_20,u_7,transaction,1752.083323823157,1701470440.8492713
u_530,u_2958,transaction,638.9340807525568,1701470674.1459544
u_147,u_4201,transaction,941.9113024704889,1701470769.1513517
u_4471,u_4130,transaction,2579.467330595443,1701470811.1111915
u_152,u_162,transaction,3198.65627353812,1701470818.9269388
u_320,u_1293,transaction,2949.0976909619008,1701471144.733567
u_7,u_2109,transaction,1239.5068172252775,1701471215.137004
u_61,u_458,transaction,2507.3821338060366,1701471243.9823327
u_982,u_4,transaction,9674.032471640068,1701471318.4081204
u_30,u_423,transaction,6948.115538153133,1701471371.241962
u_1021,u_418,transaction,2529.677908490511,1701471722.7536132
u_2176,u_338,transaction,648.1563149461489,1701471834.7741349
u_4859,u_214,transaction,1035.3638760671042,1701472000.9310157
u_1386,u_1,transaction,1108.929681496906,1701472256.2240803
u_1586,u_614,transaction,3009.452850357876,1701472619.1426826
u_1831,u_920,transaction,460.7530395730863,1701472703.05393
u_277,u_60,transaction,3911.588007875096,1701473149.0111446
u_0,u_4850,transaction,3423.9266587259167,1701473164.6463237
u_1159,u_1813,transaction,434.13293506371446,1701473330.0733728
u_1383,u_4407,transaction,942.0999919111266,1701473339.8589764
u_185,u_1976,transaction,360.1204655933208,1701474003.6960819
u_1892,u_720,transaction,2010.008948664767,1701474070.1535804
u_4805,u_2100,transaction,457.8754074774628,1701474381.712261
u_1901,u_4381,transaction,288.2403344902811,1701474422.9052951
u_1164,u_33,transaction,10893.021927773507,1701474676.1182866
u_382,u_2565,transaction,453.3476285034855,1701474829.8903701
u_5074,u_5080,transaction,763.3024127252355,1701475085.7413979
u_1249,u_838,transaction,1367.1622725026807,1701475338.9772775
u_3185,u_4864,transaction,1339.5948888775906,1701475701.1283312
u_1890,u_1589,transaction,936.2509138678115,1701475873.2999327
u_133,u_1547,transaction,4699.771818231778,1701475885.656126
u_4070,u_1685,transaction,5799.893852907104,1701476516.3809292
u_1971,u_2628,transaction,5796.3917018342245,1701476760.7071967
u_487,u_4314,transaction,1127.8496500489753,1701477406.5328338
u_6,u_2965,transaction,1630.6683490459013,1701477433.0945761
u_842,u_888,transaction,317.6006728217728,1701477808.6982903
u_186,u_740,transaction,4686.596806982375,1701478297.2886674
u_228,u_726,transaction,1877.50035575931,1701478368.1661396
u_172,u_1174,transaction,3142.9126000486385,1701478868.2984931
u_4831,u_1924,transaction,1430.0897233028857,1701478933.3544257
u_1052,u_2603,transaction,1397.4151875436858,1701478954.2572699
u_20,u_73,transaction,3561.4600684040042,1701479263.5249803
u_1577,u_3613,transaction,979.2511114278984,1701479289.8193882
u_4,u_758,transaction,5264.767801910406,1701479302.1031454
u_5,u_1820,transaction,3772.9859542090057,1701479337.2973042
u_2705,u_545,transaction,2750.484739144799,1701479507.4172642
u_99,u_592,transaction,1022.134772690327,1701479620.3488827
u_4,u_1352,transaction,966.114904030077,1701479801.693641
u_930,u_69,transaction,3071.140217305028,1701480083.0981407
u_1612,u_1023,transaction,1850.2585386881838,1701480182.89575
u_776,u_981,transaction,167.21173681961199,1701480302.536555
u_781,u_457,transaction,7584.279056328168,1701480564.4232454
u_773,u_497,transaction,306.0515851094264,1701481007.0088022
u_31,u_4043,transaction,2154.2790928873656,1701481130.6656802
u_2162,u_1940,transaction,2207.076318783712,1701481618.6850126
u_3514,u_2305,transaction,1327.2015098967424,1701481714.6324282
u_4575,u_4217,transaction,806.2141824486162,1701481849.69336
u_2456,u_4421,transaction,2001.9085815317262,1701481962.8854647
u_2040,u_4172,transaction,1547.7809941169073,1701482152.1051126
u_787,u_243,transaction,6369.226036097812,1701482611.1936047
u_2101,u_2285,transaction,525.4720376454273,1701482879.114491
u_156,u_260,transaction,718.2134104253471,1701482905.504235
u_457,u_2233,transaction,1977.4841437041475,1701483236.9253905
u_287,u_206,transaction,4699.919022233735,1701483703.068731
u_1083,u_2009,transaction,2397.1509582920507,1701484366.3132956
u_2167,u_4042,transaction,1414.11183691546,1701484406.1638956
u_533,u_2120,transaction,370.24107947659087,1701484409.3121414
u_1732,u_149,transaction,1124.5028921930984,1701484753.6387703
u_3125,u_4216,transaction,4131.530991279772,1701485064.639554
u_185,u_4511,transaction,1576.575584457336,1701485627.9397635
u_6,u_3722,transaction,1324.158980375576,1701485681.7343574
u_331,u_2814,transaction,525.0648156791062,1701485959.0864346
u_1225,u_33,transaction,850.766651831478,1701486014.6088932
u_799,u_1432,transaction,9213.237827632256,1701486180.999567
u_378,u_900,transaction,275.886615000046,1701487123.641303
u_56,u_3778,transaction,1409.9490864456152,1701487127.598413
u_1063,u_3589,transaction,749.3797844865072,1701487526.8548021
u_107,u_56,transaction,10948.310519793267,1701487658.518252
u_206,u_30,transaction,4067.5993867800603,1701487779.9649405
u_1433,u_3379,transaction,4946.378838268719,1701487802.5260198
u_4235,u_54,transaction,3312.682791541586,1701487846.5768454
u_4,u_221,transaction,2610.4745752915014,1701488003.7558274
u_2745,u_26,transaction,1594.4014885415315,1701488169.5338626
u_1618,u_1134,transaction,1144.4716230701104,1701488215.6088798
u_1627,u_2847,transaction,458.3303729707037,1701488360.5853322
u_7,u_419,transaction,399.99179395583957,1701488405.3479583
u_104,u_3973,transaction,289.7026701442795,1701488447.629618
u_232,u_1595,transaction,1564.1869356756522,1701490075.530019
u_4,u_3923,transaction,1304.1461139879264,1701490118.1261358
u_341,u_1212,transaction,1408.0393522956674,1701490132.6624715
u_2229,u_1060,transaction,868.7288931040091,1701490195.2576194
u_21,u_190,transaction,13664.960811669118,1701490446.5439005
u_324,u_2991,transaction,837.8655534605386,1701490819.6576736
u_6,u_1261,transaction,759.0575039068074,1701491050.4044993
u_8,u_3234,transaction,3219.792462543784,1701491130.0799696
u_470,u_0,transaction,3630.228884454101,1701491256.2808766
u_4504,u_4490,transaction,3110.5661909961423,1701491304.8988445
u_3732,u_349,transaction,3487.354505197748,1701491558.6747375
u_4483,u_534,transaction,24003.98592344623,1701491726.6197243
u_178,u_185,transaction,4767.460374031633,1701491749.6077178
u_3238,u_104,transaction,1890.4489336686524,1701492033.0004754
u_3632,u_2656,transaction,1585.6394333031126,1701492057.5807161
u_126,u_7,transaction,1263.9166363195443,1701493777.4316747
u_2801,u_4761,transaction,6111.693316453176,1701493855.9344893
u_1104,u_870,transaction,1066.359700833518,1701494205.917028
u_1518,u_2426,transaction,2924.1074849941765,1701494470.731662
u_2094,u_4266,transaction,481.08737950533344,1701494498.550163
u_2621,u_45,transaction,19998.560705834607,1701494884.8323455
u_2471,u_1243,transaction,985.4859030653989,1701495073.227307
u_223,u_905,transaction,662.293914163072,1701495270.0355248
u_18,u_0,transaction,148.50138504868445,1701495845.1488836
u_1917,u_371,transaction,4228.49787644254,1701496176.2726038
u_1362,u_38,transaction,612.828810158124,1701496220.5067403
u_41,u_0,transaction,2275.763226255947,1701496245.592065
u_3944,u_650,transaction,1169.9915470180806,1701496365.4646513
u_174,u_12,transaction,739.7068661657934,1701496968.2395916
u_803,u_3998,transaction,235.2780067149096,1701497579.372388
u_1229,u_16,transaction,4655.802842468913,1701497805.9252264
u_606,u_728,transaction,645.501623393466,1701497858.4681242
u_249,u_6,transaction,803.5176379776345,1701497933.8675451
u_1340,u_2050,transaction,734.601824823561,1701498055.5383267
u_671,u_164,transaction,1418.4481816365537,1701499273.9538639
u_4730,u_2783,transaction,1873.5046009455466,1701499485.7024992
u_22,u_3911,transaction,1902.4307733181508,1701499737.6475954
u_98,u_10,transaction,2873.270744509631,1701499990.968971
u_5093,u_5096,transaction,966.4741097733519,1701500176.4337027
u_4370,u_482,transaction,5324.403998447242,1701500249.9881887
u_4,u_2319,transaction,393.2615173352296,1701500252.1760538
u_797,u_1447,transaction,711.6802737377332,1701500422.7959056
u_155,u_4518,transaction,2241.6843796079315,1701500506.996391
u_4,u_1316,transaction,130.22579952400935,1701500837.0928729
u_4886,u_1399,transaction,546.449595223122,1701500960.378508
u_100,u_505,transaction,2564.8365882727835,1701502360.4989157
u_4057,u_427,transaction,1589.9573779926784,1701502846.8742564
u_1054,u_1030,transaction,5179.93253343208,1701502931.9063392
u_3566,u_1362,transaction,18398.799962065958,1701503274.8361645
u_152,u_334,transaction,3308.0722258243163,1701503332.2276134
u_992,u_592,transaction,824.7676307117231,1701503374.5359845
u_4725,u_3508,transaction,363.3239971117365,1701503390.0273485
u_463,u_938,transaction,455.9260530694314,1701504098.3563921
u_2772,u_2277,transaction,2009.726236983925,1701504823.0130332
u_3182,u_117,transaction,7412.56920668672,1701505003.6052225
u_4736,u_4055,transaction,414.7375615929111,1701505005.424214
u_2869,u_34,transaction,2193.834855837444,1701505541.6060047
u_349,u_371,transaction,3357.7720295962768,1701505592.3752303
u_1731,u_2931,transaction,3793.3960464683364,1701505695.4320238
u_4655,u_4461,transaction,8755.639445156708,1701506161.6929421
u_1434,u_2127,transaction,312.0399737506926,1701506286.8059258
u_12,u_3154,transaction,1934.353042676065,1701506424.7148027
u_2103,u_3397,transaction,1921.35389949147,1701506615.1142447
u_77,u_1255,transaction,698.4164999554229,1701507008.791825
u_2841,u_15,transaction,1021.2840896300586,1701507105.4004028
u_2756,u_486,transaction,3064.0131818688064,1701507196.8934658
u_4210,u_3428,transaction,2655.0056772718413,1701507260.5685437
u_3304,u_2700,transaction,1369.8489313910293,1701507355.518637
u_2616,u_294,transaction,977.9526134040958,1701507436.2850292
u_3925,u_905,transaction,23400.272799021604,1701507757.3165243
u_108,u_3045,transaction,1523.5838432205342,1701507912.3399162
u_4487,u_292,transaction,165.6199378800914,1701507951.2690396
u_22,u_3920,transaction,8506.95459016483,1701508004.0887806
u_6,u_2788,transaction,183.8688543719861,1701508085.104714
u_1748,u_232,transaction,3155.413166075307,1701508114.7370436
u_1820,u_3719,transaction,352.8619983368048,1701508797.0429082
u_25,u_4003,transaction,6571.259129067383,1701509189.450894
u_133,u_4554,transaction,1577.470430523954,1701509374.6397963
u_2394,u_1281,transaction,507.57168576260614,1701509524.6680763
u_1934,u_3844,transaction,6989.768240880789,1701509633.5228512
u_1983,u_6,transaction,873.053693710136,1701509940.9486835
u_363,u_4619,transaction,887.1612627703083,1701510377.6113374
u_29,u_101,transaction,2224.455241625798,1701510452.2219555
u_37,u_614,transaction,1364.0525869456997,1701510518.159573
u_450,u_784,transaction,9603.70753393981,1701510857.730887
u_2383,u_1167,transaction,1626.492675218333,1701511045.5311031
u_907,u_1513,transaction,463.66625791852374,1701511098.0154846
u_1708,u_231,transaction,1917.8963658683385,1701511154.4748414
u_554,u_2046,transaction,991.8920761164436,1701511418.4857457
u_369,u_349,transaction,1060.938951148176,1701511931.477266
u_4803,u_1171,transaction,2778.3658750748073,1701512006.915445
u_2873,u_990,transaction,2143.026882551419,1701512685.3682446
u_1329,u_616,transaction,1446.34902358226,1701512844.9663851
u_339,u_7,transaction,286.59811007251034,1701513007.89881
u_951,u_3561,transaction,2115.02733574333,1701513149.1402507
u_1071,u_412,transaction,1431.3782052581957,1701513746.3995202
u_869,u_49,transaction,1340.0804955577778,1701513932.4188483
u_1846,u_2548,transaction,2447.042582566203,1701514133.007057
u_1504,u_2317,transaction,1715.7327870540123,1701514175.3586855
u_9,u_395,transaction,2785.9736998957383,1701514435.5034556
u_3352,u_7,transaction,1259.7762918514659,1701514970.1017833
u_1323,u_2867,transaction,4107.139916541263,1701515118.0901935
u_2674,u_4879,transaction,11903.482768887334,1701515157.117187
u_533,u_509,transaction,2920.8364787127894,1701515363.7640274
u_73,u_49,transaction,2791.9697968910136,1701515495.8726614
u_1203,u_4108,transaction,802.2772367600263,1701515531.4976032
u_341,u_759,transaction,336.6788608177094,1701515952.5978134
u_6,u_26,transaction,2173.967382411658,1701516628.8183033
u_30,u_2977,transaction,4448.839650203271,1701516690.2055142
u_240,u_569,transaction,1738.3518181826917,1701516803.5454078
u_755,u_4023,transaction,980.2749395169518,1701517115.2194333
u_31,u_100,transaction,5723.573568071833,1701517261.7429595
u_381,u_1036,transaction,12229.496603773492,1701518071.6480918
u_2575,u_475,transaction,4060.708686675161,1701519323.4625773
u_3,u_241,transaction,9094.050518078631,1701519361.5373507
u_4667,u_1981,transaction,425.6007909493422,1701519363.169516
u_2582,u_3,transaction,3591.4757051715537,1701519504.3528492
u_4949,u_4424,transaction,4560.930290232129,1701519957.2948565
u_2184,u_2350,transaction,181.00565653100378,1701520035.1033068
u_46,u_888,transaction,3670.5936178019906,1701520560.1163614
u_4839,u_1030,transaction,5790.999336120655,1701520861.6529202
u_828,u_52,transaction,2408.9731438632907,1701520937.988412
u_624,u_2708,transaction,4699.175376523816,1701521620.5113406
u_91,u_723,transaction,2708.2307931289415,1701521919.8138204
u_4065,u_26,transaction,669.4168739734863,1701522136.0912375
u_2262,u_1592,transaction,944.0443202894418,1701522747.8896418
u_1262,u_2233,transaction,4147.21296062039,1701522893.5071533
u_113,u_4429,transaction,1440.1805116793319,1701522895.4788165
u_8,u_1116,transaction,1546.4599015840017,1701523586.951459
u_412,u_2255,transaction,1780.5723754293335,1701523894.990221
u_18,u_3205,transaction,526.0982601064444,1701524415.194863
u_1500,u_709,transaction,2326.7794879292314,1701524541.0252957
u_940,u_33,transaction,7263.692562564452,1701524741.6257644
u_2497,u_413,transaction,2101.27957895612,1701524743.208693
u_199,u_352,transaction,2556.7404792224274,1701524891.2343411
u_424,u_1653,transaction,1411.0930289823095,1701525381.0911899
u_686,u_984,transaction,1040.8333358182244,1701525831.5493097
u_4923,u_406,transaction,4895.727744530093,1701525912.7140117
u_2742,u_4082,transaction,1540.5973555205114,1701526177.5987375
u_2960,u_4669,transaction,1199.872509994852,1701526240.6895857
u_537,u_200,transaction,158.33098255212636,1701526756.2423434
u_222,u_809,transaction,1327.4830509678634,1701526840.6847148
u_4087,u_92,transaction,1227.6650982418987,1701526947.194727
u_2001,u_1503,transaction,2225.3905052165433,1701527076.5670483
u_954,u_725,transaction,1328.1167117706884,1701527261.300372
u_23,u_2691,transaction,4208.133064804196,1701527269.1493254
u_76,u_2578,transaction,1916.417289984613,1701527598.3807786
u_5105,u_5111,transaction,1943.9665898170226,1701527851.3925557
u_4,u_2380,transaction,548.4118901498153,1701528031.3907206
u_1848,u_4,transaction,2312.4980249635723,1701528388.1243384
u_262,u_4384,transaction,5547.974263637685,1701528696.5017273
u_816,u_2737,transaction,2218.9688329200303,1701529455.3113847
u_2337,u_4676,transaction,3252.7706292680623,1701530077.1698794
u_2445,u_4,transaction,3538.758264062945,1701530145.4910967
u_658,u_1168,transaction,1811.2905348578408,1701530284.334402
u_7,u_1074,transaction,130.99811628918403,1701530480.749198
u_2192,u_1967,transaction,493.13532858862516,1701530803.5733
u_1289,u_2637,transaction,1152.640567791816,1701530998.2836282
u_5,u_1046,transaction,3445.0365855309205,1701531080.5213308
u_1184,u_1588,transaction,7938.517007010558,1701531170.028615
u_544,u_4178,transaction,739.0700433982586,1701531985.6784437
u_4266,u_2347,transaction,4113.626012361355,1701532014.3638506
u_209,u_563,transaction,888.899834540897,1701532290.3354743
u_170,u_3360,transaction,14073.843904660076,1701532324.950414
u_1222,u_81,transaction,1783.792073122428,1701532651.063091
u_3935,u_457,transaction,1293.045953209199,1701533443.283782
u_3037,u_771,transaction,965.3203327154677,1701533744.7945454
u_325,u_651,transaction,1315.8512926346648,1701533762.8964033
u_40,u_3837,transaction,856.9860608900792,1701533777.6375678
u_2865,u_1517,transaction,1754.1451836602387,1701534917.7020676
u_175,u_699,transaction,2429.6723493629397,1701534953.5421727
u_69,u_164,transaction,2103.6040997302057,1701534980.2907884
u_2923,u_2252,transaction,10461.694246083116,1701535548.3601522
u_2874,u_3718,transaction,2983.693339039988,1701535609.1486037
u_115,u_198,transaction,2413.1630366067056,1701536171.8424158
u_4,u_4333,transaction,3542.449447602947,1701536341.4958396
u_1498,u_4420,transaction,1483.3558572136672,1701536422.6218894
u_33,u_1256,transaction,1142.493378149445,1701536434.4219987
u_603,u_3172,transaction,3035.7656660631596,1701536687.7914834
u_1018,u_339,transaction,2185.732228939835,1701536739.8287566
u_41,u_155,transaction,1154.539870973738,1701536794.741348
u_1703,u_816,transaction,12997.888196045864,1701538125.115752
u_2522,u_1899,transaction,2226.9379581812673,1701538303.9927197
u_1361,u_1289,transaction,4747.614140314771,1701538511.4556634
u_1429,u_397,transaction,1527.7942201355374,1701538575.742279
u_2968,u_2170,transaction,15446.676219739875,1701538733.2167192
u_405,u_138,transaction,1187.0638762175429,1701538909.730488
u_187,u_3795,transaction,4771.8457542525775,1701539218.8450217
u_1454,u_3631,transaction,1483.1748480624308,1701539295.0504198
u_15,u_2877,transaction,2020.1409995363022,1701539387.1487277
u_402,u_2460,transaction,762.0560816344491,1701539648.6716661
u_526,u_200,transaction,1905.2581091067586,1701539930.694608
u_1,u_842,transaction,168.73689021856413,1701540018.446742
u_2967,u_2225,transaction,5567.91936464951,1701540136.5532975
u_605,u_3344,transaction,372.18686714825145,1701540262.1526403
u_3239,u_984,transaction,4295.3561635406995,1701540348.8726523
u_3268,u_130,transaction,6200.149013715893,1701540510.8998556
u_74,u_309,transaction,334.5281128257339,1701541500.6971486
u_102,u_649,transaction,984.4909832469956,1701542803.7279112
u_1543,u_22,transaction,583.9388540200209,1701542848.896162
u_524,u_3782,transaction,1037.6500803465863,1701542882.8247395
u_12,u_4,transaction,3976.686209539318,1701543265.9325755
u_1260,u_19,transaction,34043.90201441479,1701543459.5453622
u_1556,u_4,transaction,383.49882960832053,1701543583.5106323
u_1476,u_1739,transaction,157.77703124838476,1701543703.6168497
u_3311,u_2913,transaction,394.1878356122801,1701544087.0208175
u_1554,u_3378,transaction,1304.2536224763062,1701544474.4376488
u_2530,u_3093,transaction,806.261925970279,1701544772.7125704
u_198,u_3346,transaction,9220.332371780505,1701545191.3022726
u_3021,u_1432,transaction,3092.7237967308447,1701545205.9867997
u_1293,u_4161,transaction,1641.2934464256443,1701545311.0847993
u_633,u_1077,transaction,4807.091799003629,1701545775.5881956
u_4573,u_3729,transaction,797.737277271875,1701546009.5305471
u_1034,u_3044,transaction,856.2345503628416,1701546310.7674122
u_243,u_56,transaction,3951.8635658157004,1701546459.6250877
u_1020,u_3278,transaction,2871.1950736953263,1701546629.565362
u_84,u_749,transaction,11811.109050831226,1701546812.5832772
u_120,u_0,transaction,2975.661804388257,1701546860.971419
u_1318,u_8,transaction,5334.683353214958,1701546979.6482835
u_12,u_136,transaction,209.82407178653702,1701546981.3926005
u_1381,u_438,transaction,1192.7693556942488,1701547221.7848322
u_15,u_1015,transaction,2015.37327583255,1701547402.1892521
u_2653,u_32,transaction,340.83576753039193,1701547423.2337463
u_3528,u_242,transaction,3923.086727581861,1701547593.6256773
u_460,u_3645,transaction,6712.276547652157,1701547838.99884
u_1899,u_85,transaction,3944.990089802011,1701547968.7587924
u_1041,u_3914,transaction,828.6982686463266,1701548016.3631704
u_42,u_1946,transaction,5060.171410626567,1701548051.5794888
u_343,u_117,transaction,2225.775116869769,1701548368.7226293
u_730,u_3906,transaction,2416.102959992628,1701548421.0102417
u_2007,u_331,transaction,1506.3292735856267,1701549335.0047865
u_597,u_306,transaction,26027.40296890871,1701549460.9409351
u_4634,u_896,transaction,768.8566379943834,1701549595.1782472
u_370,u_1775,transaction,789.831345630967,1701549613.2220535
u_3718,u_1657,transaction,14221.709572654527,1701549762.5133033
u_116,u_4392,transaction,1061.9436178192987,1701549995.7896852
u_56,u_4101,transaction,412.95671306276927,1701550059.5691438
u_3763,u_521,transaction,4244.653876959602,1701550119.661378
u_6,u_3249,transaction,10878.654696193214,1701550593.7992854
u_936,u_521,transaction,121.10427518806011,1701550731.6764586
u_4371,u_609,transaction,3451.2423191875005,1701550777.3505383
u_930,u_3033,transaction,9311.081487540523,1701550892.8144166
u_2287,u_187,transaction,2239.860668006698,1701551175.2406414
u_4495,u_560,transaction,4282.205723943061,1701551199.1195652
u_564,u_4260,transaction,5416.216087337749,1701551303.7948554
u_2905,u_2259,transaction,4303.515013811078,1701551316.3941875
u_4770,u_3148,transaction,577.6634832698361,1701551753.7357867
u_362,u_56,transaction,2201.4273751952314,1701551807.0787506
u_1574,u_938,transaction,2094.5140060916638,1701551907.5394535
u_4204,u_1240,transaction,385.7010753751634,1701552015.181421
u_1313,u_959,transaction,13906.809426985876,1701552076.413793
u_305,u_87,transaction,5048.74319116084,1701552206.646962
u_5,u_2862,transaction,1954.9457745583904,1701552401.1014347
u_3319,u_4266,transaction,3091.803459751395,1701552541.4055357
u_4153,u_2507,transaction,1204.5841022361665,1701552761.595168
u_1719,u_4810,transaction,6938.591168115122,1701552890.3341768
u_3370,u_4893,transaction,115.87304559790307,1701553187.2987475
u_3843,u_766,transaction,1843.4262983872268,1701553723.0667825
u_39,u_8,transaction,235.98765566281088,1701553817.1566663
u_2570,u_1806,transaction,152.68172101800033,1701553826.5450058
u_1210,u_2136,transaction,2338.4729763228374,1701553918.4965067
u_295,u_170,transaction,4702.279852618387,1701554164.6096787
u_4477,u_690,transaction,6895.278205542758,1701554245.351208
u_4660,u_81,transaction,2366.2286813481437,1701554301.3039424
u_4395,u_3187,transaction,2385.963874579542,1701554441.0986102
u_3104,u_801,transaction,2229.7826989177065,1701555371.4928522
u_243,u_4322,transaction,4903.144813562502,1701556287.940183
u_667,u_493,transaction,762.0477595673967,1701556441.9318168
u_453,u_3497,transaction,1782.4242360237452,1701556609.7340555
u_3168,u_2373,transaction,2664.255349637619,1701556646.4243548
u_2508,u_212,transaction,9065.925899241689,1701556758.8299222
u_755,u_4578,transaction,10577.790015050909,1701556766.4294994
u_2536,u_4517,transaction,1741.3857627885054,1701556954.0679717
u_1414,u_1905,transaction,1417.4144732245782,1701557020.7612631
u_4803,u_3169,transaction,774.280647834266,1701557124.8396156
u_892,u_3955,transaction,935.401803498346,1701557295.1652002
u_2425,u_370,transaction,2962.1032358382536,1701557739.3507214
u_958,u_12,transaction,2920.492507528905,1701558639.7731814
u_347,u_960,transaction,9353.833227474479,1701558724.7249484
u_45,u_1501,transaction,434.95901740423403,1701558848.1977775
u_1096,u_2891,transaction,2752.031074104402,1701559268.0051465
u_56,u_5,transaction,3379.9998146710095,1701559280.397025
u_2548,u_1573,transaction,647.8316040805637,1701559451.0102866
u_1379,u_162,transaction,4025.5206085502737,1701559508.8765197
u_2211,u_18,transaction,1890.4159544732806,1701559618.2494342
u_2239,u_1601,transaction,2835.0850443713607,1701559655.0698683
u_153,u_4258,transaction,2756.1405002745923,1701560436.857079
u_211,u_4084,transaction,4107.432855149677,1701560830.4122972
u_2530,u_2661,transaction,1717.245910170266,1701560843.0486794
u_77,u_1239,transaction,1112.4513196054215,1701560908.4043484
u_983,u_226,transaction,2805.9180304904503,1701561146.3458421
u_5098,u_5112,transaction,1433.562168400132,1701561258.4635348
u_108,u_2876,transaction,771.8726054438229,1701561661.8671396
u_4476,u_1168,transaction,15299.672930757575,1701561976.5106504
u_3158,u_4945,transaction,443.3825674682917,1701562212.613073
u_1080,u_4975,transaction,3285.9138134664768,1701562346.920926
u_127,u_1394,transaction,645.7348876473882,1701562698.2697952
u_2100,u_2254,transaction,2204.414738032226,1701563080.842764
u_938,u_1540,transaction,12119.344878454069,1701563357.648081
u_54,u_598,transaction,6269.608104136025,1701563578.6817367
u_131,u_1188,transaction,1297.4228310664307,1701564091.8276894
u_2938,u_262,transaction,689.9393249028731,1701564446.336312
u_280,u_3281,transaction,543.402595790866,1701564605.96363
u_1777,u_2639,transaction,5436.12298084304,1701564853.4166229
u_3281,u_1306,transaction,915.8261221288719,1701565004.6607049
u_517,u_1043,transaction,1836.5026972509472,1701565659.0171475
u_861,u_4,transaction,715.2463253223334,1701566390.2450426
u_1782,u_4,transaction,3762.4630252085385,1701566722.8116753
u_72,u_2375,transaction,5654.172451143643,1701566875.0052147
u_43,u_2677,transaction,2057.4470188720347,1701566945.7957509
u_16,u_1043,transaction,741.337887686498,1701566988.4023135
u_2382,u_18,transaction,4233.22500660679,1701567613.8488908
u_1154,u_1925,transaction,1617.264099138539,1701567620.4922276
u_344,u_296,transaction,3854.4693211776807,1701567692.6643686
u_266,u_929,transaction,1336.126871802556,1701567879.0210152
u_4464,u_527,transaction,1045.8575786050335,1701567952.2626739
u_25,u_321,transaction,1421.7938128324904,1701568031.0164492
u_3383,u_117,transaction,1983.9496334191765,1701568483.1787772
u_1,u_4274,transaction,588.3240952419634,1701568497.282505
u_4553,u_354,transaction,12086.953598528287,1701568563.2508085
u_702,u_103,transaction,2754.449668794186,1701568711.242081
u_2822,u_1662,transaction,772.9046037325703,1701568940.3468876
u_990,u_672,transaction,1250.2021796891268,1701569175.1077485
u_140,u_171,transaction,7640.919964142305,1701569435.698034
u_4590,u_148,transaction,1599.6881936257707,1701569589.2596245
u_1197,u_304,transaction,3186.256986505682,1701569602.6080644
u_112,u_939,transaction,1895.9844252519074,1701569697.7630868
u_2866,u_4994,transaction,830.6290559032811,1701569715.4499297
u_3,u_927,transaction,2429.1093356824813,1701569717.6826456
u_706,u_4992,transaction,2213.617580759881,1701570001.272669
u_447,u_1031,transaction,1514.4867548738973,1701570583.9834278
u_684,u_1873,transaction,4297.355851001737,1701570674.43443
u_4308,u_161,transaction,2183.044543408432,1701571048.601365
u_1346,u_296,transaction,4343.586400905494,1701571314.283109
u_2369,u_1075,transaction,19818.317208725362,1701571579.5534446
u_4318,u_289,transaction,1236.9148118946957,1701571810.0051937
u_605,u_2052,transaction,1941.5730032075774,1701571877.7561553
u_6,u_797,transaction,962.1346880266303,1701572410.098091
u_199,u_739,transaction,1442.5869169098637,1701572585.6200473
u_1095,u_1575,transaction,1281.6479268709677,1701572817.833883
u_1373,u_377,transaction,277.82576401915304,1701572905.6523073
u_529,u_262,transaction,5351.982134270108,1701573123.2823052
u_105,u_180,transaction,6286.031273808568,1701573168.0321817
u_1868,u_1569,transaction,7817.946778360741,1701573343.0074034
u_81,u_1642,transaction,1242.8693077424252,1701573597.5113847
u_927,u_1819,transaction,604.1241209783374,1701573628.8304372
u_368,u_2756,transaction,1501.6818965899479,1701573637.9400618
u_1315,u_795,transaction,2233.241506168033,1701573879.5725992
u_162,u_4625,transaction,279.4252478882478,1701574035.812041
u_1585,u_4433,transaction,8212.804528835584,1701574062.8380392
u_401,u_7,transaction,268.2710534525395,1701574378.5175433
u_154,u_12,transaction,2099.2636325658045,1701574646.4301355
u_50,u_157,transaction,1524.7934459843393,1701574795.3403323
u_3938,u_1613,transaction,5100.946581210668,1701575037.6700745
u_1167,u_2182,transaction,3021.7762706954536,1701575159.4712036
u_81,u_76,transaction,7617.238650235808,1701575420.0516896
u_2180,u_1877,transaction,4243.745559955749,1701575515.5778356
u_1776,u_42,transaction,476.85983584578463,1701575516.5371077
u_4575,u_866,transaction,747.1611259842941,1701575679.1346943
u_1518,u_817,transaction,4078.60230335897,1701575741.1974025
u_2095,u_1560,transaction,2254.381205512441,1701576242.3142564
u_6,u_1867,transaction,697.9039877803492,1701577143.7023282
u_2022,u_1034,transaction,315.91307966355845,1701577662.3140705
u_4013,u_4150,transaction,2813.8723330953985,1701577751.205438
u_3717,u_2671,transaction,2168.663276378205,1701577751.827006
u_1342,u_927,transaction,1505.3841311792783,1701578168.6070566
u_375,u_970,transaction,571.790887069954,1701578252.7865384
u_2728,u_2475,transaction,2117.013058032672,1701578689.869955
u_1338,u_596,transaction,544.736652595498,1701579089.6203446
u_4547,u_2730,transaction,2335.613167926853,1701579196.6361856
u_530,u_3516,transaction,3279.6464227951165,1701580207.0576675
u_629,u_560,transaction,1580.5105640065763,1701580397.507217
u_4031,u_6,transaction,1851.9233358419474,1701580750.0133393
u_753,u_474,transaction,955.9372310240628,1701580897.622147
u_4100,u_1238,transaction,3086.5749859220314,1701581172.9124696
u_370,u_373,transaction,520.2360357825161,1701581228.2272534
u_512,u_4495,transaction,4185.864382128072,1701581508.509544
u_3958,u_238,transaction,3817.8586111637564,1701581688.155221
u_2982,u_98,transaction,988.3326921691469,1701581985.6866806
u_2439,u_3625,transaction,314.93412506309056,1701582031.3568776
u_2076,u_889,transaction,1131.7313266453052,1701582236.7264824
u_3127,u_4199,transaction,641.6468480323017,1701582372.5604346
u_2817,u_3147,transaction,1983.518541833832,1701582601.1013653
u_328,u_36,transaction,586.6409047066317,1701583176.0069702
u_647,u_2172,transaction,471.1008608082893,1701583547.58198
u_122,u_13,transaction,640.9387678802971,1701583664.3306296
u_3231,u_4,transaction,1312.452353623471,1701583996.22302
u_780,u_57,transaction,478.0779260237852,1701584684.4752278
u_3693,u_980,transaction,5962.892767166563,1701584721.5420125
u_2276,u_4996,transaction,5785.810607756576,1701585270.8420005
u_4568,u_3654,transaction,11460.2178082964,1701586189.871593
u_3828,u_3376,transaction,716.6644521008905,1701586595.7617762
u_3,u_2466,transaction,1435.0291809720156,1701586764.3872325
u_1549,u_2571,transaction,2921.425717051682,1701587231.920718
u_2851,u_705,transaction,2493.853891127138,1701587494.642071
u_3642,u_1810,transaction,121.11829431679425,1701587683.4958878
u_2749,u_7,transaction,2237.6838810288114,1701587793.2973108
u_245,u_4094,transaction,2377.7527236777682,1701587981.6119912
u_2124,u_155,transaction,1516.053418848877,1701588049.373486
u_5072,u_5080,transaction,1882.7981906524642,1701588168.2891078
u_1385,u_982,transaction,1824.1286567923682,1701588791.4073913
u_4,u_1712,transaction,1230.9122977891363,1701589025.868159
u_1228,u_3007,transaction,12896.679226606704,1701589042.9729598
u_1802,u_269,transaction,2346.7034087121524,1701590081.3757458
u_4811,u_1899,transaction,2088.7268975616,1701590221.9363518
u_3832,u_1019,transaction,1412.2992079527023,1701590473.8066523
u_714,u_534,transaction,1346.0690515572726,1701590921.276416
u_398,u_962,transaction,1338.5278097625207,1701591292.1195571
u_945,u_190,transaction,4134.973123412824,1701591902.8329442
u_2584,u_281,transaction,355.98149213561214,1701591996.3786392
u_6,u_93,transaction,587.8700774464695,1701592755.673258
u_521,u_1623,transaction,3517.1870784884104,1701592898.3709311
u_1274,u_19,transaction,808.3810299993492,1701593425.0140955
u_4857,u_98,transaction,619.6455254024748,1701593735.622773
u_581,u_2147,transaction,3265.3953377692715,1701594596.9958735
u_1710,u_2542,transaction,2529.983787101046,1701595094.6960928
u_962,u_969,transaction,1350.4440335385298,1701595177.8400488
u_1748,u_1138,transaction,5831.922423141537,1701595189.0453522
u_2186,u_431,transaction,4733.890181370728,1701595226.2743108
u_937,u_896,transaction,2692.02295140242,1701595272.881906
u_161,u_2520,transaction,1786.3977607742281,1701595946.9778411
u_254,u_114,transaction,389.3302194861412,1701596064.5416327
u_3048,u_4857,transaction,2498.0037391292008,1701596116.3866868
u_2241,u_3349,transaction,1088.9741014888777,1701596118.2711995
u_3637,u_47,transaction,329.9230764867254,1701596407.2222936
u_832,u_6,transaction,776.1353270488969,1701596492.0007043
u_2380,u_141,transaction,1956.7648507426431,1701596971.6003346
u_1831,u_29,transaction,666.3317978740869,1701597829.0121953
u_173,u_95,transaction,1685.5282388797837,1701598238.8956437
u_1920,u_1396,transaction,3225.7147031888167,1701598292.0059006
u_0,u_687,transaction,4094.1164248503806,1701598415.7314322
u_4,u_1430,transaction,149.41522567728626,1701598874.3643785
u_362,u_2392,transaction,1774.8778169295774,1701598988.7158327
u_255,u_1713,transaction,1310.2044645095846,1701599753.393
u_2337,u_1027,transaction,3933.9817219526653,1701600116.5346324
u_1760,u_4967,transaction,243.74866564675426,1701601083.6856022
u_3881,u_1664,transaction,593.1620807407575,1701601651.7137668
u_201,u_97,transaction,1031.9846717957832,1701601723.0567076
u_196,u_1209,transaction,493.5746235607597,1701602194.7499254
u_435,u_1416,transaction,2200.752830541679,1701602204.8443522
u_1046,u_7,transaction,526.1840876968058,1701602211.395886
u_2278,u_55,transaction,288.96172282567215,1701602228.4477618
u_362,u_4583,transaction,1575.3912602451674,1701602491.1594603
u_3941,u_26,transaction,1992.3647909149984,1701603051.7551622
u_71,u_962,transaction,4061.3009330241584,1701603103.7457588
u_3409,u_861,transaction,16492.97358759679,1701603269.1879618
u_3116,u_4065,transaction,1928.515804535517,1701603621.9590838
u_1449,u_449,transaction,432.09486236486407,1701603860.1214118
u_2807,u_810,transaction,1352.2951215994453,1701604239.9646566
u_3258,u_3717,transaction,5763.670575169252,1701604501.1198525
u_2719,u_2666,transaction,1755.9821239248633,1701604525.1899865
u_2513,u_1651,transaction,683.4627169483329,1701604577.7560444
u_4114,u_3116,transaction,1158.699586462049,1701605481.4426534
u_1881,u_95,transaction,1984.9963895966735,1701605613.9562464
u_4022,u_151,transaction,1830.2787349463438,1701605875.0297956
u_1775,u_3938,transaction,461.45410235407957,1701605904.8146958
u_2604,u_2236,transaction,918.5885328168401,1701606193.7245078
u_1824,u_4734,transaction,993.983558526683,1701606338.5682259
u_1220,u_1369,transaction,5950.157953179033,1701606544.23049
u_443,u_1166,transaction,770.9420695160039,1701606609.7167413
u_621,u_81,transaction,1326.7533067490742,1701607130.8539853
u_161,u_182,transaction,737.5676203970502,1701607174.9565868
u_153,u_4643,transaction,993.8262766685576,1701607580.3394237
u_81,u_2818,transaction,1524.9878978959591,1701607602.226216
u_395,u_813,transaction,1489.7900589289732,1701607725.1297722
u_1658,u_1848,transaction,1494.8171274798333,1701607815.7719715
u_255,u_2491,transaction,797.9996492086019,1701608072.8329055
u_457,u_3094,transaction,3934.7241698697517,1701608118.9123018
u_1,u_931,transaction,14154.829851577815,1701608158.3060672
u_1208,u_2587,transaction,5073.796025795913,1701608171.7368999
u_1426,u_4009,transaction,1938.7565345664723,1701608187.0344477
u_1170,u_3429,transaction,1144.0334812300034,1701608992.3438656
u_1774,u_856,transaction,1926.8639452725652,1701609723.6361814
u_4532,u_1855,transaction,1326.4867544537678,1701609878.7030346
u_199,u_2196,transaction,1340.6782408333431,1701610163.3974597
u_629,u_1413,transaction,1607.354708316234,1701610278.797176
u_4454,u_846,transaction,971.8023126701198,1701610613.379055
u_4241,u_2645,transaction,7444.304532375993,1701611183.3449557
u_377,u_1553,transaction,3505.3716733955907,1701611308.218397
u_1358,u_349,transaction,1993.0753170615344,1701611657.864227
u_4231,u_1138,transaction,321.88465632770107,1701612037.4966543
u_9,u_1493,transaction,9821.671222539153,1701612535.1664977
u_1174,u_1528,transaction,1252.535723090481,1701612672.646502
u_971,u_775,transaction,3594.160757879597,1701612722.2597187
u_198,u_2128,transaction,1527.9764798327121,1701613455.7618887
u_8,u_3277,transaction,907.1177143074354,1701613472.987562
u_4318,u_4289,transaction,15087.642455707153,1701614217.7482765
u_9,u_4871,transaction,272.39080614701817,1701614292.2856367
u_297,u_33,transaction,1063.6895514664698,1701614718.778847
u_4464,u_759,transaction,14633.874225532427,1701616107.3039849
u_131,u_2868,transaction,1556.014539344152,1701616134.7487898
u_4540,u_3601,transaction,1647.568417169132,1701616180.8206556
u_1436,u_577,transaction,6908.103667452275,1701616928.4075742
u_1323,u_1818,transaction,3962.396460088501,1701616938.3059838
u_60,u_704,transaction,790.2977548718083,1701616974.3627403
u_149,u_2383,transaction,3200.874735315209,1701617011.6637812
u_2307,u_22,transaction,441.8803982241527,1701617106.5470347
u_29,u_2234,transaction,8118.924431347685,1701617558.658501
u_977,u_1279,transaction,1928.4549452929089,1701617856.6565967
u_5085,u_5096,transaction,708.0840253724375,1701618109.822425
u_29,u_3292,transaction,467.5429941326547,1701618420.053255
u_1831,u_3990,transaction,1717.4678011528567,1701618950.286575
u_469,u_305,transaction,742.8436340190323,1701619008.904691
u_7,u_3551,transaction,3809.9095362706566,1701619189.1290617
u_4762,u_4,transaction,2779.5425622466505,1701619518.5201473
u_844,u_4,transaction,1795.3173742297759,1701619583.7480648
u_1925,u_4577,transaction,2815.801234500346,1701619924.5910254
u_1576,u_1308,transaction,2323.031359161973,1701619971.1715562
u_69,u_1241,transaction,3246.391778323172,1701620997.927123
u_2378,u_10,transaction,775.8508727098333,1701621199.679306
u_1090,u_1908,transaction,1865.8865149259507,1701621536.2432969
u_3711,u_42,transaction,2135.57909362284,1701621574.6948698
u_152,u_4234,transaction,1543.784427621676,1701621992.6500998
u_2421,u_41,transaction,6953.0886116128595,1701622290.0225344
u_2715,u_2536,transaction,1120.1875194293234,1701622353.411749
u_1797,u_4050,transaction,2392.199767249611,1701622429.8115153
u_412,u_243,transaction,2046.2305890349837,1701622778.9376938
u_678,u_257,transaction,1688.4285231001018,1701623674.441047
u_4695,u_3611,transaction,5095.370447425746,1701623823.3856983
u_297,u_3693,transaction,4056.339274784526,1701624379.4864075
u_2620,u_158,transaction,1195.7768018023612,1701624393.840997
u_1820,u_3028,transaction,589.8997324928566,1701624570.8714778
u_443,u_2478,transaction,2288.0513492711466,1701624698.6933403
u_4259,u_1431,transaction,1703.338943233718,1701624947.0618298
u_658,u_78,transaction,3652.410144474073,1701625077.5809906
u_1767,u_3065,transaction,2439.7422753142723,1701625242.0628269
u_2510,u_553,transaction,569.2344711510732,1701625435.67931
u_4492,u_651,transaction,1389.2951121218434,1701625464.036112
u_223,u_354,transaction,1863.1641534834828,1701625657.8846035
u_5,u_2740,transaction,2389.8697898899395,1701625658.2366028
u_76,u_429,transaction,4009.5342508791496,1701625682.6960545
u_733,u_301,transaction,1118.1441564792835,1701625689.033063
u_9,u_743,transaction,2257.7720143050324,1701626089.9339209
u_1635,u_1247,transaction,4738.027217640428,1701626164.9775398
u_51,u_116,transaction,2209.8914911712714,1701626658.9949124
u_78,u_1266,transaction,7027.734232372074,1701626811.1798234
u_75,u_4239,transaction,1808.4168353740893,1701627279.1117527
u_3622,u_438,transaction,2161.3248386571595,1701627540.4130883
u_4188,u_4260,transaction,1485.7131191926096,1701628465.9256277
u_169,u_10,transaction,775.2660664095206,1701628498.1700115
u_2427,u_48,transaction,642.108747247019,1701628721.1838727
u_3947,u_3179,transaction,4341.810875680497,1701628761.0182922
u_4659,u_116,transaction,2433.2538492259023,1701628792.3365395
u_772,u_1293,transaction,1319.374802362002,1701628970.600369
u_6,u_2414,transaction,7905.8337630203605,1701629016.9573345
u_67,u_4,transaction,1532.0601159124126,1701629095.8070724
u_3601,u_4538,transaction,635.9950663374409,1701630177.638392
u_3634,u_1876,transaction,643.8566424754695,1701630219.7994084
u_3094,u_91,transaction,606.7192112512163,1701630323.961931
u_3,u_4358,transaction,6450.413688106042,1701630481.0662684
u_418,u_122,transaction,8275.099523312783,1701630809.0398383
u_4649,u_2246,transaction,590.7993885997956,1701631059.2284057
u_1198,u_1196,transaction,2175.0937229842934,1701631072.98021
u_2302,u_4021,transaction,1584.2452835281497,1701631200.4484668
u_3951,u_4525,transaction,1033.2389043171127,1701631471.750623
u_672,u_4428,transaction,980.2065017046332,1701632045.7101188
u_1489,u_1297,transaction,420.9224028970606,1701632147.1762598
u_4818,u_1132,transaction,5973.251087455364,1701632265.092053
u_343,u_5,transaction,7155.216601682713,1701632495.984291
u_3174,u_4,transaction,702.3930306365967,1701632651.5723372
u_680,u_1454,transaction,199.27895503624453,1701633022.693578
u_4985,u_601,transaction,3436.8177000353403,1701633257.5039382
u_219,u_2247,transaction,1349.1662407939984,1701633291.8837838
u_57,u_9,transaction,855.6863841708602,1701633672.1652107
u_22,u_857,transaction,4190.687273294806,1701633904.9973927
u_3806,u_54,transaction,9098.569570754478,1701634463.6040275
u_2617,u_42,transaction,823.0061893039393,1701634670.1496904
u_544,u_4538,transaction,406.62768294545447,1701634897.9735155
u_4196,u_840,transaction,2398.4547396435587,1701635044.3275049
u_10,u_246,transaction,5949.667907676787,1701635202.9259694
u_2514,u_1618,transaction,2361.675611625554,1701635215.1076055
u_2189,u_342,transaction,3750.981946301552,1701635712.09013
u_1003,u_3340,transaction,1264.6549247499006,1701635881.5529685
u_1348,u_168,transaction,1714.5044149794517,1701635973.4297082
u_521,u_2771,transaction,2665.6035817217044,1701636187.0979707
u_4089,u_3336,transaction,955.8613514728885,1701637055.2442715
u_3291,u_2944,transaction,1327.2753830146423,1701637564.574454
u_411,u_1558,transaction,1540.5116190576239,1701637770.880283
u_4043,u_14,transaction,3308.0277849860745,1701638066.4891474
u_168,u_2102,transaction,3072.795159234176,1701638367.8869798
u_504,u_852,transaction,7597.4731685087745,1701638603.2715805
u_471,u_3437,transaction,513.9530115667828,1701639040.3521185
u_952,u_91,transaction,449.1085095103425,1701639131.7899377
u_2236,u_318,transaction,407.7750749733912,1701639230.7643502
u_137,u_2337,transaction,2543.2952011215,1701639719.7283342
u_1908,u_1553,transaction,209.99558028676313,1701639968.3923926
u_7,u_4856,transaction,4096.0005426419775,1701640023.1616664
u_1164,u_732,transaction,1148.6741146323297,1701640428.1970952
u_4237,u_882,transaction,1170.1915805226743,1701640659.201513
u_1380,u_638,transaction,334.27555733770436,1701641169.2148874
u_2982,u_301,transaction,2079.0237042846893,1701641313.3264523
u_790,u_56,transaction,403.97964896801085,1701641733.2437408
u_726,u_2229,transaction,1005.1426285509999,1701642373.072665
u_300,u_283,transaction,6237.177725270276,1701642392.3782115
u_367,u_960,transaction,687.4738942850715,1701642502.7490673
u_3024,u_4679,transaction,2928.5097435773864,1701642559.1287453
u_80,u_4868,transaction,1065.3765895970264,1701642749.837838
u_1345,u_590,transaction,1207.8778478245517,1701642832.2009637
u_4645,u_51,transaction,4887.394059277693,1701643512.5841775
u_3428,u_4846,transaction,3152.4696850965897,1701643764.527998
u_1979,u_4753,transaction,796.8075403379962,1701644529.1882844
u_11,u_1417,transaction,2807.5287557148745,1701644541.4542577
u_3203,u_2202,transaction,448.3189545154357,1701644853.2881818
u_995,u_71,transaction,6756.072892946832,1701645437.5640514
u_359,u_873,transaction,4347.526277879015,1701645628.3476474
u_80,u_3268,transaction,1079.1007756129836,1701646514.9590957
u_1003,u_1300,transaction,617.8905517727985,1701646971.38755
u_3074,u_527,transaction,426.8342385875095,1701647114.2848725
u_836,u_224,transaction,3112.0354583031512,1701647197.0054805
u_138,u_4945,transaction,536.5683018921765,1701647531.0767262
u_2785,u_883,transaction,3986.3272576161353,1701647597.1171138
u_403,u_304,transaction,2666.6508601457813,1701647706.5982227
u_1763,u_2932,transaction,557.4401013848908,1701647742.1424227
u_1457,u_2412,transaction,1944.7215775476554,1701647748.601197
u_29,u_4694,transaction,6208.8084364999795,1701647816.227424
u_1514,u_2203,transaction,1428.0761541123052,1701647913.2105606
u_177,u_3141,transaction,9749.919218821658,1701648163.4258668
u_4881,u_22,transaction,2366.5321157737294,1701649664.6383731
u_7,u_161,transaction,4544.396033779877,1701649806.7882404
u_984,u_3326,transaction,13983.796531229476,1701650224.6706133
u_3759,u_3401,transaction,13688.476456292621,1701650318.3548603
u_9,u_4782,transaction,1713.1604345363962,1701650369.740135
u_3136,u_2274,transaction,2472.204771442542,1701650629.2859704
u_3125,u_12,transaction,6702.988469252259,1701650688.3467162
u_2069,u_311,transaction,3295.169758844124,1701650965.024235
u_915,u_4411,transaction,3357.940670542382,1701651305.044291
u_331,u_2929,transaction,1292.3549584597467,1701651311.8320897
u_4562,u_1423,transaction,3632.1751778290627,1701651454.2051866
u_3975,u_2971,transaction,1841.346655419059,1701651472.8046818
u_4706,u_2705,transaction,797.7546679834353,1701651472.806553
u_3365,u_2289,transaction,2716.475055601333,1701651733.3967535
u_5073,u_5079,transaction,765.9370890056513,1701651880.6606455
u_3547,u_1200,transaction,2363.8582802348983,1701652231.9151413
u_37,u_1638,transaction,853.4358625335511,1701652910.2872427
u_9,u_955,transaction,199.2248214182005,1701652964.4921927
u_65,u_3608,transaction,1593.1483316817255,1701653164.7550666
u_3419,u_1453,transaction,6167.412105396571,1701653462.1940234
u_3013,u_2874,transaction,4809.854494545636,1701654181.1517365
u_2569,u_2598,transaction,2237.901123989651,1701655250.3999612
u_981,u_772,transaction,238.64094170329872,1701655465.6927433
u_763,u_4534,transaction,666.4328422227367,1701655474.7995276
u_3704,u_508,transaction,1762.3892358574144,1701655532.3668835
u_350,u_4704,transaction,6539.279265731073,1701655749.5476704
u_2956,u_1570,transaction,670.6875207056949,1701655863.6853232
u_2093,u_206,transaction,2734.760376896196,1701655910.2167635
u_23,u_1550,transaction,555.0329694162195,1701656106.704276
u_4300,u_2883,transaction,870.992501968118,1701656420.6010847
u_834,u_2232,transaction,1047.2869071605376,1701656442.2588406
u_22,u_573,transaction,695.6713987754704,1701656460.3062582
u_1082,u_1930,transaction,1474.8716526318503,1701656617.7138116
u_783,u_30,transaction,2424.2668530086903,1701656745.2497756
u_6,u_4263,transaction,568.4329596658293,1701656820.527309
u_1875,u_2318,transaction,2195.335130500032,1701656973.2131276
u_82,u_2321,transaction,638.9372697696917,1701657083.2866306
u_99,u_932,transaction,8387.36848934703,1701658093.5427291
u_4097,u_92,transaction,6981.4768221897975,1701658212.8512394
u_1272,u_1438,transaction,833.6354376294037,1701658244.58692
u_3034,u_3271,transaction,224.55083594123212,1701658640.643909
u_470,u_600,transaction,864.9053651553039,1701658708.0269408
u_135,u_4,transaction,835.3139249293869,1701658712.5151963
u_2852,u_1666,transaction,2753.2483338960906,1701658718.14384
u_3546,u_39,transaction,1439.5810910203509,1701659330.643228
u_882,u_2373,transaction,4852.913458115038,1701659774.9349995
u_1308,u_2044,transaction,166.61624120641548,1701660078.5435417
u_446,u_6,transaction,4632.125847291846,1701660346.1212265
u_580,u_2236,transaction,1108.2755829793693,1701660795.594182
u_2519,u_1299,transaction,2454.468619772743,1701660864.2191153
u_2786,u_323,transaction,1834.033773457693,1701660924.673455
u_69,u_601,transaction,589.6812172084386,1701660925.561886
u_2792,u_739,transaction,1219.7344108054758,1701660956.897248
u_4142,u_2291,transaction,3688.5858687189616,1701661085.666089
u_3809,u_2910,transaction,545.005384758008,1701661326.0053113
u_856,u_1569,transaction,5954.481059989409,1701661397.713395
u_2721,u_165,transaction,810.5622689650137,1701661468.809024
u_1074,u_927,transaction,1054.9089041694851,1701661769.3564415
u_4724,u_666,transaction,14703.539142892432,1701662011.5582783
u_89,u_2007,transaction,8066.365154549766,1701662292.522987
u_4579,u_4380,transaction,7441.596311614453,1701663125.3363395
u_3414,u_2800,transaction,365.9149137949541,1701663157.2819717
u_3,u_1240,transaction,2922.116957124712,1701663426.2165225
u_366,u_774,transaction,6058.579509563702,1701663563.9444783
u_12,u_97,transaction,288.19583054397737,1701663641.5068152
u_4008,u_2095,transaction,2507.213795059535,1701664090.9388556
u_2716,u_6,transaction,4186.682212111693,1701664436.8203278
u_1639,u_1779,transaction,5725.287830689974,1701664438.9523945
u_184,u_3788,transaction,4754.311189579304,1701664503.3765843
u_2171,u_291,transaction,1013.3488114371853,1701664539.5962682
u_3012,u_7,transaction,2460.923742784238,1701664917.1171906
u_482,u_4154,transaction,4212.463342572982,1701665200.0994413
u_2725,u_3400,transaction,1889.4906368271256,1701665527.157044
u_2936,u_1104,transaction,239.86413715062238,1701665655.3052015
u_325,u_3111,transaction,4290.8854305727455,1701665686.9490612
u_1512,u_609,transaction,805.1560479956634,1701665805.526481
u_30,u_3583,transaction,378.3268060203629,1701666087.23017
u_4177,u_1549,transaction,4271.983684525922,1701666227.3803635
u_9,u_4274,transaction,3805.459295800015,1701667314.598909
u_4438,u_1189,transaction,709.3887624112867,1701667576.3130429
u_2600,u_1105,transaction,728.6768309989932,1701667711.7656906
u_4729,u_887,transaction,1404.4136043525857,1701667907.8483818
u_4822,u_6,transaction,979.4750145908221,1701667953.887922
u_686,u_28,transaction,3911.969275589342,1701668020.2059648
u_2299,u_4612,transaction,1146.9117978491083,1701668043.6454227
u_844,u_1406,transaction,11461.02383018679,1701668346.1634014
u_3244,u_2389,transaction,2198.220000740167,1701669076.2371562
u_83,u_1662,transaction,7298.5726615166905,1701669242.6640255
u_3581,u_84,transaction,3251.4524845228802,1701669266.4139068
u_178,u_3446,transaction,3996.5057196054768,1701669271.1149628
u_56,u_543,transaction,1229.0507769190933,1701669282.130391
u_3259,u_2780,transaction,1311.8795227927615,1701669319.1113079
u_123,u_1,transaction,720.0541423711737,1701670110.756604
u_27,u_3338,transaction,412.1770800686265,1701670201.4109433
u_4307,u_1057,transaction,584.1455275417416,1701670720.4860783
u_1855,u_114,transaction,725.7380091114993,1701670879.616101
u_116,u_119,transaction,2730.816612986543,1701670940.1357462
u_857,u_340,transaction,3024.311780671713,1701671126.8493633
u_8,u_83,transaction,872.9061952454482,1701672250.1948469
u_461,u_3082,transaction,3565.042627711648,1701672391.7704976
u_4641,u_142,transaction,7101.628127607771,1701672767.3595998
u_3441,u_3156,transaction,1638.7030310292923,1701672847.5870001
u_1546,u_406,transaction,2849.050079145686,1701673202.7800598
u_183,u_15,transaction,584.6119119927081,1701673406.095144
u_728,u_3534,transaction,3848.31714229484,1701673575.868472
u_681,u_1588,transaction,1505.453602747974,1701673736.3273315
u_917,u_2544,transaction,1624.142452918543,1701673912.5466733
u_3781,u_2710,transaction,1597.3601458168625,1701673946.7875717
u_2802,u_3432,transaction,14932.515074263678,1701674230.0320673
u_4706,u_207,transaction,5269.925237403607,1701674246.1091492
u_3892,u_4137,transaction,397.63308807294715,1701674782.8472116
u_3309,u_1102,transaction,1966.664792482401,1701674960.0747216
u_4720,u_2771,transaction,4311.995480165865,1701675074.771012
u_4215,u_1380,transaction,2105.5981700295715,1701675218.4250243
u_281,u_3590,transaction,6221.598783312856,1701675244.0968843
u_6,u_3300,transaction,12337.115303038903,1701676203.4646327
u_2746,u_3688,transaction,1842.9959817961278,1701676272.019505
u_1947,u_1814,transaction,5279.99470516735,1701676275.5594888
u_2152,u_2420,transaction,3061.1216610266983,1701676355.7054937
u_343,u_2942,transaction,4838.317902393526,1701676401.1163437
u_423,u_4199,transaction,1384.8507772590026,1701676762.3790205
u_1869,u_79,transaction,962.5071991925349,1701677123.8851893
u_279,u_1414,transaction,1339.6475068160296,1701677430.8794541
u_12,u_425,transaction,1744.4148018635992,1701677817.7164245
u_4533,u_3908,transaction,2084.695149997111,1701677822.6733737
u_3737,u_3599,transaction,4875.814027715428,1701677882.743469
u_1678,u_446,transaction,2403.6761975530026,1701678026.7206547
u_3323,u_347,transaction,614.916974964461,1701678319.1335695
u_2857,u_105,transaction,4971.431150114728,1701678804.3478234
u_1986,u_1,transaction,4365.148677268683,1701678946.3762293
u_3811,u_42,transaction,3347.387958971042,1701679031.4535909
u_271,u_31,transaction,4372.585571774697,1701679309.268694
u_25,u_745,transaction,898.205776023011,1701679882.3531742
u_3582,u_217,transaction,3671.503195703218,1701679886.0856361
u_1924,u_2994,transaction,1696.9879220374255,1701680263.2049952
u_1751,u_724,transaction,915.9623657657294,1701680774.7396078
u_3784,u_1298,transaction,196.694593687051,1701680815.8978412
u_2754,u_3923,transaction,2164.390661467219,1701680930.7360423
u_37,u_4,transaction,3573.709855599945,1701681185.3296733
u_1959,u_831,transaction,384.5979272178424,1701681360.1495445
u_26,u_1476,transaction,2870.103796889485,1701681684.7852137
u_4466,u_2754,transaction,1916.053220086985,1701682100.6953318
u_3185,u_4594,transaction,629.3426370697518,1701682650.3093739
u_4368,u_1509,transaction,2256.4734961125732,1701682800.15343
u_3266,u_688,transaction,1897.1061908220001,1701683116.297828
u_297,u_9,transaction,7481.472716204879,1701683891.637548
u_134,u_1548,transaction,1928.325950669836,1701683902.2767017
u_403,u_3047,transaction,1230.25677690129,1701683996.4529238
u_1760,u_689,transaction,780.1662316624665,1701684079.5793486
u_329,u_2154,transaction,1223.6472923720921,1701684266.929757
u_2981,u_12,transaction,2604.408857849067,1701684549.901093
u_420,u_3087,transaction,6386.37121261586,1701684859.8135593
u_105,u_4773,transaction,3575.0820603729326,1701684976.629103
u_1999,u_1863,transaction,4139.083602170464,1701685035.117899
u_5,u_31,transaction,3652.8166287538666,1701685108.528319
u_1364,u_1124,transaction,6513.575360759122,1701685243.82365
u_69,u_2993,transaction,985.8425061606721,1701685288.441073
u_598,u_2707,transaction,2078.699623435242,1701685377.3659763
u_293,u_3044,transaction,764.0936959330895,1701685451.0210123
u_113,u_428,transaction,429.9831986734845,1701685583.1835492
u_4702,u_322,transaction,412.56245199075073,1701685635.0450869
u_3992,u_3755,transaction,22911.21076444476,1701685657.2345796
u_4874,u_2508,transaction,2683.716778414109,1701685768.2263541
u_1757,u_984,transaction,1478.1995411257567,1701686105.1793263
u_731,u_2201,transaction,1931.1898771762599,1701686123.3073003
u_2647,u_2780,transaction,1709.71086683426,1701686165.8524072
u_252,u_763,transaction,11474.32254487269,1701686285.793559
u_792,u_658,transaction,944.4728693787749,1701686500.9529443
u_2852,u_94,transaction,3748.3223480229367,1701686625.8556595
u_4276,u_3590,transaction,3169.954868888004,1701686638.0472178
u_88,u_1367,transaction,3048.0296242998265,1701686728.3538015
u_1476,u_3390,transaction,1851.7807881765136,1701687072.0310988
u_65,u_3112,transaction,745.6722796028706,1701687244.5870519
u_3934,u_3307,transaction,3325.046144004518,1701687413.3700225
u_513,u_1059,transaction,23670.748338570134,1701687441.1061478
u_4,u_3430,transaction,5933.640841262057,1701687450.676305
u_3608,u_235,transaction,267.95057477531105,1701687634.0112462
u_2103,u_4012,transaction,167.50345187249516,1701687639.670524
u_22,u_1574,transaction,716.9988124203367,1701688267.7349904
u_34,u_4875,transaction,653.3340166983974,1701689570.860253
u_25,u_3582,transaction,496.57637820379597,1701689743.440131
u_168,u_2776,transaction,15428.073591692422,1701689883.2391496
u_139,u_34,transaction,7690.925593017576,1701689993.1230633
u_3511,u_268,transaction,353.5359279023026,1701690136.8197057
u_1723,u_1567,transaction,2355.437313468113,1701690244.8397322
u_1394,u_3091,transaction,3011.3912760658573,1701690280.6964908
u_1950,u_4068,transaction,2903.383548755441,1701690435.5121577
u_138,u_796,transaction,3788.3106810592412,1701690437.77258
u_2167,u_2886,transaction,975.3415851174631,1701690661.4272585
u_4463,u_8,transaction,4222.464379075702,1701690696.3887355
u_483,u_940,transaction,1067.8951781068506,1701691178.041872
u_2509,u_761,transaction,556.8180589808107,1701691288.1178944
u_487,u_4790,transaction,3449.175238964062,1701691843.7970765
u_2291,u_901,transaction,479.9768329505682,1701692388.2612104
u_410,u_2856,transaction,9521.0385626243,1701693777.126198
u_3230,u_1471,transaction,658.7007243355157,1701693918.4318464
u_484,u_652,transaction,343.4491502453447,1701694116.892261
u_27,u_2848,transaction,2968.3620252628452,1701694375.592081
u_4891,u_139,transaction,3328.297428823012,1701694575.2700512
u_486,u_4136,transaction,632.584281202959,1701694603.0023727
u_482,u_599,transaction,2685.9744069108815,1701694975.857205
u_4656,u_1286,transaction,265.77527316768067,1701695169.5861256
u_2762,u_3572,transaction,1916.409607774814,1701695670.1562035
u_1886,u_331,transaction,2889.3136341768577,1701695695.3373938
u_1053,u_927,transaction,3349.8269825022926,1701695741.1795816
u_3487,u_420,transaction,832.2435920145775,1701696010.8546953
u_107,u_366,transaction,2983.476394588639,1701696183.2213907
u_574,u_577,transaction,586.8762021009975,1701696445.0752754
u_4107,u_2259,transaction,1919.7161782493176,1701696452.8859484
u_4659,u_31,transaction,9645.73151159223,1701696499.828469
u_3789,u_699,transaction,3459.5089150218096,1701696883.9170892
u_1225,u_7,transaction,2264.8338549044815,1701696969.1557183
u_1608,u_4366,transaction,1390.0697028347206,1701697380.7468202
u_8,u_826,transaction,2043.1397658578717,1701697420.1871226
u_938,u_1520,transaction,468.21408307560546,1701697642.54311
u_410,u_3770,transaction,1423.7534716366497,1701697708.2125704
u_729,u_3982,transaction,944.5630644741696,1701697891.9174223
u_3219,u_5,transaction,1437.198978726459,1701697910.9346745
u_822,u_2316,transaction,1746.6164882902135,1701698165.2977214
u_1906,u_4253,transaction,1811.3061726628862,1701698848.77795
u_1890,u_257,transaction,635.5371293436926,1701698968.4406593
u_61,u_3494,transaction,6308.283596479058,1701699016.294291
u_2883,u_59,transaction,371.0777503073603,1701699114.012236
u_2464,u_45,transaction,9562.487908721117,1701699606.8580961
u_645,u_2703,transaction,119.9874838616711,1701700095.2678227
u_3645,u_1762,transaction,975.2699389309945,1701700215.145336
u_477,u_1758,transaction,618.8488062570528,1701700310.9513152
u_46,u_3,transaction,860.6362894434085,1701700553.721027
u_465,u_3835,transaction,1703.0462810288752,1701700824.6048613
u_3789,u_3237,transaction,1772.8827997072283,1701701054.5038745
u_899,u_714,transaction,3675.1620813948907,1701702784.74694
u_349,u_2302,transaction,1846.4198771919546,1701703719.5419695
u_3804,u_464,transaction,3347.4930655990415,1701703741.7542
u_1,u_1188,transaction,2438.3716379855205,1701703766.6632602
u_136,u_3304,transaction,1379.709985822147,1701703827.6674714
u_4251,u_962,transaction,6576.604377163777,1701703830.1093354
u_1429,u_1455,transaction,651.1676805614819,1701704406.679958
u_105,u_891,transaction,5284.5449877918745,1701704689.6251798
u_2036,u_3160,transaction,683.0862699886244,1701704728.6895542
u_3102,u_3446,transaction,3145.001138280286,1701704815.5972092
u_1455,u_138,transaction,1324.8605447671669,1701705061.688397
u_2022,u_776,transaction,20164.45491255113,1701705401.4157827
u_3247,u_1407,transaction,2993.044918278838,1701705847.5543675
u_309,u_4599,transaction,1048.2870918855208,1701706346.8451467
u_3092,u_783,transaction,1356.3499095451623,1701706787.0841866
u_8,u_798,transaction,408.35557267004873,1701706821.5867584
u_97,u_120,transaction,9928.57865082013,1701707067.131301
u_226,u_527,transaction,500.5026852758947,1701707164.5812705
u_931,u_4073,transaction,1160.651233990552,1701707194.0068188
u_579,u_1543,transaction,1252.3323844342824,1701707229.7507267
u_295,u_4243,transaction,4843.775151302863,1701707328.7213144
u_599,u_1671,transaction,5612.798397192209,1701707544.6209152
u_49,u_3583,transaction,7923.038665047572,1701707556.8943186
u_3285,u_4129,transaction,2513.6941815092946,1701708205.1423416
u_3930,u_1519,transaction,1096.7745953865808,1701708236.3873336
u_345,u_186,transaction,315.84121792863203,1701708464.2957532
u_2205,u_99,transaction,1254.9454529065044,1701708510.5054119
u_1500,u_1892,transaction,3231.0669509267664,1701708543.2634804
u_179,u_61,transaction,988.3281846444692,1701708596.8849354
u_113,u_3427,transaction,1338.118347210739,1701709026.277241
u_3922,u_3236,transaction,1608.1311301674848,1701709803.856512
u_899,u_4993,transaction,1043.6294008614186,1701709977.9193547
u_1152,u_78,transaction,2561.483186028172,1701709995.7727704
u_556,u_1819,transaction,1041.9135815189618,1701710264.708524
u_837,u_1092,transaction,210.2263061218356,1701710449.868857
u_4556,u_524,transaction,367.07725911741227,1701710809.6590867
u_1920,u_639,transaction,4423.3260300432685,1701712068.5545611
u_1334,u_1750,transaction,1580.8545556457775,1701712090.8053808
u_1783,u_3445,transaction,818.5873240294494,1701712144.4814377
u_669,u_2984,transaction,1108.1301817607018,1701712861.1731837
u_2951,u_3184,transaction,677.209380998369,1701713043.7730207
u_2262,u_4233,transaction,2227.9865016742756,1701713206.4819164
u_14,u_4905,transaction,1173.444610815649,1701713368.1614544
u_1562,u_7,transaction,2372.213672451791,1701714059.0188253
u_165,u_4963,transaction,561.8989123100476,1701714328.9990697
u_332,u_273,transaction,3623.526131090072,1701714392.8409224
u_4808,u_3616,transaction,3587.7842296659364,1701714461.0687108
u_4730,u_1608,transaction,5384.663614962282,1701714642.8460531
u_26,u_73,transaction,2010.5888521966674,1701714677.88896
u_974,u_2694,transaction,1566.0948923775456,1701714685.7511573
u_930,u_1648,transaction,1585.2975609847724,1701714826.130728
u_2282,u_1565,transaction,2190.527663164775,1701714905.11791
u_3253,u_198,transaction,2911.5188533044575,1701714963.124569
u_2711,u_431,transaction,6704.9806701678335,1701715144.2311954
u_2546,u_31,transaction,814.9320573324438,1701715530.2456918
u_3038,u_1581,transaction,4015.233177900963,1701715596.1798775
u_1289,u_4910,transaction,1220.0671627819477,1701715881.0017352
u_1984,u_7,transaction,2837.286489202629,1701715893.6840022
u_2007,u_3817,transaction,3371.4134200290014,1701716229.933532
u_2913,u_2127,transaction,801.9013760029511,1701716268.7839773
u_189,u_778,transaction,2054.786446134859,1701716285.2731142
u_2846,u_274,transaction,1833.4033851658812,1701716571.3387966
u_2088,u_2566,transaction,1091.7938066239442,1701717083.1139421
u_2827,u_134,transaction,342.0218772883067,1701717143.9946997
u_175,u_2038,transaction,4262.706743127326,1701717905.9606524
u_78,u_1909,transaction,781.7221602503797,1701718219.92934
u_828,u_56,transaction,5929.607993387335,1701718261.8186104
u_66,u_601,transaction,3831.836436167105,1701718445.5331368
u_541,u_811,transaction,383.17344701636813,1701718945.3846207
u_2147,u_1424,transaction,1503.7405728379426,1701719257.5428607
u_4377,u_483,transaction,12202.75030889672,1701719279.2578018
u_450,u_1338,transaction,1327.1524659541255,1701719960.6533067
u_2136,u_1704,transaction,1142.277781648183,1701720130.888912
u_2634,u_2026,transaction,1770.0360997940425,1701720803.155974
u_2202,u_633,transaction,1256.9289771004078,1701721056.7274222
u_238,u_2679,transaction,1496.3885020820633,1701721141.6341462
u_671,u_2814,transaction,7161.655512225915,1701721896.388977
u_1613,u_3338,transaction,5143.351766009163,1701722408.5285022
u_925,u_3277,transaction,1152.6260137051463,1701722880.5461013
u_78,u_1464,transaction,571.832584127361,1701722937.4660993
u_534,u_2502,transaction,7187.78932974417,1701723167.428338
u_3509,u_1686,transaction,4533.067644963989,1701723582.0552547
u_514,u_26,transaction,594.4713542312229,1701723858.03431
u_4472,u_30,transaction,2774.390182038217,1701724038.880182
u_366,u_2064,transaction,984.543432004569,1701724106.630571
u_57,u_23,transaction,1146.5731965615248,1701724310.2425363
u_111,u_56,transaction,462.15207620006913,1701724745.7786126
u_208,u_1299,transaction,720.9543105826988,1701725191.9974375
u_4214,u_248,transaction,1678.3502080786805,1701725467.018413
u_363,u_804,transaction,3794.5451095267786,1701725802.9239593
u_3670,u_1223,transaction,1037.6558971134903,1701726283.2420516
u_4,u_55,transaction,14652.808106263592,1701726293.8873723
u_509,u_4230,transaction,1664.712016927938,1701726584.7102976
u_729,u_2912,transaction,1517.3269346883237,1701726632.5415568
u_115,u_25,transaction,514.6531124830099,1701727065.5386753
u_4156,u_2463,transaction,5260.586377122962,1701727199.021495
u_1694,u_3467,transaction,312.48676075321276,1701727390.5971532
u_5027,u_5037,transaction,3944.645571777988,1701727410.671043
u_775,u_1169,transaction,2732.978928718337,1701727716.2358375
u_183,u_3772,transaction,603.4309879826933,1701727879.4696376
u_354,u_2954,transaction,2280.7365024141486,1701728369.3932288
u_2320,u_138,transaction,2774.7254856791737,1701728724.0203135
u_16,u_1934,transaction,4507.3908158791455,1701728930.798824
u_594,u_479,transaction,8451.59071193766,1701730134.8763628
u_1196,u_2597,transaction,1015.4713119782147,1701730242.3450246
u_1,u_69,transaction,785.0270611300542,1701730465.2685833
u_1060,u_200,transaction,589.1944470030224,1701730554.1821764
u_1679,u_13,transaction,2544.669290575846,1701730900.9873238
u_424,u_539,transaction,1055.1374551905267,1701731402.491827
u_115,u_1730,transaction,1156.977621818372,1701731520.1932151
u_35,u_1301,transaction,5458.870623356799,1701731542.2230263
u_3418,u_983,transaction,1651.545372059786,1701731924.887679
u_553,u_770,transaction,7249.33137967292,1701732260.368314
u_4526,u_867,transaction,583.9534498645945,1701732369.579501
u_315,u_30,transaction,758.7765003755263,1701732404.5983858
u_808,u_435,transaction,1550.1310783657498,1701732741.7606165
u_332,u_3113,transaction,1060.5549143443602,1701732747.2795453
u_4446,u_281,transaction,21231.519226194494,1701732794.6761084
u_19,u_167,transaction,2458.5957109139104,1701732882.1019566
u_4167,u_4534,transaction,5281.312182365033,1701733793.2013237
u_427,u_4148,transaction,3682.7335925399143,1701733830.6723964
u_209,u_1311,transaction,5278.915354188579,1701733837.458075
u_1630,u_105,transaction,696.9205332740373,1701734146.2789433
u_31,u_3888,transaction,460.21094532719707,1701734196.7843208
u_4461,u_3097,transaction,1176.9690079058798,1701734278.5427463
u_821,u_453,transaction,785.1031820663401,1701734506.3507628
u_1650,u_557,transaction,8413.150690660472,1701734964.870091
u_1965,u_4417,transaction,2697.918572240783,1701735164.2219865
u_235,u_712,transaction,1613.5426777914456,1701735361.8877847
u_149,u_832,transaction,1032.5832589610445,1701735838.7933612
u_4182,u_2977,transaction,6527.745172806234,1701736227.119793
u_1441,u_326,transaction,1202.1887838085,1701736320.1465833
u_473,u_3134,transaction,1430.7873138797106,1701736552.6568084
u_2258,u_3089,transaction,16086.41839037419,1701736669.3831923
u_4370,u_4436,transaction,1228.38844761022,1701736840.201085
u_1547,u_56,transaction,664.9212917594026,1701737104.918121
u_3213,u_605,transaction,3161.253284414989,1701737375.180566
u_2942,u_2598,transaction,468.4568690544237,1701737546.5503418
u_842,u_3060,transaction,2278.8949252072102,1701737602.4925473
u_4676,u_2373,transaction,2167.335795749002,1701738089.2782092
u_2257,u_47,transaction,415.5115653845914,1701738141.1624334
u_685,u_206,transaction,995.2623906397018,1701738166.429671
u_1069,u_460,transaction,2021.0502920717709,1701738425.0563793
u_93,u_1874,transaction,8144.206044324431,1701738771.5615747
u_966,u_3565,transaction,7545.903875985673,1701739004.9140575
u_180,u_0,transaction,2395.1281552449373,1701739263.9423466
u_13,u_1894,transaction,3020.771173133041,1701739881.2579668
u_1617,u_925,transaction,7469.111623477844,1701740238.814636
u_47,u_4932,transaction,1791.3260568175065,1701740529.6128829
u_1640,u_548,transaction,6805.130616488255,1701741224.8819604
u_3316,u_368,transaction,4190.631480024352,1701741756.911306
u_369,u_3,transaction,5711.673807726344,1701742024.1810443
u_314,u_216,transaction,1420.1283788210205,1701742028.3382058
u_3396,u_2778,transaction,2781.8248689636584,1701742133.1759841
u_4459,u_97,transaction,2882.551987131989,1701742172.0746348
u_130,u_1114,transaction,943.2583136414104,1701742353.0670378
u_3040,u_232,transaction,1195.5892828911792,1701742386.512095
u_1130,u_1353,transaction,2392.8393348129753,1701742489.6447504
u_2332,u_0,transaction,4313.93569235671,1701742591.4067478
u_125,u_1849,transaction,3146.537028698453,1701742830.396976
u_338,u_1945,transaction,2170.0403277951423,1701742897.7171865
u_4628,u_2446,transaction,1676.2742936432803,1701743419.9108129
u_3758,u_1963,transaction,556.068665450641,1701744508.6865346
u_2310,u_578,transaction,1806.7616992143587,1701744689.9857247
u_136,u_2273,transaction,9065.403447405246,1701744849.337812
u_3190,u_22,transaction,2016.4281252283765,1701744998.2695792
u_1450,u_216,transaction,1778.2582583197006,1701745114.096748
u_1814,u_1544,transaction,2200.6788715019866,1701745276.8645935
u_4754,u_264,transaction,4210.233115693259,1701745858.9915824
u_368,u_1803,transaction,390.45628979705333,1701745868.6627688
u_3167,u_899,transaction,285.37729240145404,1701746073.3031337
u_4,u_2241,transaction,4565.382097612743,1701746624.0533314
u_47,u_384,transaction,3486.151234863223,1701746629.0282025
u_120,u_190,transaction,313.61659137538555,1701747118.531207
u_1439,u_2065,transaction,807.1263047967531,1701747137.456922
u_393,u_692,transaction,147.44104920177006,1701747217.134927
u_1632,u_4308,transaction,1449.5818296359998,1701747417.266493
u_1154,u_419,transaction,3180.654774787491,1701747914.8669746
u_1344,u_2209,transaction,2981.6749025239856,1701747970.564832
u_79,u_968,transaction,2839.0515647867605,1701748152.4844518
u_2208,u_389,transaction,4326.254037823354,1701748205.7901742
u_3192,u_3396,transaction,1186.357766579613,1701748434.3839464
u_543,u_2193,transaction,2033.1211087674938,1701748514.6279202
u_4908,u_1159,transaction,2871.5042284292904,1701748907.9733899
u_1827,u_2151,transaction,1665.276242940245,1701749733.5990605
u_81,u_587,transaction,2245.3686036444187,1701749770.9402437
u_1248,u_1605,transaction,5158.49365129925,1701751051.8100536
u_32,u_14,transaction,4126.142642561976,1701751086.6762867
u_173,u_337,transaction,4608.595349532152,1701751115.0574558
u_1423,u_1907,transaction,777.9806782494517,1701751197.8719435
u_1917,u_117,transaction,858.1957580353518,1701751240.6052728
u_197,u_1345,transaction,794.3944033818173,1701751323.216875
u_45,u_2559,transaction,2077.724715016761,1701751674.073092
u_314,u_1271,transaction,2618.120282772506,1701751830.626149
u_3506,u_199,transaction,4716.4718349278255,1701752186.2277405
u_118,u_54,transaction,1780.2843171614838,1701752352.4607453
u_112,u_10,transaction,804.8204257385588,1701752385.010858
u_281,u_1481,transaction,1721.9873660237245,1701752592.7481613
u_547,u_1764,transaction,261.0129545249567,1701753454.3362353
u_3,u_1672,transaction,7260.525942150615,1701753522.3457594
u_3449,u_3690,transaction,4243.591775181593,1701753791.4087415
u_4462,u_2983,transaction,981.0414903555052,1701753896.8304517
u_2954,u_3269,transaction,1692.4292491672081,1701753914.0591261
u_1942,u_1067,transaction,995.2816010810433,1701754126.678642
u_1638,u_3966,transaction,5732.463997282601,1701754175.8595269
u_756,u_1924,transaction,3666.6450205579818,1701754372.0486696
u_656,u_3053,transaction,1352.2783069734814,1701754473.8783684
u_69,u_578,transaction,1582.8730108009138,1701754510.5583062
u_4355,u_93,transaction,749.1443310906923,1701754741.0047603
u_573,u_828,transaction,362.7606359256119,1701754794.9558105
u_104,u_308,transaction,6840.218154488341,1701755363.3161142
u_4998,u_16,transaction,1290.6664977875942,1701755755.4926262
u_769,u_149,transaction,1769.819256977018,1701755787.7197146
u_4229,u_1433,transaction,2433.844102516376,1701756087.4995053
u_1104,u_1541,transaction,1085.0610163953327,1701756203.994096
u_925,u_4095,transaction,2192.920819557085,1701756338.9500456
u_1936,u_60,transaction,1411.8548466907541,1701756423.789071
u_737,u_1869,transaction,24050.44969102663,1701756480.738267
u_494,u_1778,transaction,1182.9465327119822,1701756529.8793232
u_564,u_39,transaction,2819.0216499274297,1701756583.5159593
u_3604,u_1217,transaction,842.8094069878318,1701756649.0540764
u_1868,u_599,transaction,1592.9389299191018,1701757266.0173655
u_636,u_197,transaction,652.1004837972448,1701757772.3724697
u_696,u_32,transaction,473.6698847889921,1701757776.3537695
u_1396,u_2446,transaction,13301.970881150393,1701758262.1736393
u_2975,u_138,transaction,106.46799269347603,1701758372.6437936
u_102,u_293,transaction,956.3495896848376,1701758775.32058
u_887,u_1755,transaction,1160.4586359337668,1701759176.2853363
u_4591,u_2099,transaction,762.1299196716537,1701759305.4758365
u_325,u_2690,transaction,539.5855197189915,1701759619.898818
u_634,u_302,transaction,3236.0143202708814,1701760409.5382745
u_3143,u_3741,transaction,1630.1269049931504,1701760479.8910177
u_1303,u_4626,transaction,399.39814959728,1701760596.7982004
u_991,u_515,transaction,494.3125710646033,1701760956.481914
u_440,u_1026,transaction,2254.274651164079,1701761131.1661139
u_639,u_756,transaction,1191.025069212259,1701761354.3476639
u_618,u_1651,transaction,766.8312954515874,1701761446.4732351
u_1027,u_1414,transaction,2374.2132457798907,1701761506.636853
u_2016,u_1652,transaction,2433.6805590983904,1701761735.4870439
u_460,u_1258,transaction,1280.5139990190144,1701761864.939935
u_2000,u_1329,transaction,992.4513330811362,1701761916.0915916
u_437,u_4726,transaction,12568.249089204044,1701762209.1864798
u_65,u_3,transaction,7038.775463394243,1701762413.2786267
u_643,u_3712,transaction,515.4690856397262,1701762809.7779152
u_293,u_4439,transaction,3864.1616815804027,1701763173.5827394
u_4572,u_41,transaction,1600.2943625159428,1701763294.3881984
u_725,u_4779,transaction,3478.610230879276,1701763662.7512844
u_0,u_10,transaction,398.4057804238215,1701763685.011891
u_1554,u_1146,transaction,461.98348624419435,1701763755.7457519
u_357,u_2565,transaction,1624.6188771894454,1701763941.2584932
u_2296,u_878,transaction,210.00039402967985,1701763997.226452
u_2734,u_1091,transaction,858.4233177887697,1701764364.6248825
u_1501,u_2448,transaction,783.6306878105576,1701765228.93859
u_22,u_1880,transaction,11873.027341285597,1701765323.968629
u_1056,u_4434,transaction,530.5003629328285,1701765848.9870377
u_3350,u_1330,transaction,2897.1082321069016,1701766333.2731717
u_754,u_2029,transaction,694.2617738286905,1701766874.749554
u_4728,u_255,transaction,5730.183592558053,1701767443.6218932
u_439,u_4692,transaction,7582.703064026917,1701767512.5570734
u_4917,u_1353,transaction,1788.0984147968402,1701767714.0658545
u_674,u_3280,transaction,727.3115391838855,1701767788.354637
u_4351,u_899,transaction,395.6990408765074,1701767792.1966498
u_161,u_22,transaction,1782.100010590427,1701768763.1454942
u_1794,u_1832,transaction,11701.379316791043,1701768978.006704
u_2712,u_304,transaction,172.35290488252002,1701769093.6415532
u_423,u_2041,transaction,1021.839353242278,1701769245.941371
u_10,u_60,transaction,3302.979662129298,1701769284.3999684
u_364,u_1578,transaction,6750.649933220166,1701769378.2694314
u_189,u_1498,transaction,1138.268300690185,1701769711.9786713
u_1577,u_2837,transaction,421.9747148861284,1701769989.1523793
u_682,u_4188,transaction,468.8237651788281,1701770002.7762153
u_4,u_944,transaction,818.2166605563194,1701770253.5129585
u_7,u_6,transaction,3030.238680328201,1701770612.2133577
u_3408,u_1727,transaction,2808.3544726518962,1701771125.7381697
u_2461,u_1912,transaction,6557.9518978943115,1701771283.2821383
u_1254,u_4545,transaction,1871.908445929421,1701771284.2176898
u_1447,u_4696,transaction,236.9019247106044,1701771346.974725
u_2439,u_4263,transaction,2392.3832951899203,1701771671.2892914
u_2895,u_1166,transaction,1798.8329418631422,1701772022.584959
u_3152,u_860,transaction,1284.148778794678,1701772086.093419
u_1756,u_2467,transaction,392.6160425793538,1701772094.594324
u_3499,u_7,transaction,12029.877332402571,1701772787.909067
u_6,u_114,transaction,2694.705337542628,1701772991.2625854
u_2817,u_4393,transaction,3986.8603173085476,1701773034.5626597
u_4115,u_99,transaction,482.954676735323,1701773213.768009
u_4369,u_95,transaction,1226.3814249650607,1701773325.8244011
u_4832,u_3998,transaction,317.4391737445598,1701773871.1111348
u_14,u_3,transaction,4653.2062226971275,1701773996.6543853
u_708,u_4897,transaction,1694.7853844723336,1701774476.7875726
u_46,u_2996,transaction,539.3469097962084,1701774846.060872
u_2065,u_2528,transaction,3015.435597058505,1701774849.5425975
u_3323,u_4522,transaction,782.9581890830709,1701775213.4093173
u_186,u_108,transaction,1560.5712970054403,1701775360.4563925
u_1463,u_3974,transaction,355.1206397815927,1701775385.3969398
u_1749,u_15,transaction,402.2723679121818,1701775761.5323899
u_2649,u_319,transaction,5207.217940312401,1701775784.3739793
u_951,u_3142,transaction,490.49277851687106,1701777037.579045
u_417,u_3542,transaction,9739.33083454718,1701777280.1303616
u_0,u_200,transaction,539.7689271969075,1701777524.9983966
u_3398,u_828,transaction,2406.198239132197,1701777558.8250952
u_12,u_98,transaction,10671.275656757112,1701777862.1921222
u_401,u_1117,transaction,1844.5589680760659,1701777894.1697738
u_59,u_4312,transaction,2188.833940689331,1701777911.474982
u_220,u_646,transaction,1081.531187957399,1701778074.706911
u_1195,u_2314,transaction,826.6725252418108,1701778371.2042797
u_156,u_285,transaction,5533.356897519542,1701778670.0152373
u_1846,u_779,transaction,6129.210935170802,1701779144.7378602
u_79,u_3080,transaction,5950.679428187197,1701779262.762869
u_4694,u_681,transaction,1120.0880127247121,1701779616.7869766
u_64,u_3807,transaction,2503.0355598675083,1701779630.711328
u_708,u_50,transaction,549.3284338490096,1701779663.219919
u_1040,u_1458,transaction,2434.415712970848,1701780319.4672039
u_381,u_2773,transaction,6148.333473977835,1701780528.3259149
u_48,u_3385,transaction,1013.3817078991219,1701781134.3364558
u_671,u_199,transaction,7603.531080610974,1701781434.3936484
u_3542,u_289,transaction,355.831023983657,1701781472.5124621
u_979,u_268,transaction,376.85318676653776,1701781729.5882373
u_574,u_1568,transaction,3323.3732628803127,1701781828.5881426
u_4592,u_117,transaction,5702.371097985055,1701782140.325981
u_2672,u_1893,transaction,3392.6297375153276,1701782253.6360092
u_3870,u_32,transaction,6807.611800451582,1701782718.891567
u_2421,u_475,transaction,5484.602183246353,1701782846.3969438
u_1055,u_137,transaction,2261.795247120526,1701782863.1371315
u_1021,u_2149,transaction,1077.3316330924915,1701783398.8030457
u_2701,u_2147,transaction,963.707524226326,1701783612.7692409
u_18,u_1589,transaction,1298.0880121189912,1701783632.16241
u_260,u_161,transaction,1724.3911272650357,1701783825.9058695
u_85,u_311,transaction,11973.374658260185,1701784020.2697053
u_996,u_3616,transaction,893.6118998234871,1701784023.784031
u_1986,u_128,transaction,1083.1467697894004,1701784337.7767572
u_351,u_10,transaction,2922.6923303828535,1701784401.9389338
u_2279,u_443,transaction,774.7389310453663,1701784493.6013393
u_780,u_685,transaction,2091.258250974573,1701784833.3327136
u_1148,u_1455,transaction,940.6179983314452,1701785658.9504435
u_1915,u_4612,transaction,1950.1733413623685,1701786039.5533118
u_4383,u_1575,transaction,2993.767340523957,1701786152.492523
u_407,u_1456,transaction,2650.251304005064,1701786982.3319228
u_23,u_137,transaction,4848.266541431015,1701787499.3795085
u_3211,u_70,transaction,1068.2233677468446,1701788007.891904
u_1867,u_85,transaction,2130.8894748688417,1701788388.5900247
u_3598,u_4535,transaction,688.8865092799075,1701788536.470737
u_1963,u_27,transaction,2731.9773415575346,1701789200.339997
u_656,u_9,transaction,1737.3315380984955,1701789379.0025792
u_1084,u_5,transaction,300.9438197824968,1701789424.9226956
u_193,u_3265,transaction,3199.0622444123214,1701789707.514425
u_3766,u_3528,transaction,918.0800894713932,1701789780.8775845
u_3814,u_3,transaction,3808.5556923481063,1701789790.9661906
u_546,u_563,transaction,834.7416970773986,1701789796.1130009
u_28,u_3672,transaction,607.767005085536,1701789979.0680282
u_30,u_32,transaction,2284.778710807754,1701790171.0432293
u_484,u_2101,transaction,1700.919606264117,1701790209.5612016
u_1875,u_3356,transaction,2896.884889979334,1701790246.219256
u_6,u_888,transaction,2830.1311746029437,1701790523.9808154
u_883,u_1105,transaction,1950.7228358377936,1701790870.41534
u_1879,u_2906,transaction,4645.237481811733,1701791236.8628044
u_95,u_516,transaction,1317.632112202981,1701791477.6818943
u_4409,u_1520,transaction,6708.747144163463,1701791621.4825058
u_4444,u_3636,transaction,2427.7477456599804,1701791822.9520679
u_2800,u_1954,transaction,4204.200862017461,1701791881.0791109
u_1011,u_1436,transaction,457.1057510376416,1701792646.983356
u_682,u_747,transaction,761.8233754412214,1701792669.2433758
u_1795,u_323,transaction,1164.1254101298946,1701792765.823537
u_4698,u_6,transaction,2918.9517052300794,1701793124.6732488
u_914,u_509,transaction,6146.07461122238,1701793213.3558347
u_767,u_678,transaction,4592.5539492001735,1701793290.8050954
u_4412,u_4605,transaction,514.1022322393459,1701793795.8748548
u_1061,u_2240,transaction,3507.069380573616,1701794178.7475886
u_2013,u_2765,transaction,940.2084553359668,1701794414.3923538
u_20,u_1583,transaction,2115.7101082320974,1701794577.3913627
u_2161,u_67,transaction,2235.2164613507834,1701794580.5531483
u_66,u_2970,transaction,2315.2465272627637,1701794604.4385839
u_2783,u_1560,transaction,1650.6495228502356,1701794920.5613182
u_7,u_3172,transaction,1287.2211059721965,1701795485.0910022
u_152,u_3260,transaction,2509.430398675608,1701795955.7442527
u_2153,u_700,transaction,7327.249140011246,1701796095.6683414
u_1759,u_3886,transaction,4985.904274378978,1701796562.5094497
u_1746,u_4325,transaction,1058.5795988663351,1701796745.5017955
u_4531,u_1924,transaction,2239.054133723831,1701796839.327733
u_3269,u_4574,transaction,2990.6680357269374,1701797465.254226
u_844,u_950,transaction,5219.431770217669,1701797503.6258774
u_1305,u_516,transaction,2025.3895780335083,1701798074.5874717
u_1476,u_1826,transaction,1793.4327475503828,1701798274.1637828
u_6,u_2100,transaction,5289.149317688589,1701798312.0087776
u_3074,u_2802,transaction,3917.621493100286,1701798995.5208378
u_498,u_385,transaction,1283.4223289886977,1701799054.6050026
u_1589,u_1318,transaction,1926.060774261424,1701799381.4619865
u_28,u_3676,transaction,331.9640106830005,1701799390.812325
u_72,u_1200,transaction,670.8012939384354,1701799477.4219975
u_495,u_3383,transaction,2990.1844953864847,1701799752.9780993
u_3108,u_795,transaction,4197.722213397834,1701799925.2727528
u_3594,u_6,transaction,2373.7748371530556,1701799950.0531623
u_557,u_2613,transaction,2998.7941998074934,1701800413.7979488
u_100,u_11,transaction,256.7010557066943,1701801120.8184478
u_167,u_1265,transaction,2475.849090732571,1701801387.0149474
u_4944,u_479,transaction,1655.5834376199612,1701801430.8019774
u_643,u_3012,transaction,627.3843594905051,1701801531.274441
u_2967,u_253,transaction,19773.731328866917,1701801581.407679
u_113,u_864,transaction,5149.797712580544,1701801817.6624138
u_197,u_887,transaction,1193.8035041687672,1701801924.768635
u_482,u_503,transaction,1887.5424545013623,1701802349.605075
u_78,u_273,transaction,682.3008539044297,1701802513.6813772
u_124,u_1194,transaction,1021.2891800304515,1701803265.096655
u_3058,u_1555,transaction,5801.759544422422,1701803300.079916
u_1106,u_230,transaction,6042.112409807697,1701803426.9093845
u_4,u_1378,transaction,1490.061050244823,1701804090.4504178
u_269,u_1509,transaction,2869.981587568982,1701804096.1646988
u_1251,u_1015,transaction,2821.0192577787757,1701804701.0873568
u_1968,u_3376,transaction,1293.6164343773019,1701804816.8253872
u_517,u_134,transaction,2121.4527491098797,1701804837.3152876
u_1057,u_1614,transaction,11122.83664863325,1701804861.8698084
u_2072,u_495,transaction,641.4240307366634,1701805366.5163057
u_399,u_1680,transaction,1645.0750504917507,1701805396.9321306
u_246,u_679,transaction,653.5475044600763,1701805723.598874
u_6,u_3922,transaction,3408.1299644069263,1701805785.7247972
u_4336,u_7,transaction,1027.353401024764,1701805818.4638696
u_626,u_4872,transaction,1553.4210471263596,1701806307.6571524
u_1306,u_1010,transaction,3141.0107992190574,1701807421.2087426
u_733,u_94,transaction,683.2979892777173,1701808383.4229128
u_152,u_3420,transaction,681.3844927361184,1701808617.536734
u_28,u_901,transaction,2882.8806860881937,1701809134.9563282
u_4827,u_1613,transaction,147.08973188071994,1701809454.0267882
u_544,u_3019,transaction,26716.420730486723,1701809585.968531
u_910,u_311,transaction,2500.0948981473443,1701809901.377735
u_1133,u_4044,transaction,2732.3886097900936,1701809978.4810772
u_531,u_4288,transaction,6573.215570715128,1701810407.9204123
u_705,u_3,transaction,4659.289782568683,1701810614.420477
u_12,u_4277,transaction,354.0813738267345,1701811026.1337337
u_421,u_2353,transaction,286.0613838164516,1701811174.5681646
u_263,u_3188,transaction,1494.425145774419,1701811496.1234019
u_512,u_528,transaction,3243.8755515244593,1701811517.800783
u_927,u_1626,transaction,1183.4231138630867,1701812121.4772909
u_1703,u_1979,transaction,2644.3957042987604,1701812739.803674
u_2450,u_3119,transaction,3518.808875578505,1701812865.7824993
u_4,u_1362,transaction,144.09026195021767,1701812980.920001
u_98,u_2831,transaction,768.0310479419343,1701812992.7097344
u_3130,u_114,transaction,1510.778377216598,1701813014.5015445
u_4,u_1304,transaction,443.9715277728997,1701813189.7786493
u_3323,u_810,transaction,1589.943415345574,1701813461.2422912
u_445,u_274,transaction,5772.305159188453,1701813560.9503248
u_3332,u_0,transaction,220.3573384367004,1701813673.8465319
u_1613,u_386,transaction,3318.569232980576,1701813797.9565449
u_324,u_6,transaction,8522.802458682123,1701814147.68422
u_338,u_348,transaction,169.8888886537024,1701814253.4432461
u_4,u_1983,transaction,1617.7214707675118,1701814471.9040375
u_3127,u_3783,transaction,507.2724717751079,1701814678.25561
u_1759,u_3556,transaction,700.4002769130722,1701814833.3442707
u_1011,u_783,transaction,420.64400669907496,1701815065.983171
u_4854,u_2822,transaction,1047.0746965626258,1701815413.314653
u_1110,u_84,transaction,3113.1514742653594,1701815817.1381326
u_65,u_25,transaction,2569.4527244852516,1701815925.5950565
u_45,u_2293,transaction,501.2012794597389,1701816131.1226585
u_1692,u_1234,transaction,2146.23262698936,1701816958.4957573
u_2699,u_2024,transaction,2174.49406614409,1701816988.7085283
u_3242,u_1527,transaction,3677.295153037956,1701818526.0145648
u_1188,u_2881,transaction,678.6288905629434,1701818582.181195
u_3704,u_674,transaction,3496.2674693974504,1701818700.661369
u_3442,u_3908,transaction,1157.8842507586319,1701818739.6008475
u_2914,u_23,transaction,777.5485785681735,1701818840.1786244
u_887,u_50,transaction,2196.754218517146,1701818851.1955707
u_408,u_2435,transaction,2397.146184963058,1701819159.2133033
u_91,u_642,transaction,1062.2262809826207,1701819159.2473123
u_4582,u_697,transaction,4320.492603959432,1701819349.3220046
u_3483,u_712,transaction,1589.7635184972814,1701819440.9235601
u_1563,u_4395,transaction,4634.625056493643,1701819631.314852
u_1572,u_5,transaction,673.8138063649188,1701820421.510748
u_1864,u_122,transaction,2046.5419958154853,1701820438.49714
u_1932,u_1605,transaction,456.0965459724514,1701820634.6746101
u_92,u_1040,transaction,1526.7205985193066,1701820730.6575177
u_214,u_2078,transaction,2458.482382512639,1701820753.723287
u_2138,u_3463,transaction,1962.3031509678078,1701820927.1289365
u_3745,u_1633,transaction,1611.3243076815218,1701821265.9785614
u_1833,u_481,transaction,4129.549429501848,1701821508.304643
u_635,u_4874,transaction,2222.4417800134224,1701821765.3308737
u_3687,u_724,transaction,4166.165412247303,1701821929.7505279
u_2284,u_986,transaction,1325.695219282925,1701822254.9790292
u_3060,u_160,transaction,1812.1838358924056,1701822587.527854
u_1582,u_1624,transaction,1946.6465134307298,1701823016.5360577
u_1851,u_3713,transaction,2449.939466309786,1701823464.9659865
u_4017,u_1115,transaction,3030.9896002875553,1701823755.0362737
u_4711,u_2713,transaction,3160.028808684484,1701823907.4181163
u_4593,u_2984,transaction,8351.489614359574,1701823919.2024534
u_2130,u_138,transaction,2457.8425630775173,1701824848.654309
u_30,u_1795,transaction,1373.827955539948,1701824932.1506622
u_1804,u_776,transaction,2515.215564699488,1701825016.1450653
u_80,u_3661,transaction,731.7109983504182,1701825085.6281183
u_77,u_1387,transaction,21063.566901961298,1701825305.4735916
u_306,u_467,transaction,7715.614704259826,1701826359.8908074
u_2177,u_1075,transaction,3771.138080693663,1701826914.2503512
u_2976,u_74,transaction,1953.4812331135406,1701827486.329284
u_4578,u_1162,transaction,3026.153700367479,1701827565.1923828
u_4488,u_1122,transaction,662.4336269098366,1701827770.767992
u_2115,u_170,transaction,1154.907327377311,1701829172.517836
u_1011,u_383,transaction,570.3747930235379,1701829445.7546525
u_4970,u_447,transaction,3720.310848222026,1701829687.026609
u_763,u_1523,transaction,856.4434755101151,1701830359.632344
u_3679,u_692,transaction,2189.548672503948,1701831134.7080355
u_56,u_4,transaction,1557.1904833788913,1701831138.7552183
u_3451,u_1954,transaction,469.5726165715551,1701831189.2842171
u_4002,u_333,transaction,1426.788499717681,1701831762.9312272
u_3413,u_3091,transaction,785.9899004129344,1701832000.6512163
u_4766,u_406,transaction,17625.22684178098,1701832033.6864893
u_472,u_190,transaction,1737.9209928685298,1701832139.902006
u_4934,u_1109,transaction,594.685666423891,1701832179.9252133
u_34,u_1970,transaction,14510.971857665309,1701832196.9454877
u_186,u_1716,transaction,752.4261967321055,1701832975.208136
u_1424,u_3314,transaction,307.6403626225745,1701833065.3475416
u_2246,u_1964,transaction,2651.786876434203,1701833297.3155887
u_1162,u_869,transaction,3252.104273561766,1701833323.4909427
u_801,u_134,transaction,2224.17076840744,1701833822.7550454
u_248,u_26,transaction,1411.6032080726868,1701834137.7057047
u_3231,u_2957,transaction,299.4014337118787,1701834314.1332898
u_1153,u_4808,transaction,1540.0661022487764,1701834711.676127
u_2196,u_3168,transaction,2141.7120767795545,1701837089.2461932
u_4366,u_4821,transaction,937.6492350226517,1701837544.964097
u_765,u_869,transaction,3196.3357584341447,1701838142.7922559
u_288,u_4273,transaction,1993.557676232949,1701838209.5618775
u_2398,u_2441,transaction,2940.0585983978503,1701838611.6556778
u_306,u_4756,transaction,1144.0921857727583,1701838923.3044424
u_3448,u_3442,transaction,1840.9688344077028,1701839183.8300555
u_3,u_36,transaction,1817.3114391312502,1701839381.3962753
u_2960,u_4060,transaction,2667.2917486362194,1701839636.1384795
u_27,u_1817,transaction,8457.482011887705,1701839937.0806832
u_2617,u_4608,transaction,7986.2562081617425,1701840015.9420953
u_2355,u_729,transaction,5974.032335768559,1701840796.6717074
u_2816,u_56,transaction,1676.1180488973162,1701841249.9621272
u_403,u_238,transaction,4016.198344254427,1701841308.477658
u_2655,u_541,transaction,2948.8730241682965,1701841424.14938
u_2361,u_2318,transaction,648.2501170782515,1701841442.8808665
u_318,u_4332,transaction,1082.2566549537564,1701841557.2269862
u_104,u_2947,transaction,799.3868617249352,1701842032.2350922
u_4,u_2971,transaction,11959.470996972022,1701842267.204076
u_3555,u_3323,transaction,10351.23801611208,1701842311.2500029
u_2864,u_162,transaction,4114.820416202303,1701842331.6162984
u_4636,u_1336,transaction,3614.8845955267416,1701842414.9833686
u_86,u_258,transaction,922.9789384608066,1701842437.0750053
u_3742,u_2354,transaction,819.8329650357214,1701842497.914595
u_281,u_440,transaction,4454.761027893171,1701842528.9744375
u_2073,u_2389,transaction,557.1160589297696,1701842692.4539564
u_4248,u_1995,transaction,8253.742647095609,1701842967.6807184
u_2053,u_27,transaction,3890.3055264826135,1701843427.2292113
u_2789,u_1733,transaction,5317.086773759701,1701843571.482534
u_4262,u_139,transaction,799.3370970341168,1701843732.096942
u_56,u_2576,transaction,867.6827923104498,1701844003.1126113
u_1987,u_936,transaction,1923.4646669659428,1701844298.0117803
u_599,u_3607,transaction,645.6798291213418,1701844335.6070385
u_1985,u_638,transaction,1078.7630677489801,1701844859.9745555
u_1576,u_2479,transaction,1014.231580573625,1701845257.441482
u_3656,u_920,transaction,3471.37535947737,1701845551.1128507
u_567,u_254,transaction,1270.9834735140794,1701845983.8899431
u_1061,u_3229,transaction,6657.557349594224,1701846516.9931343
u_625,u_106,transaction,863.766520748859,1701846625.79266
u_3257,u_4,transaction,2421.5154498864467,1701846648.2578158
u_3335,u_10,transaction,551.3924649693688,1701847053.545848
u_60,u_3340,transaction,1200.283919495613,1701847125.5687282
u_808,u_1370,transaction,10087.381979599644,1701847646.2100394
u_596,u_384,transaction,2927.3886583043627,1701848040.6570928
u_844,u_1020,transaction,436.2385964612842,1701848204.9193337
u_2283,u_1423,transaction,1791.558089828251,1701848441.433045
u_2168,u_1448,transaction,1030.7787733292282,1701848577.2504888
u_1024,u_590,transaction,621.0920166507237,1701848812.6005912
u_320,u_2513,transaction,14207.191749824697,1701848950.356486
u_40,u_6,transaction,822.1742674363895,1701848988.44643
u_4979,u_4093,transaction,3980.0779653698337,1701849343.2664318
u_1592,u_3705,transaction,8339.41084307957,1701849456.6666992
u_9,u_235,transaction,245.78771581690265,1701849831.0240726
u_4832,u_1523,transaction,2638.712163935211,1701850082.6391647
u_1062,u_2043,transaction,1210.488805028256,1701850265.6674707
u_91,u_4450,transaction,1640.3892648974663,1701850343.3317869
u_1885,u_392,transaction,2284.3756461388834,1701850751.901286
u_3341,u_2099,transaction,6667.249524960465,1701851447.760586
u_1514,u_2088,transaction,3615.25843994369,1701851920.499366
u_988,u_3245,transaction,1373.1718636419123,1701852352.238442
u_252,u_85,transaction,1413.755137879335,1701852641.3000987
u_838,u_4214,transaction,1639.3986119831768,1701852685.8300955
u_85,u_244,transaction,1372.1090375484869,1701853007.8954723
u_97,u_125,transaction,105.89982060505005,1701853140.3989239
u_1011,u_4290,transaction,1128.7604335934543,1701853421.195109
u_2626,u_3970,transaction,6010.203710206816,1701853598.0118709
u_156,u_1201,transaction,1170.8716759355427,1701854210.169096
u_398,u_1923,transaction,2203.7520574880623,1701854505.3555005
u_941,u_1458,transaction,1896.6137149996555,1701854558.8140411
u_4485,u_22,transaction,995.6252595833229,1701855045.2901225
u_2752,u_805,transaction,6981.8757546571305,1701855384.9800634
u_81,u_638,transaction,3227.1244603834953,1701855502.4788911
u_2285,u_2650,transaction,2254.179724026303,1701855504.9279366
u_871,u_4211,transaction,1673.6781269883736,1701855879.4898448
u_3406,u_1111,transaction,924.6171786443734,1701856564.8008049
u_765,u_4,transaction,1157.7601822734366,1701856613.7361267
u_1417,u_3365,transaction,5293.939807183759,1701856887.2269092
u_326,u_2916,transaction,520.2249016718494,1701857090.1160176
u_76,u_285,transaction,3273.3091421815648,1701857179.3125105
u_2053,u_196,transaction,2115.6723120188085,1701857503.3538058
u_1882,u_2636,transaction,7202.3237143352635,1701857529.7580857
u_4909,u_3022,transaction,1052.5732235622472,1701857657.2724254
u_382,u_2283,transaction,1133.9978867749433,1701857962.0114434
u_110,u_3393,transaction,266.6507979155667,1701858053.3249664
u_4745,u_884,transaction,1394.6637818849754,1701858311.4830213
u_2301,u_4471,transaction,1080.5412209302183,1701858460.8824356
u_390,u_1376,transaction,251.61772547448138,1701858797.962983
u_117,u_2085,transaction,3508.1394090397016,1701859713.771198
u_442,u_2324,transaction,764.8004798993836,1701859738.1088514
u_1513,u_841,transaction,4389.979237004437,1701859780.8385377
u_4,u_2227,transaction,3669.2843992485145,1701859862.0288649
u_4,u_693,transaction,1698.3404920132296,1701860545.6982894
u_4341,u_18,transaction,2536.0358247497834,1701860638.554161
u_4434,u_811,transaction,3112.8625908382874,1701860641.4530423
u_2059,u_1447,transaction,3418.3322981411966,1701860907.1878836
u_329,u_2612,transaction,1221.9972031197076,1701861312.3837063
u_71,u_22,transaction,1972.4199727071823,1701861589.9045296
u_3410,u_3009,transaction,4771.02383727409,1701861651.6699002
u_5009,u_5013,transaction,4077.1240491049975,1701861753.7889135
u_9,u_4126,transaction,849.1661266634003,1701862100.2965832
u_1949,u_4577,transaction,443.38432562658454,1701862360.9566946
u_1090,u_54,transaction,1868.3238956085395,1701862508.086204
u_1951,u_30,transaction,1734.9812250417037,1701862580.5680542
u_89,u_1682,transaction,665.6059093548813,1701862732.284674
u_136,u_4196,transaction,794.5529301269678,1701863043.9111838
u_1862,u_652,transaction,6786.585484995528,1701863060.8383498
u_617,u_1894,transaction,1454.3564753308845,1701863126.2653127
u_294,u_3,transaction,6915.191350599891,1701863131.284012
u_14,u_103,transaction,790.8589600258821,1701863411.8925028
u_729,u_92,transaction,16490.224035283656,1701863630.369924
u_5087,u_5096,transaction,747.8444364136597,1701863727.3572545
u_1323,u_439,transaction,2853.655186555186,1701863812.2777917
u_3857,u_3740,transaction,7039.536432760607,1701864048.9642794
u_532,u_2322,transaction,4078.633224865377,1701864531.6732547
u_2174,u_233,transaction,762.6584482161628,1701865661.1558197
u_2305,u_2459,transaction,6190.077618789721,1701866506.6975358
u_71,u_391,transaction,999.850807909241,1701866555.9164722
u_48,u_1100,transaction,2049.961832100451,1701867012.390861
u_3278,u_3363,transaction,196.41348462459584,1701867172.4879339
u_2418,u_115,transaction,9536.973273652842,1701867218.660753
u_34,u_3772,transaction,22046.30951502807,1701867520.674792
u_925,u_1465,transaction,1018.3096489868561,1701867563.0672631
u_441,u_255,transaction,11300.036562967212,1701867652.5957851
u_48,u_2836,transaction,660.3731225489769,1701867672.4622104
u_160,u_738,transaction,630.3767023027262,1701868044.6409655
u_2955,u_116,transaction,4906.4743022804705,1701868044.8622878
u_988,u_1069,transaction,3868.051301666592,1701868345.5516856
u_152,u_380,transaction,1305.0380862321554,1701868789.5137806
u_133,u_98,transaction,639.629326762427,1701868881.7939918
u_3786,u_1739,transaction,8267.535518373683,1701868962.0575953
u_4,u_1962,transaction,1366.4982136541519,1701868987.715546
u_4651,u_1114,transaction,2135.4917098588844,1701869114.1754174
u_3957,u_56,transaction,1291.5690222557382,1701869203.593555
u_3570,u_2065,transaction,14664.691316707218,1701869430.945652
u_2998,u_18,transaction,1646.8392786316642,1701869639.760826
u_1146,u_1075,transaction,5672.573121807328,1701869763.569035
u_1586,u_1545,transaction,1151.7133509244902,1701870643.1291234
u_223,u_560,transaction,230.63572466076437,1701871378.8638103
u_4974,u_13,transaction,1606.6900512795426,1701872115.4089406
u_6,u_985,transaction,2174.9056839811497,1701872491.3726766
u_0,u_3747,transaction,2059.0463666773253,1701872695.0208845
u_408,u_3838,transaction,362.2515908899896,1701872997.6814783
u_5,u_943,transaction,1188.6402043723465,1701873117.310241
u_1148,u_4705,transaction,9250.30038405999,1701874469.197428
u_10,u_302,transaction,1637.3332597544377,1701874571.3565936
u_3313,u_3752,transaction,848.2750303319718,1701874606.6981676
u_3882,u_890,transaction,12062.868478953718,1701874663.6650589
u_4210,u_3022,transaction,2207.9294032469998,1701874782.0308104
u_3043,u_2405,transaction,2289.6228985802095,1701875559.8108315
u_2663,u_4979,transaction,11743.726737372848,1701876037.2052233
u_806,u_78,transaction,452.14912934736026,1701876237.463927
u_29,u_117,transaction,2268.069364772001,1701876420.748344
u_3120,u_2657,transaction,606.8606080178165,1701876474.8086033
u_73,u_3443,transaction,4009.1720182796366,1701877265.5298932
u_113,u_15,transaction,1924.3265659003753,1701877301.0944839
u_5029,u_5038,transaction,3101.853400833223,1701877564.6895764
u_1200,u_1303,transaction,2135.888279936796,1701877597.9027405
u_377,u_5,transaction,3675.3769601851554,1701877620.8430154
u_20,u_140,transaction,545.6804624292221,1701877736.0152612
u_374,u_229,transaction,7141.360226931981,1701878513.257987
u_4740,u_2671,transaction,7903.906139625836,1701878562.6179304
u_2900,u_3640,transaction,1233.421880430486,1701878612.4132805
u_293,u_3395,transaction,27451.3099357004,1701878800.5761673
u_412,u_4320,transaction,8782.713438670871,1701878890.3568637
u_1615,u_1788,transaction,869.3105709069146,1701878900.3187904
u_1858,u_0,transaction,3565.098591131085,1701879065.013212
u_3406,u_2471,transaction,2541.7020052111934,1701879205.3057818
u_183,u_2215,transaction,13143.782807205569,1701879971.281628
u_2857,u_2647,transaction,7836.44729332392,1701880041.857915
u_663,u_78,transaction,606.9065515203082,1701880327.9939888
u_2391,u_4213,transaction,3782.866107560289,1701881189.2705736
u_4387,u_995,transaction,1224.2409440825572,1701881357.2837427
u_1491,u_2456,transaction,517.3920287974908,1701881461.8621602
u_937,u_4294,transaction,659.5560647048454,1701881701.29865
u_4773,u_326,transaction,3115.734980980398,1701881851.8726285
u_283,u_2006,transaction,2204.803166884718,1701881856.6604228
u_218,u_2094,transaction,382.31360755371105,1701882122.651316
u_1499,u_890,transaction,2147.9182288768325,1701882359.6560223
u_321,u_327,transaction,4153.126845145771,1701882388.6405673
u_1501,u_3427,transaction,494.66627127525123,1701882523.133526
u_4883,u_4650,transaction,1782.7297466219554,1701882551.0286138
u_4561,u_1093,transaction,6947.240396906406,1701882619.3113158
u_2327,u_738,transaction,3786.4360319685647,1701882644.836857
u_2627,u_50,transaction,987.5778562719314,1701882867.703553
u_1256,u_1597,transaction,897.7388248368279,1701883159.6951523
u_2973,u_1743,transaction,550.4672895793113,1701883249.7852485
u_226,u_4291,transaction,4573.415866920621,1701883454.6918266
u_474,u_113,transaction,1028.445605149783,1701883786.8823493
u_16,u_1219,transaction,419.682763376508,1701884028.684929
u_238,u_4314,transaction,586.601100260879,1701884094.8988376
u_14,u_1863,transaction,2229.360570494184,1701884227.3754554
u_444,u_4592,transaction,10799.336376506997,1701884426.6925647
u_3734,u_2897,transaction,2424.9299883386507,1701884484.2864785
u_2134,u_1,transaction,1586.3632420584754,1701885012.9791152
u_118,u_1322,transaction,312.84727969758615,1701885278.0466232
u_450,u_1018,transaction,2413.2355135361236,1701885403.9333632
u_276,u_128,transaction,1455.5992489686023,1701885625.1125784
u_4879,u_4721,transaction,6714.2253325632255,1701885878.140552
u_23,u_571,transaction,1323.35845432128,1701885972.82934
u_4509,u_5,transaction,3191.586402915036,1701886121.2255578
u_88,u_2324,transaction,1083.8084308324464,1701886306.5181103
u_56,u_2501,transaction,3450.000572695792,1701886378.1426458
u_57,u_1417,transaction,7068.30873768078,1701886554.2111733
u_102,u_2477,transaction,921.6908782944497,1701886903.7100656
u_2349,u_4621,transaction,1219.276975188671,1701886962.0718858
u_388,u_241,transaction,10460.283520304436,1701887207.474285
u_12,u_4698,transaction,1826.6392116083564,1701887276.2632334
u_1926,u_197,transaction,120.97795856664284,1701887360.398638
u_233,u_2821,transaction,6469.635450251628,1701887572.6477947
u_4758,u_62,transaction,3653.687272226136,1701887801.5053172
u_2177,u_2246,transaction,1833.5421340574262,1701888173.3129723
u_4101,u_1148,transaction,3309.377308506948,1701888361.0545897
u_1165,u_589,transaction,2171.1514508408804,1701888723.565098
u_1770,u_4548,transaction,753.0695545880421,1701889108.993113
u_1190,u_4285,transaction,555.9236020182093,1701889786.6929848
u_4332,u_1443,transaction,1967.4727806153508,1701889889.485857
u_2021,u_529,transaction,2011.2143649550048,1701889941.7284346
u_13,u_744,transaction,27182.5810437385,1701890282.3758419
u_115,u_3307,transaction,1569.247390013381,1701890314.1708558
u_1337,u_8,transaction,3059.28736403808,1701890771.734681
u_4063,u_47,transaction,1943.5122400958908,1701890846.6330125
u_641,u_2785,transaction,1174.8249425615704,1701891012.0058656
u_3924,u_1019,transaction,5582.2661296408,1701891478.5346448
u_7,u_1690,transaction,4318.859512244974,1701891661.8547587
u_3652,u_478,transaction,585.6581206381866,1701891683.761977
u_787,u_3361,transaction,17512.896963123305,1701891809.5795329
u_4302,u_694,transaction,1057.8952023214201,1701891830.8886032
u_4,u_10,transaction,385.89532415836567,1701893059.1005478
u_1870,u_2334,transaction,698.7613772207835,1701893113.8355398
u_56,u_3284,transaction,1706.316530014666,1701893747.5322938
u_4587,u_1375,transaction,1068.4509383558836,1701893803.3453453
u_345,u_1211,transaction,881.7734965394778,1701894050.4491074
u_3644,u_3487,transaction,674.8297246548368,1701894261.115838
u_38,u_27,transaction,2406.3476781399468,1701894292.8777106
u_699,u_866,transaction,17888.463141768294,1701895058.8712633
u_3359,u_208,transaction,424.71085039426146,1701895644.2792628
u_3302,u_4040,transaction,9102.460519560495,1701896114.5099995
u_383,u_714,transaction,5889.874124152709,1701896224.7788231
u_2189,u_25,transaction,1761.179804168659,1701896351.2564259
u_2313,u_3077,transaction,3020.2214034951144,1701896817.365739
u_4391,u_4833,transaction,1877.2309604274028,1701897041.0605261
u_2357,u_1981,transaction,789.1883317085943,1701897368.6332352
u_3699,u_9,transaction,2667.7180668381584,1701897470.4609063
u_1514,u_714,transaction,1601.9532885431584,1701897847.7915447
u_34,u_141,transaction,1316.3914311699407,1701898002.5610063
u_2237,u_249,transaction,18484.70503633375,1701898102.340179
u_4670,u_144,transaction,2249.3329566744574,1701898178.7489903
u_982,u_1749,transaction,1295.3208693864185,1701898447.7051864
u_2792,u_796,transaction,26858.263983099376,1701898663.808171
u_596,u_2096,transaction,482.24110821330004,1701899151.4962296
u_73,u_335,transaction,287.5743330987776,1701899970.3494072
u_70,u_2900,transaction,7251.94046921466,1701900751.706149
u_245,u_4073,transaction,2260.363484662427,1701900777.3336933
u_319,u_986,transaction,614.1650350299202,1701900866.8913095
u_1180,u_2585,transaction,1516.0864142169107,1701900965.6917691
u_1263,u_4753,transaction,2070.071336809238,1701901489.9766083
u_5062,u_5079,transaction,182.4493972127815,1701901741.2174695
u_74,u_1939,transaction,863.1846167020401,1701901796.617908
u_1228,u_3929,transaction,488.42190945330543,1701901829.7803597
u_5107,u_5111,transaction,892.4737619525301,1701901921.4177034
u_929,u_50,transaction,8858.629092281955,1701902008.7888296
u_139,u_301,transaction,2164.4344224104716,1701902025.867861
u_125,u_37,transaction,517.2159966805895,1701902462.3719373
u_158,u_1065,transaction,784.3513718824717,1701902521.8991299
u_1220,u_316,transaction,1534.3323085970821,1701902543.5891035
u_1368,u_4257,transaction,12259.192636641917,1701902562.1096976
u_2590,u_81,transaction,1731.1185689228296,1701903706.4252872
u_1116,u_4898,transaction,910.0151492012515,1701903722.0954325
u_1100,u_949,transaction,4209.7475949448435,1701903930.2506979
u_2886,u_147,transaction,423.59325946423564,1701904134.848005
u_3644,u_4,transaction,2264.8506946046004,1701904140.1212552
u_1796,u_1835,transaction,677.5554191907842,1701904320.9806564
u_2486,u_216,transaction,991.3947838218227,1701904403.3778172
u_2028,u_729,transaction,7453.297207854832,1701904436.67418
u_3,u_3017,transaction,4620.618298549003,1701904499.6639903
u_117,u_3598,transaction,1574.5671669066433,1701904976.1931827
u_4815,u_4117,transaction,1268.9680486885302,1701905058.856528
u_3954,u_3539,transaction,3250.9215906336944,1701906017.4622736
u_2575,u_705,transaction,396.7702709405938,1701906113.3961787
u_757,u_3066,transaction,3434.2081186517767,1701906277.1235945
u_2623,u_26,transaction,9666.22401024316,1701906341.3310905
u_4840,u_17,transaction,3200.7525788830367,1701906371.6290483
u_27,u_4978,transaction,3312.3212439995177,1701906402.0273964
u_2279,u_3132,transaction,2154.9789393757283,1701906693.7198083
u_2599,u_4143,transaction,3790.0165472851704,1701906704.8275404
u_691,u_348,transaction,725.8996642942503,1701906911.0732424
u_4372,u_603,transaction,1310.6091341332299,1701907594.9486158
u_5,u_4601,transaction,8940.276603171811,1701907660.5965877
u_161,u_246,transaction,3646.3968036885635,1701908277.5324621
u_3370,u_556,transaction,541.3021515575338,1701908849.6457312
u_56,u_1988,transaction,8019.243818519724,1701908976.2904022
u_77,u_193,transaction,750.4831638579758,1701909119.6697476
u_1545,u_1027,transaction,737.6094318329516,1701909151.4276505
u_2433,u_306,transaction,855.0844226295917,1701909404.2874434
u_2673,u_565,transaction,1244.8019924714936,1701909625.9406145
u_2368,u_4,transaction,13017.874944650683,1701909659.481758
u_3161,u_3599,transaction,1984.5715732290112,1701909953.0385687
u_1700,u_28,transaction,1854.2041763439654,1701909970.6350436
u_65,u_733,transaction,4966.046418487381,1701910455.238684
u_1631,u_43,transaction,2302.618129169215,1701910647.904394
u_1597,u_3236,transaction,11405.096653999452,1701911488.896645
u_3636,u_2069,transaction,1090.10990565053,1701911555.8629036
u_24,u_137,transaction,2680.6036702045885,1701911930.7252533
u_1217,u_414,transaction,3689.5738803876143,1701912021.8518803
u_2004,u_20,transaction,7001.448772799525,1701912446.7612154
u_3884,u_995,transaction,2079.509302988796,1701912806.1411283
u_2436,u_1,transaction,476.6831390912285,1701912847.5017452
u_792,u_4149,transaction,2935.3776019918046,1701912940.7998326
u_1791,u_4249,transaction,786.9602916199276,1701913246.7802322
u_853,u_10,transaction,378.78383775065953,1701913928.6324975
u_3869,u_992,transaction,3338.462146175714,1701913951.7179286
u_5100,u_5113,transaction,610.1719821514188,1701914298.8478463
u_3303,u_608,transaction,3676.0698296210035,1701914582.657781
u_3410,u_465,transaction,1264.693338771022,1701914651.302564
u_1365,u_525,transaction,3039.1906160825743,1701914920.3533354
u_787,u_671,transaction,4854.825879514408,1701915001.4904466
u_529,u_1222,transaction,1667.5679092276575,1701915252.758678
u_1576,u_3807,transaction,1980.6258243783934,1701915897.4271479
u_4743,u_3090,transaction,415.2470293673864,1701915911.4377658
u_2814,u_58,transaction,2330.2705635060747,1701915983.8078961
u_1470,u_196,transaction,866.7031575479065,1701916232.742217
u_305,u_6,transaction,12995.318797336233,1701916490.5020459
u_507,u_2930,transaction,957.7986813649501,1701916745.3452165
u_55,u_3063,transaction,520.5309894026188,1701916769.7269986
u_1435,u_930,transaction,1574.455406764784,1701916785.7212656
u_1522,u_28,transaction,2761.4408622292462,1701916820.4984338
u_288,u_99,transaction,267.42540690010105,1701917476.3780184
u_2467,u_377,transaction,1643.4217052072377,1701917941.198517
u_34,u_3062,transaction,955.5241286559625,1701918211.699738
u_1573,u_2300,transaction,2501.7812059307994,1701918719.947664
u_285,u_1138,transaction,3107.154790903796,1701919445.9711566
u_4745,u_279,transaction,4681.183512837351,1701919496.9649487
u_3706,u_1071,transaction,2796.169643691634,1701919986.5442412
u_784,u_794,transaction,1125.7003484811182,1701920858.862416
u_270,u_594,transaction,1360.1829554470983,1701920983.3359673
u_1067,u_1326,transaction,5751.664370987333,1701921123.953172
u_129,u_3171,transaction,1040.3443532409558,1701921225.5017958
u_1901,u_150,transaction,1715.1312580873014,1701921464.3524435
u_319,u_977,transaction,2236.2911380068986,1701921525.7757068
u_515,u_454,transaction,1006.4728565420396,1701921602.8322945
u_3731,u_1413,transaction,5737.011830365088,1701921786.7220016
u_116,u_1497,transaction,2014.2131880402017,1701922097.8148842
u_3851,u_12,transaction,1337.3163918280611,1701922168.2825403
u_2595,u_730,transaction,9027.82945578717,1701922304.2828524
u_356,u_156,transaction,736.8177790392415,1701922312.5749843
u_284,u_10,transaction,2457.6996078900647,1701922517.7777245
u_1308,u_2744,transaction,432.61951438605826,1701922824.0680242
u_4671,u_3303,transaction,6179.4249903428245,1701923200.1494787
u_4703,u_3014,transaction,2361.4952215877183,1701923295.276471
u_980,u_411,transaction,1213.8528155398926,1701923346.8448765
u_30,u_316,transaction,912.466250939071,1701923585.21885
u_99,u_1226,transaction,634.6597428940244,1701923953.6654282
u_4219,u_3451,transaction,2195.373852283405,1701924000.795366
u_30,u_228,transaction,9006.285109444623,1701924227.8656404
u_4757,u_1703,transaction,1475.1852570980077,1701924469.3288941
u_2769,u_902,transaction,378.9688997898506,1701924924.6904035
u_2472,u_1000,transaction,599.9171931519734,1701925066.3186455
u_1374,u_1697,transaction,256.8255568010009,1701925483.0857131
u_3347,u_3133,transaction,1870.0473958486496,1701926618.0507023
u_4964,u_4126,transaction,1508.356349643876,1701926839.369093
u_38,u_4079,transaction,5208.049632218111,1701927070.9669352
u_1510,u_3534,transaction,1582.4369081735722,1701927230.4671988
u_169,u_395,transaction,1123.0226530665507,1701927555.6294098
u_1545,u_4229,transaction,1706.2435150747956,1701927605.2026646
u_5,u_1658,transaction,2232.0337965345293,1701927670.0494165
u_2142,u_1698,transaction,1093.4916962245925,1701927855.7821958
u_2373,u_1406,transaction,1540.507527512411,1701927930.3919983
u_4797,u_2479,transaction,3950.104208558173,1701927969.9450018
u_2068,u_99,transaction,680.6541088647826,1701927985.53715
u_4118,u_598,transaction,2650.3137698618016,1701928326.0904877
u_2454,u_4788,transaction,3370.9302721903982,1701928610.2811985
u_2729,u_306,transaction,2620.5667060147766,1701928967.1646237
u_936,u_780,transaction,3405.7665229303675,1701928995.1183558
u_368,u_3487,transaction,4529.896832532764,1701929024.9270794
u_681,u_4767,transaction,2665.9400281642093,1701929184.5482285
u_1728,u_369,transaction,4516.091189945937,1701929422.0941815
u_887,u_2979,transaction,7802.472414877269,1701929718.7939827
u_4155,u_2846,transaction,641.5303077221082,1701930140.8471003
u_4229,u_777,transaction,868.5661971685303,1701930189.1725388
u_4064,u_1315,transaction,4572.613160789888,1701930558.6523848
u_1495,u_110,transaction,3830.96795267236,1701931265.9640303
u_190,u_3147,transaction,409.56762560452563,1701931576.6512525
u_3872,u_2194,transaction,689.0367269081694,1701931578.0160732
u_1764,u_303,transaction,1322.5692882977962,1701931820.653093
u_1599,u_238,transaction,434.4070000908673,1701932586.4405675
u_2624,u_444,transaction,2687.500763334584,1701932770.8949366
u_138,u_1426,transaction,1293.6522102716815,1701933296.1452196
u_570,u_3302,transaction,2024.6263764346106,1701933314.1702285
u_1030,u_153,transaction,584.2290678212371,1701933333.1881747
u_2564,u_2860,transaction,1751.944313872572,1701933517.1602309
u_899,u_1722,transaction,476.9070265392809,1701933688.4567096
u_352,u_1885,transaction,6147.839009867352,1701933888.1704905
u_2783,u_736,transaction,2559.537111647242,1701933923.967733
u_4261,u_907,transaction,1974.3086138876897,1701934254.0918536
u_4152,u_5,transaction,1668.0328061872358,1701934357.41472
u_84,u_316,transaction,232.88051580484182,1701934397.3850284
u_221,u_1936,transaction,4806.93790257639,1701934524.7725663
u_1746,u_2069,transaction,14196.460115653448,1701934632.8418078
u_841,u_706,transaction,910.4602518949438,1701935237.798646
u_2630,u_3569,transaction,1962.5281898824678,1701935255.3808978
u_4048,u_45,transaction,2740.3387860596063,1701935520.045817
u_4761,u_191,transaction,949.2381665961574,1701935937.188106
u_3922,u_3744,transaction,3164.74717169939,1701936292.69776
u_85,u_1233,transaction,867.1888616176349,1701936375.4346764
u_4511,u_1052,transaction,3721.5796172761175,1701936649.9749322
u_4069,u_218,transaction,3345.486771217206,1701936674.891684
u_261,u_7,transaction,1834.7952882509887,1701937367.2426722
u_4654,u_2036,transaction,394.51836102232386,1701937825.6420436
u_3481,u_1004,transaction,2826.720545382682,1701938074.4285157
u_67,u_0,transaction,626.9007857238365,1701938117.6533399
u_79,u_1868,transaction,3269.294681886328,1701938283.0930028
u_609,u_131,transaction,4325.639977209742,1701938604.5561624
u_102,u_834,transaction,905.142083861367,1701939470.6470673
u_48,u_891,transaction,1482.973278779062,1701939779.0070293
u_1476,u_1956,transaction,557.703056232098,1701939956.8587332
u_2866,u_3460,transaction,7083.5215884644385,1701939973.8519871
u_490,u_85,transaction,8674.842330811753,1701940247.926279
u_1017,u_76,transaction,717.2581987597744,1701940450.470813
u_4574,u_2647,transaction,867.6311465976119,1701940624.2585127
u_2935,u_280,transaction,405.54987145445995,1701941610.627045
u_2564,u_330,transaction,3383.3229852930467,1701941941.288238
u_2237,u_185,transaction,1388.0347361475856,1701941961.506914
u_6,u_1406,transaction,3340.149534543296,1701942066.8337574
u_1685,u_2136,transaction,1420.4689540151592,1701942183.3009896
u_2825,u_2583,transaction,1070.5326443629112,1701942306.3648918
u_4900,u_3851,transaction,10224.223119434688,1701942470.3488398
u_2763,u_2473,transaction,229.65928648710536,1701942516.1794047
u_648,u_4224,transaction,6499.7478950859095,1701942612.344626
u_2901,u_48,transaction,394.0202048514046,1701942723.1435373
u_1570,u_4,transaction,2263.0117063627995,1701942754.221466
u_385,u_33,transaction,259.1746889458818,1701943389.2588673
u_8,u_3286,transaction,359.6927294599303,1701943448.5441575
u_5021,u_5024,transaction,4593.270443616642,1701945141.7188845
u_4902,u_349,transaction,450.2387847680918,1701945679.6339207
u_3617,u_1972,transaction,798.7630383590783,1701945941.994436
u_126,u_347,transaction,2530.7674844267895,1701946147.1849968
u_314,u_405,transaction,1734.5597181507424,1701946151.9032035
u_143,u_1195,transaction,3741.2357846501936,1701946301.082805
u_4113,u_23,transaction,221.40054731782467,1701946350.2045074
u_1887,u_2386,transaction,3720.001400543625,1701946440.8453472
u_715,u_343,transaction,2496.1495917607963,1701946574.0334055
u_26,u_380,transaction,1476.8416897387754,1701946582.277431
u_12,u_493,transaction,2320.142032544432,1701946798.4511402
u_4193,u_1447,transaction,24090.278154615447,1701946995.953367
u_530,u_555,transaction,4283.576132226179,1701947311.2581909
u_1268,u_4788,transaction,446.26884942763274,1701947522.913573
u_296,u_765,transaction,856.6905043554153,1701947827.0870264
u_1932,u_4717,transaction,3025.6571788500296,1701947893.8665159
u_838,u_4496,transaction,1646.4287236430287,1701947948.3205523
u_3547,u_2954,transaction,1872.9379101944282,1701948077.490433
u_1976,u_3893,transaction,6053.3446355586775,1701948503.9605281
u_4113,u_1527,transaction,2231.218304636212,1701948624.2918851
u_3023,u_20,transaction,1317.274955506494,1701948820.7032697
u_1727,u_758,transaction,3761.195367621978,1701949134.5345817
u_4,u_3250,transaction,1777.554683564553,1701949236.7320814
u_108,u_176,transaction,2165.2801927300816,1701949731.1739383
u_486,u_960,transaction,3520.1879851683416,1701950136.3123598
u_2792,u_4735,transaction,1458.3269922183922,1701950235.0134938
u_2846,u_1210,transaction,1638.2958549252446,1701950643.6292725
u_1662,u_3185,transaction,3037.7463293412616,1701951087.384789
u_2795,u_152,transaction,4219.288019975778,1701951486.4160736
u_1113,u_1197,transaction,5416.581585133481,1701951729.9781349
u_76,u_4164,transaction,2608.676402214747,1701951930.4579961
u_1980,u_878,transaction,10901.603872678597,1701952314.8558478
u_95,u_265,transaction,150.28646527304903,1701952743.2446816
u_1375,u_279,transaction,1742.303213714914,1701952823.1032016
u_1727,u_2841,transaction,870.4790778503362,1701953259.3648539
u_1561,u_1315,transaction,944.1025305815525,1701953376.856157
u_2602,u_2830,transaction,986.7181736026583,1701953497.8039286
u_1977,u_368,transaction,1157.5445648144278,1701954056.1533475
u_946,u_95,transaction,1215.371030256522,1701954070.3762238
u_488,u_54,transaction,1143.4176221178377,1701954103.6657414
u_1895,u_1160,transaction,1025.1074535110456,1701954152.3726408
u_818,u_5,transaction,4731.450949378347,1701954420.4702735
u_56,u_2263,transaction,942.543428632765,1701954679.915335
u_175,u_1731,transaction,711.1574989716776,1701954758.3751104
u_753,u_775,transaction,28557.07624705369,1701954923.6795537
u_3694,u_2142,transaction,1346.877517473155,1701955338.3887367
u_3094,u_3364,transaction,1736.0952623172843,1701955347.319995
u_1518,u_1449,transaction,2701.9032798010385,1701955384.788107
u_31,u_4647,transaction,1142.9425086649082,1701955671.8047495
u_738,u_310,transaction,197.19194115496134,1701955913.2831635
u_678,u_105,transaction,1438.563153936234,1701956102.5787663
u_26,u_25,transaction,1935.4057419566798,1701956429.7155175
u_320,u_1444,transaction,3127.7429610367612,1701956812.096983
u_1879,u_1100,transaction,2401.3540094074488,1701956998.0410383
u_3532,u_4371,transaction,1544.0474935142656,1701957092.820388
u_1592,u_454,transaction,1234.4353087120815,1701957600.1977527
u_2587,u_1402,transaction,2723.3992918984422,1701958149.8809268
u_3414,u_293,transaction,1022.6648237638881,1701958154.7104614
u_3262,u_199,transaction,5783.92951484937,1701958256.2390907
u_1855,u_2539,transaction,12061.417693686304,1701958341.1068535
u_1953,u_4414,transaction,11545.97957183394,1701958686.880741
u_2565,u_3128,transaction,3508.280353637194,1701958764.325052
u_3493,u_2183,transaction,954.136235967346,1701959231.036647
u_8,u_1379,transaction,1226.3001983055792,1701959663.5931592
u_1880,u_3128,transaction,8046.17918837926,1701960278.811411
u_3362,u_376,transaction,2740.2453131478514,1701960316.395937
u_41,u_744,transaction,544.4105190892926,1701960401.8948221
u_337,u_2644,transaction,677.0170245370028,1701960474.5746577
u_34,u_1859,transaction,2193.775808984342,1701960562.9328365
u_887,u_2500,transaction,781.1619391249162,1701960719.616041
u_2193,u_505,transaction,670.8916513554728,1701961411.8746974
u_3626,u_2652,transaction,793.1913671614661,1701961712.1990433
u_4499,u_1989,transaction,804.4106527494663,1701961831.0569391
u_5,u_944,transaction,273.141459818871,1701961849.6668692
u_7,u_1385,transaction,1189.2005510216827,1701961956.588929
u_225,u_91,transaction,600.4805549383123,1701962009.3813245
u_1098,u_2951,transaction,1097.2351636853896,1701962473.969542
u_369,u_4810,transaction,5533.812809015819,1701962508.9002438
u_3236,u_291,transaction,2366.828588181348,1701962606.9737167
u_10,u_345,transaction,1149.7615493777382,1701962850.5638406
u_1339,u_205,transaction,1226.7506663309337,1701963323.223593
u_333,u_360,transaction,19291.39390963656,1701963381.0188727
u_2139,u_1504,transaction,297.4118561793468,1701963597.9061399
u_2643,u_268,transaction,278.71330154801956,1701963653.6444407
u_3970,u_3076,transaction,712.655610050286,1701963899.3504596
u_356,u_1257,transaction,1726.879275026231,1701963939.0063138
u_3942,u_531,transaction,3444.7114897744364,1701964159.1170857
u_876,u_248,transaction,8219.632144080782,1701964399.3064623
u_3382,u_1432,transaction,1254.2874450702855,1701964509.8707886
u_242,u_713,transaction,1026.1871420792338,1701965241.7622292
u_3972,u_846,transaction,3159.998754773064,1701965727.1444037
u_3412,u_192,transaction,2164.773546910595,1701965855.6605957
u_92,u_4598,transaction,1481.68827983705,1701966197.3662217
u_1862,u_18,transaction,11075.0328161994,1701966362.7032351
u_15,u_89,transaction,1764.8207278915818,1701966987.3841724
u_73,u_210,transaction,3447.774333569718,1701967374.2969563
u_3658,u_1158,transaction,4270.9342960322265,1701967390.0598962
u_1206,u_153,transaction,6024.429436469695,1701967466.5420477
u_340,u_306,transaction,2553.9952624655903,1701967591.092111
u_543,u_870,transaction,978.1635214486294,1701967850.1640275
u_3282,u_2759,transaction,521.2015215716234,1701967941.0196903
u_1133,u_2310,transaction,2721.844183903722,1701968301.7018425
u_578,u_126,transaction,133.7250923980631,1701969274.7792702
u_252,u_2461,transaction,1186.5452154236389,1701969522.303551
u_983,u_1375,transaction,954.3574170791691,1701969834.1716137
u_1060,u_1057,transaction,1808.997238493604,1701970131.1604629
u_2111,u_3818,transaction,388.54741300213715,1701970397.103761
u_570,u_318,transaction,1187.7466064096282,1701970543.859815
u_197,u_4381,transaction,1299.6885086830755,1701971058.5156844
u_164,u_459,transaction,1650.1152987620658,1701972687.5031476
u_5,u_0,transaction,2209.6053352533827,1701972708.1758847
u_2819,u_533,transaction,605.1677178292639,1701973243.0260618
u_1428,u_4121,transaction,3852.835597103279,1701974308.1763709
u_48,u_149,transaction,2166.9214286801043,1701974714.4229906
u_690,u_2558,transaction,4666.398950212347,1701974746.2495742
u_4555,u_320,transaction,2233.4074266654097,1701974785.0448704
u_315,u_3636,transaction,470.9088319701923,1701974956.3451698
u_2416,u_20,transaction,1783.802811324456,1701975036.1686149
u_1966,u_142,transaction,2536.5315016972268,1701975228.9357092
u_1383,u_4449,transaction,2261.727145975983,1701975257.1783216
u_443,u_4807,transaction,4588.369995215676,1701975341.6182764
u_3297,u_4989,transaction,542.4448119056212,1701976325.6831334
u_534,u_1233,transaction,376.06999392060544,1701976326.6910794
u_269,u_1726,transaction,1695.6337146502979,1701976329.179128
u_2882,u_4284,transaction,1770.6436544313183,1701976662.319983
u_1583,u_3860,transaction,5382.888608714959,1701976902.091328
u_399,u_2301,transaction,4056.4269286764443,1701977161.6756368
u_622,u_102,transaction,3260.511067864756,1701977223.655548
u_9,u_1013,transaction,8892.50526618249,1701977503.342024
u_4751,u_3144,transaction,1746.3588292083784,1701977507.987915
u_701,u_10,transaction,4919.912833529633,1701977702.6614952
u_503,u_213,transaction,955.6698019358302,1701977780.516304
u_2454,u_3537,transaction,3355.5150885811513,1701977797.800724
u_1345,u_2581,transaction,2011.086148900808,1701977857.6867836
u_4,u_3828,transaction,1191.1007831581085,1701977887.9124107
u_1063,u_145,transaction,3139.255032353152,1701978095.6835945
u_65,u_639,transaction,13866.21575963261,1701978096.9003825
u_2058,u_3293,transaction,936.1274087431729,1701978468.484685
u_1058,u_941,transaction,551.275541835146,1701978522.476486
u_2664,u_1266,transaction,4449.438010152105,1701978528.1016793
u_152,u_3011,transaction,2338.3456481689745,1701978585.5259337
u_16,u_3068,transaction,1305.5620906809202,1701978975.583402
u_2000,u_316,transaction,384.1524484388738,1701979118.7580729
u_2157,u_184,transaction,388.4996199159878,1701979168.348825
u_138,u_4796,transaction,797.4307311064725,1701979264.4323633
u_3656,u_634,transaction,558.9872552465167,1701979566.6024725
u_502,u_771,transaction,656.7572295870442,1701980137.7540674
u_165,u_1467,transaction,1489.7156483896415,1701980182.632095
u_109,u_859,transaction,4364.010359539116,1701981465.8904328
u_1830,u_3320,transaction,1505.2274426870683,1701981922.2181485
u_4936,u_1593,transaction,2663.4338242360523,1701982130.4161925
u_706,u_4203,transaction,2599.607179388481,1701982323.6444025
u_757,u_967,transaction,5699.255700275455,1701982438.279332
u_1657,u_2053,transaction,1649.1960692403666,1701982926.1417608
u_4092,u_781,transaction,1058.5601482286422,1701983262.4475048
u_2932,u_1896,transaction,1277.2633464001376,1701983403.6954048
u_4234,u_192,transaction,3615.037775662499,1701983407.2043288
u_315,u_1713,transaction,2122.975626712761,1701983514.2036164
u_4036,u_6,transaction,4074.59169208812,1701983632.9679725
u_1299,u_4324,transaction,1424.241212297603,1701983882.5502713
u_4313,u_490,transaction,4797.339245486378,1701984445.08779
u_71,u_720,transaction,1423.7761774062656,1701984928.2600296
u_3738,u_3274,transaction,300.6228499200644,1701985060.7102728
u_1505,u_2253,transaction,1460.5132888896458,1701985099.0727723
u_1425,u_495,transaction,1981.7835170883038,1701985185.883275
u_4047,u_451,transaction,851.9814571184231,1701985190.4507113
u_1088,u_8,transaction,100.0,1701985308.2603018
u_4943,u_47,transaction,674.7039173405393,1701985349.3075483
u_3,u_29,transaction,2610.981975742197,1701985498.3381732
u_241,u_593,transaction,3528.900596235962,1701985867.4649358
u_23,u_1389,transaction,3245.4890685716396,1701986307.7187226
u_2340,u_428,transaction,1202.2193993046023,1701986560.9445264
u_180,u_201,transaction,931.2835936679392,1701986873.6702952
u_3115,u_1347,transaction,697.6263325714842,1701986906.5688076
u_5,u_2277,transaction,1719.4536784606912,1701987604.7118666
u_546,u_3347,transaction,3384.2143588340155,1701987949.8063407
u_3128,u_1052,transaction,2626.3453544399663,1701988009.8378325
u_4595,u_3570,transaction,1870.3908967190166,1701988573.2153423
u_2922,u_3502,transaction,1084.4023921286425,1701988697.9968271
u_404,u_292,transaction,6786.865416355393,1701988798.2414284
u_7,u_2681,transaction,815.9432991174906,1701989655.4069388
u_320,u_8,transaction,5883.979099883531,1701989708.7350032
u_403,u_1070,transaction,1744.7359719266133,1701990268.903124
u_1380,u_4059,transaction,3126.7173985124564,1701990421.1076126
u_5032,u_5038,transaction,2874.8782524429607,1701990565.0311804
u_4709,u_273,transaction,375.620754098815,1701990706.0148432
u_791,u_2260,transaction,590.370176398006,1701990780.2780826
u_4170,u_484,transaction,9195.143420778688,1701991187.0817623
u_4892,u_1687,transaction,981.4184036351871,1701991226.4978316
u_67,u_481,transaction,802.0543788846022,1701991293.00091
u_1957,u_843,transaction,1771.2476117271133,1701991639.277695
u_1045,u_732,transaction,6349.91965730437,1701991805.7920256
u_2453,u_1181,transaction,1722.1824787147698,1701992050.7546146
u_1038,u_400,transaction,747.0578040999125,1701992168.434079
u_1972,u_2703,transaction,1933.3136315267645,1701992550.8819437
u_541,u_34,transaction,3144.433365892259,1701992915.7243016
u_4978,u_3422,transaction,2317.4450500852704,1701993212.1892264
u_2552,u_1887,transaction,4482.8875605110015,1701993497.343472
u_23,u_2005,transaction,4115.620584642747,1701993631.6711748
u_149,u_478,transaction,3080.6371462117595,1701993919.5904005
u_4120,u_594,transaction,1389.6938192502262,1701994190.644796
u_1762,u_2396,transaction,7835.675691316092,1701994512.02705
u_756,u_2650,transaction,604.6981942947398,1701994693.4590425
u_182,u_149,transaction,2061.356055692561,1701994751.2839994
u_70,u_443,transaction,9632.212237196742,1701995289.8596988
u_1095,u_3607,transaction,961.3595451646482,1701995561.0478265
u_108,u_494,transaction,2747.3668445702097,1701995807.242898
u_4783,u_933,transaction,1613.898304205567,1701995829.9434242
u_4632,u_313,transaction,922.5067269645596,1701996512.5354528
u_303,u_54,transaction,4901.348094855626,1701996524.2384458
u_1035,u_248,transaction,1409.4123949580235,1701996552.9229062
u_1189,u_3485,transaction,555.697038315617,1701996814.7529125
u_1270,u_2181,transaction,1409.5641914543066,1701997248.018025
u_38,u_1200,transaction,3824.880702477388,1701997432.5296578
u_304,u_3948,transaction,4596.574383082394,1701997445.5515015
u_4561,u_1071,transaction,2758.479698035941,1701997623.4414392
u_402,u_6,transaction,2673.675314758633,1701997742.0098617
u_1305,u_3513,transaction,14738.545363543493,1701997940.4214706
u_337,u_1299,transaction,2345.659407948552,1701998058.4420085
u_27,u_420,transaction,992.4519577329693,1701998129.6937938
u_704,u_22,transaction,436.0453668753389,1701998158.4520218
u_81,u_422,transaction,2109.1321566214538,1701998217.5274243
u_635,u_1750,transaction,522.298584086378,1701998632.9800737
u_62,u_689,transaction,1308.876294105442,1701998881.33775
u_803,u_748,transaction,7273.568379448351,1701999014.2110038
u_4096,u_1532,transaction,6968.359464568734,1701999507.9564936
u_44,u_2228,transaction,1106.3772886152335,1701999635.4955816
u_225,u_114,transaction,1338.2796875128265,1702000043.28951
u_28,u_4722,transaction,3062.4832681099424,1702000256.781302
u_4506,u_801,transaction,1335.5717498632137,1702000513.8091514
u_136,u_146,transaction,2906.4806594534366,1702000714.8987627
u_39,u_41,transaction,365.7227922170392,1702001086.272466
u_1165,u_18,transaction,5759.440301023335,1702001283.416342
u_82,u_2261,transaction,504.3403935750648,1702001311.624442
u_2364,u_269,transaction,2347.380423971875,1702001549.6670787
u_1051,u_2250,transaction,447.73914526863877,1702001974.0075083
u_1424,u_3033,transaction,801.1028418971752,1702002030.082329
u_238,u_2564,transaction,2530.431101425565,1702002398.9270883
u_80,u_1921,transaction,1241.8609991510866,1702002410.0273612
u_2323,u_3811,transaction,1162.2941805057567,1702002575.1963468
u_5012,u_5013,transaction,4051.270603747564,1702002612.3318717
u_1235,u_487,transaction,1657.250650860785,1702003000.012905
u_722,u_122,transaction,3538.0820886756387,1702003077.3244
u_3901,u_411,transaction,1684.9669391995835,1702003248.6571698
u_1589,u_3375,transaction,3264.11626387815,1702003543.365551
u_3084,u_2079,transaction,2737.4247654016494,1702003810.8819332
u_3082,u_1590,transaction,661.61570014832,1702004917.5682988
u_1984,u_1955,transaction,1304.1760649306786,1702004996.7955601
u_1086,u_1746,transaction,1692.3398642208583,1702005051.1941817
u_131,u_1442,transaction,5338.452275457863,1702005335.4966266
u_157,u_1640,transaction,1635.2063436381063,1702005443.0014584
u_2362,u_3480,transaction,1955.8438765983378,1702006786.9147785
u_3,u_34,transaction,1364.6761720516179,1702006792.2505803
u_235,u_2299,transaction,1506.9445698154157,1702006799.4905913
u_1834,u_2816,transaction,6853.751651389811,1702007315.6265926
u_88,u_18,transaction,2937.6343910576393,1702007851.5541234
u_1677,u_2632,transaction,775.5447599910632,1702007952.1131399
u_155,u_3218,transaction,1232.9720201230443,1702008490.4757586
u_1891,u_2676,transaction,967.2309501116463,1702008657.2357745
u_647,u_2421,transaction,12687.120763677338,1702009069.1017199
u_1057,u_2906,transaction,8871.348318644992,1702009255.393952
u_198,u_138,transaction,2230.5607896581087,1702009289.6406074
u_4182,u_547,transaction,5400.136702563497,1702009650.737938
u_495,u_2002,transaction,498.8945328243018,1702009850.262615
u_4270,u_2795,transaction,7316.1850790027565,1702009919.1168468
u_751,u_5,transaction,954.7162489900098,1702010264.6244116
u_117,u_4684,transaction,2350.918375782808,1702010333.8404088
u_1096,u_1897,transaction,503.1907202694191,1702011538.8876984
u_1676,u_3876,transaction,2503.8324493618948,1702011630.2375085
u_3455,u_572,transaction,1695.6405240232077,1702011687.5120485
u_3920,u_4714,transaction,1690.5711509277537,1702011991.2864556
u_1219,u_3578,transaction,3584.7731648773233,1702012044.2698617
u_4366,u_1037,transaction,5216.4145268629945,1702012186.7439303
u_12,u_206,transaction,1543.3250974776108,1702012432.8819628
u_1492,u_615,transaction,783.6075568475846,1702012738.121187
u_2809,u_1557,transaction,265.15825695768325,1702013203.4552362
u_211,u_1118,transaction,2545.8645571843967,1702013321.9667082
u_3457,u_1089,transaction,2409.378634424773,1702014078.078918
u_84,u_1252,transaction,602.6759011204211,1702014550.362086
u_1199,u_1411,transaction,8052.27354917012,1702014805.6091545
u_921,u_3270,transaction,1910.1443822788772,1702015881.5811484
u_3282,u_797,transaction,6241.316102206576,1702016234.1808412
u_9,u_7,transaction,253.52538647355505,1702016358.9525666
u_91,u_5,transaction,2043.2511169144038,1702016735.1447494
u_431,u_4086,transaction,1080.1218101216857,1702016844.7669644
u_2099,u_411,transaction,500.3321778734634,1702016891.2864342
u_3272,u_6,transaction,1227.912133226665,1702017022.2726967
u_4820,u_99,transaction,4897.9425618205905,1702017197.5900145
u_577,u_1896,transaction,5782.397500789031,1702017591.0736964
u_246,u_3836,transaction,389.5373498382445,1702017717.416106
u_3427,u_203,transaction,1707.9590117889738,1702017875.7606306
u_4,u_4255,transaction,942.1494296502063,1702018378.0185375
u_2563,u_3024,transaction,2273.497533118878,1702018414.87274
u_551,u_3501,transaction,334.5062797348222,1702018462.1463854
u_2439,u_1067,transaction,1117.8541739834027,1702018757.581982
u_2370,u_4369,transaction,321.8961169059507,1702018829.7244306
u_2839,u_4990,transaction,1997.9700206359441,1702019160.3999562
u_120,u_2245,transaction,1119.710850940497,1702019437.0126874
u_3721,u_2207,transaction,1475.0093974374201,1702019961.9889295
u_1621,u_3925,transaction,196.50730913876316,1702020370.5395641
u_4954,u_4579,transaction,1001.4273906801377,1702020442.948518
u_3721,u_657,transaction,4274.718316658063,1702020672.6712713
u_191,u_2646,transaction,3839.855250667225,1702020905.9644952
u_4179,u_92,transaction,7909.969069921797,1702021234.496193
u_4641,u_4717,transaction,1086.8472732854768,1702021860.179323
u_1044,u_797,transaction,1894.3619643842662,1702021866.1138153
u_25,u_3696,transaction,2655.024659683958,1702021935.4720857
u_1922,u_2864,transaction,305.0882470940501,1702021962.9409108
u_3761,u_1426,transaction,1518.754305674967,1702022206.5234346
u_3214,u_1584,transaction,832.4668451347807,1702022504.7112286
u_3034,u_95,transaction,267.2967459639677,1702022646.4480095
u_645,u_1019,transaction,453.9478988926556,1702022962.507309
u_3329,u_283,transaction,2710.898437966408,1702023006.5801663
u_4,u_1875,transaction,616.045529623711,1702023567.7252936
u_634,u_4783,transaction,308.45027106027294,1702023659.9909136
u_1797,u_3366,transaction,4052.6351248715814,1702024168.5928893
u_1963,u_4314,transaction,474.08858872512366,1702024497.8148782
u_3244,u_4,transaction,8644.198279964494,1702024529.7749832
u_1036,u_39,transaction,10521.626923605414,1702024816.1246614
u_2519,u_4355,transaction,2900.476595778026,1702024988.6530752
u_1938,u_1500,transaction,3590.516920084649,1702025261.5223267
u_434,u_4834,transaction,12049.675181386478,1702025783.7461877
u_2186,u_3853,transaction,1263.6449257773625,1702026066.1209683
u_2158,u_2727,transaction,655.398383157996,1702026086.3621764
u_5026,u_5038,transaction,4505.084567932832,1702026155.7951443
u_1861,u_604,transaction,825.7023309463153,1702026292.2787209
u_51,u_330,transaction,5233.594956115708,1702026458.060581
u_604,u_4018,transaction,4800.649926398956,1702027073.5514376
u_110,u_2854,transaction,46309.06316373033,1702027379.5066347
u_2186,u_281,transaction,959.4982432131744,1702027420.7940216
u_3624,u_805,transaction,508.7024128695114,1702027541.8669882
u_2084,u_3492,transaction,1467.817363220616,1702028429.6126275
u_860,u_43,transaction,1969.0729802225521,1702028549.8219838
u_28,u_26,transaction,2453.4319678451593,1702028753.626674
u_139,u_1328,transaction,659.5457018306806,1702028911.1509159
u_2202,u_4299,transaction,277.76068237629187,1702028934.8469222
u_3097,u_188,transaction,1790.3299140009274,1702029148.1274216
u_439,u_1282,transaction,29142.81344179177,1702029361.8730648
u_286,u_481,transaction,878.5408854941483,1702030378.3579888
u_424,u_252,transaction,1079.2471682841133,1702030616.720401
u_2867,u_798,transaction,405.8413041493799,1702030824.9341784
u_231,u_648,transaction,220.39407659948142,1702031031.6648078
u_3433,u_2173,transaction,1342.80743110298,1702031257.6922112
u_81,u_42,transaction,1090.629405222894,1702031411.2080662
u_2460,u_2296,transaction,2651.6084843116487,1702031442.5554304
u_2669,u_4396,transaction,860.5018516345158,1702031542.8436573
u_84,u_4315,transaction,2518.1088222520243,1702031697.6859276
u_1384,u_648,transaction,1131.013198477706,1702031987.459891
u_552,u_20,transaction,957.6275284660729,1702032421.5949292
u_4058,u_4926,transaction,558.9835446438879,1702032678.7674508
u_2242,u_1614,transaction,1914.1197299650178,1702032915.307971
u_4010,u_4600,transaction,7716.711708586134,1702033014.8241525
u_255,u_1444,transaction,8369.653164385032,1702033172.7146196
u_4380,u_937,transaction,1955.9576329537595,1702033373.269711
u_173,u_3260,transaction,2609.062937028278,1702033521.1476488
u_4596,u_125,transaction,3344.0724479655564,1702033885.097338
u_1131,u_136,transaction,1820.858111206073,1702034528.3834293
u_361,u_85,transaction,1144.0421400982784,1702034649.1330354
u_164,u_719,transaction,604.5477217782824,1702035637.3278375
u_155,u_884,transaction,1935.8893841921865,1702035783.0853066
u_257,u_3127,transaction,446.1511670429577,1702035985.0412815
u_422,u_672,transaction,3530.11317481504,1702036418.741151
u_34,u_1083,transaction,1705.42543570979,1702036563.0380173
u_567,u_3746,transaction,281.9440118746332,1702036653.7681122
u_16,u_121,transaction,5152.701445020754,1702037050.2929907
u_4453,u_538,transaction,658.129539224115,1702037444.307263
u_2158,u_570,transaction,6900.344310963368,1702037616.8379545
u_3672,u_481,transaction,2096.0727190378016,1702037639.9854655
u_1957,u_3373,transaction,3204.9292882251275,1702038173.2411351
u_117,u_365,transaction,1683.1103181984447,1702038266.324275
u_392,u_22,transaction,798.1668041750805,1702039127.620799
u_2647,u_1627,transaction,442.70906015977073,1702039682.4960127
u_3632,u_1843,transaction,1114.0325600021047,1702039827.1972399
u_1820,u_152,transaction,1399.288505059048,1702040087.3116317
u_4358,u_893,transaction,14594.130477585906,1702040369.171717
u_1270,u_2686,transaction,2519.0765555208563,1702040410.6709056
u_434,u_2074,transaction,5863.683412483894,1702040432.398639
u_3411,u_167,transaction,3574.2144523424054,1702040483.5385575
u_227,u_7,transaction,772.3822313249325,1702040802.0286107
u_2103,u_369,transaction,1842.4465662137227,1702040850.7687824
u_2740,u_31,transaction,655.5799562692666,1702040987.3261864
u_2941,u_1495,transaction,2715.81571604084,1702041117.0283773
u_51,u_4098,transaction,375.96625663729066,1702041479.9826279
u_4839,u_407,transaction,6067.33384343231,1702041594.4717953
u_31,u_2553,transaction,263.5999570434234,1702041738.9344172
u_3740,u_4,transaction,2678.235632313449,1702041753.1453562
u_2850,u_160,transaction,1261.8956172884266,1702041883.734597
u_1257,u_510,transaction,885.0539308578215,1702041929.1297061
u_779,u_274,transaction,522.0448305375285,1702042129.7851918
u_2873,u_1940,transaction,2245.5125859951377,1702042364.2763848
u_2722,u_149,transaction,3924.9744537205042,1702042933.8949974
u_252,u_219,transaction,1109.56814223002,1702043033.8049307
u_656,u_1396,transaction,1509.6125662393388,1702043139.757675
u_48,u_1700,transaction,3180.44455862835,1702043234.4171045
u_450,u_4448,transaction,2338.7528739257054,1702044499.9905412
u_166,u_3374,transaction,665.9263845124223,1702044562.6729653
u_146,u_59,transaction,3201.0181505741316,1702044897.041783
u_1330,u_167,transaction,1987.2907691207083,1702045100.521882
u_3935,u_2018,transaction,5198.374459050736,1702045143.9552014
u_2504,u_139,transaction,2713.7698040866803,1702045815.9044993
u_5011,u_5013,transaction,4029.685519144185,1702045840.7505069
u_4687,u_1367,transaction,815.6710021232639,1702047765.206208
u_1850,u_480,transaction,1448.2507512523628,1702048148.5938146
u_304,u_731,transaction,1372.1855505997912,1702048192.2295454
u_5082,u_5095,transaction,506.85153305227385,1702048197.3544557
u_7,u_4243,transaction,1314.5526344013258,1702048386.7330868
u_85,u_2404,transaction,345.55206556475736,1702048593.0636716
u_2975,u_959,transaction,2407.602562366163,1702048698.9341497
u_635,u_1838,transaction,510.80802365540114,1702048733.284465
u_80,u_135,transaction,2556.2911315022466,1702049455.4792125
u_1340,u_3494,transaction,1142.1173011223302,1702049527.6889906
u_1924,u_460,transaction,1624.5232060447468,1702049548.0625699
u_1099,u_1278,transaction,1228.9153424493536,1702049833.6554222
u_1331,u_73,transaction,2497.5843235003003,1702049922.9839323
u_2792,u_38,transaction,4579.797145678716,1702050431.8644133
u_3,u_234,transaction,10400.237321097668,1702050645.0075529
u_6,u_643,transaction,2245.706755475794,1702051141.2624278
u_15,u_830,transaction,1473.0163640835535,1702051152.6924572
u_464,u_618,transaction,11862.732821906786,1702051250.8339882
u_3497,u_375,transaction,18354.623593156284,1702051370.7565653
u_2647,u_1360,transaction,1041.21320352753,1702051371.8091812
u_554,u_362,transaction,6748.766776113325,1702051816.0012052
u_2709,u_2017,transaction,2805.9606319778127,1702051830.542723
u_4156,u_10,transaction,7246.963106335576,1702051850.362166
u_2070,u_3779,transaction,1437.425946594432,1702052210.037601
u_4125,u_485,transaction,370.8746211081832,1702052294.2827687
u_1054,u_1327,transaction,544.7215435943572,1702053079.0994978
u_38,u_1005,transaction,1590.3931352342975,1702053325.0296092
u_2113,u_1075,transaction,2307.5766830330613,1702053376.1653128
u_278,u_815,transaction,2708.669584979664,1702053556.273397
u_2328,u_1250,transaction,2559.7797114041905,1702053571.6881602
u_203,u_3755,transaction,1226.966428365688,1702053739.776261
u_230,u_3933,transaction,1503.345982411326,1702054087.8291621
u_828,u_2172,transaction,461.72903032802884,1702054535.9447937
u_486,u_68,transaction,1523.1021155725994,1702054682.780605
u_807,u_3638,transaction,2086.0941523125707,1702054691.1643772
u_4014,u_3158,transaction,1475.7987003118317,1702054872.9911532
u_1431,u_2148,transaction,2556.839024074109,1702054967.6824923
u_254,u_4967,transaction,2135.9265597721096,1702055112.0011232
u_343,u_1227,transaction,2756.6737648202343,1702055324.0071497
u_2075,u_4322,transaction,440.95514970862075,1702055549.2932248
u_2634,u_301,transaction,2989.15138235672,1702055719.2297578
u_232,u_1141,transaction,6634.160231312579,1702055806.6790137
u_247,u_2130,transaction,3441.520825212991,1702055915.8304732
u_12,u_2257,transaction,11363.749242708976,1702056010.030768
u_5078,u_5079,transaction,1314.631362581763,1702056074.1324153
u_1583,u_4828,transaction,1037.739919733217,1702056730.5082467
u_3478,u_1075,transaction,721.9991021909866,1702056999.104003
u_7,u_1767,transaction,365.90739081789803,1702057131.246363
u_2823,u_149,transaction,1811.9947528798066,1702057408.352351
u_805,u_1134,transaction,1837.8914491163778,1702057613.2726154
u_2259,u_2680,transaction,2988.418797177727,1702057615.022539
u_1755,u_1426,transaction,3241.64787063185,1702058030.02086
u_695,u_4073,transaction,3344.806034814773,1702058285.4278479
u_1757,u_22,transaction,4951.835970056498,1702058431.902118
u_731,u_563,transaction,269.09259669166374,1702058522.9045198
u_2209,u_945,transaction,1322.3470791949962,1702058594.1751409
u_59,u_4226,transaction,3339.3049741018554,1702058886.9778087
u_246,u_4419,transaction,815.6861216701723,1702059033.45045
u_1695,u_1691,transaction,2395.1267326807874,1702059038.4378173
u_9,u_390,transaction,6231.909930387194,1702059153.012201
u_2349,u_255,transaction,5051.696181261369,1702059305.6365793
u_223,u_2401,transaction,2963.215236312431,1702059575.9432569
u_1052,u_1155,transaction,739.8777038558067,1702059850.1811805
u_482,u_2919,transaction,927.2474288889852,1702059883.4863482
u_219,u_162,transaction,630.2802140064482,1702060393.4964762
u_13,u_1516,transaction,3217.7941111272658,1702060699.6404622
u_3493,u_1879,transaction,1819.6915174731912,1702060760.783041
u_663,u_1871,transaction,2101.5257450003946,1702060817.9731658
u_17,u_2268,transaction,2174.7745997742977,1702061077.469548
u_3964,u_3522,transaction,3083.113518519962,1702061105.7782865
u_762,u_2445,transaction,15495.374883826249,1702061314.1128933
u_3310,u_10,transaction,1703.7463126064258,1702061725.4178464
u_445,u_7,transaction,1852.9054030097536,1702062619.7539423
u_244,u_2488,transaction,329.67185138402476,1702062976.5434642
u_4411,u_1644,transaction,6223.533898061706,1702063398.858509
u_464,u_12,transaction,1096.4162470967774,1702063404.2687645
u_206,u_906,transaction,3667.374807576145,1702063933.2700727
u_329,u_2008,transaction,404.53665677243896,1702064131.4179018
u_0,u_1876,transaction,570.5777759192297,1702064196.0306962
u_3840,u_1993,transaction,14042.055862118128,1702064443.125077
u_920,u_99,transaction,3346.8375022744826,1702065023.5159593
u_4284,u_4919,transaction,4411.027886676324,1702065489.3698797
u_3495,u_1371,transaction,990.5827316313857,1702066304.0361512
u_3380,u_441,transaction,2104.1298172014344,1702066330.569489
u_1930,u_4334,transaction,651.2134980515833,1702066497.153483
u_193,u_34,transaction,778.6544530593886,1702066798.1739714
u_1302,u_2672,transaction,1130.2968040430385,1702066900.0141046
u_1856,u_1032,transaction,281.64945444425854,1702066927.1301656
u_1767,u_580,transaction,4311.989133377259,1702067470.660414
u_183,u_1002,transaction,323.02931126067637,1702067970.8151858
u_7,u_25,transaction,14136.898383079195,1702068019.1995122
u_1326,u_3594,transaction,1440.713840369507,1702068043.4684966
u_2294,u_161,transaction,5371.973351315907,1702068395.6416316
u_3932,u_1362,transaction,4404.505016595938,1702068660.4545696
u_1086,u_1348,transaction,529.3004180785126,1702068879.1384912
u_4595,u_1439,transaction,2597.877076885741,1702069216.4531186
u_129,u_1754,transaction,1846.5840426973168,1702069344.2443082
u_1179,u_896,transaction,5160.889058925582,1702069493.4179204
u_1911,u_1722,transaction,640.8233575340355,1702069565.1808257
u_3928,u_2916,transaction,2864.8510119369075,1702069935.9559793
u_1036,u_995,transaction,459.4239272687244,1702070185.9806945
u_130,u_670,transaction,209.9054266782736,1702070403.1015804
u_46,u_3330,transaction,1971.5785346011824,1702070612.979271
u_111,u_1754,transaction,1082.914398753378,1702070895.538297
u_295,u_498,transaction,2029.7636451423418,1702071041.691385
u_2887,u_44,transaction,1412.085004148391,1702071156.0534415
u_3189,u_2453,transaction,1819.6174050439233,1702071465.2971306
u_3707,u_6,transaction,485.19879470659873,1702071696.4260652
u_808,u_2237,transaction,1884.3262939735525,1702072115.4766083
u_6,u_8,transaction,1548.0338969667162,1702072200.8698785
u_359,u_22,transaction,5546.578401593614,1702072448.523099
u_106,u_3216,transaction,1431.948669838947,1702072668.814806
u_382,u_3934,transaction,8177.412124991827,1702072859.2456026
u_725,u_168,transaction,3312.989498904628,1702072997.915082
u_8,u_368,transaction,921.9669489203817,1702073077.8182154
u_349,u_1236,transaction,932.8211931166348,1702073524.5659556
u_481,u_2776,transaction,918.7415576582886,1702073595.8781884
u_3127,u_1575,transaction,4178.73656037718,1702073676.8038065
u_4292,u_1501,transaction,493.68422705437564,1702073951.9721406
u_496,u_1566,transaction,2536.872540065877,1702074127.5007446
u_1001,u_12,transaction,129.57401483301524,1702074140.4950585
u_368,u_4600,transaction,1590.943329877977,1702074233.5251756
u_1694,u_3559,transaction,1612.0526092305006,1702074461.0277233
u_3739,u_1,transaction,8617.163047996772,1702074604.8498764
u_2997,u_3774,transaction,486.400067804539,1702074670.5553129
u_4235,u_878,transaction,180.92432234889307,1702074676.9060762
u_3053,u_989,transaction,457.677677344457,1702074702.2450404
u_438,u_3155,transaction,2902.9185284790215,1702074800.6774294
u_807,u_2896,transaction,9229.221365838708,1702074972.015595
u_45,u_4869,transaction,1950.4288650934832,1702075180.3847954
u_136,u_211,transaction,3792.6654863041917,1702075561.250078
u_3561,u_3239,transaction,2114.7539060788204,1702075674.8683069
u_305,u_3641,transaction,3856.4222304641266,1702075778.633598
u_3735,u_2836,transaction,306.13241987596825,1702076059.4102852
u_458,u_4107,transaction,2803.084617245956,1702076127.890457
u_3740,u_674,transaction,619.7607979329451,1702076176.485567
u_2385,u_1721,transaction,2247.1833649156806,1702076204.1548386
u_5,u_2690,transaction,2812.2685122720036,1702076282.5559502
u_2314,u_3026,transaction,1152.783265886958,1702076307.762787
u_3953,u_2577,transaction,15095.563882320019,1702076613.7384892
u_4966,u_3563,transaction,100.0,1702076887.014514
u_2425,u_1630,transaction,2768.084841507345,1702076996.6362042
u_685,u_2854,transaction,15971.516148503135,1702077389.00252
u_3578,u_1549,transaction,1089.8669885399863,1702078093.236262
u_574,u_2164,transaction,18875.577353162607,1702078310.402038
u_42,u_1081,transaction,488.93200701706036,1702078315.9473379
u_1897,u_766,transaction,1759.3425383563897,1702078502.7960548
u_342,u_2535,transaction,945.8913499111372,1702078677.624611
u_3314,u_667,transaction,143.70375373664646,1702078681.4289715
u_3816,u_957,transaction,4797.370994113214,1702078746.4315796
u_333,u_1198,transaction,4284.480522036807,1702078747.7753465
u_274,u_2163,transaction,1018.8178128526749,1702079349.4895713
u_345,u_643,transaction,4310.341871952764,1702079352.052047
u_677,u_12,transaction,1595.313538267603,1702079936.714543
u_1480,u_155,transaction,234.6899148569736,1702080063.4857686
u_85,u_483,transaction,1115.7214085011478,1702080378.8802693
u_1536,u_121,transaction,2954.863291777049,1702080449.8900783
u_4382,u_3857,transaction,1079.3288447171794,1702080502.5091739
u_804,u_265,transaction,2197.388709263389,1702080770.5955207
u_4144,u_880,transaction,345.42491187098267,1702080879.3794615
u_3848,u_1811,transaction,2335.942212153818,1702081915.09054
u_370,u_974,transaction,1435.0149159677592,1702081992.272102
u_5,u_6,transaction,3243.5152698480833,1702082081.528271
u_962,u_4172,transaction,3293.0765923463123,1702082194.0190344
u_1664,u_980,transaction,315.30274560334993,1702082500.6944242
u_3415,u_2466,transaction,435.3032207929603,1702082632.5989804
u_2105,u_1785,transaction,1841.6808389862665,1702082901.7254992
u_875,u_394,transaction,1236.4048756945133,1702083134.4303257
u_51,u_120,transaction,3182.777892755896,1702083519.869677
u_3726,u_128,transaction,196.9955541360331,1702083581.3399153
u_33,u_562,transaction,5936.727718823789,1702083846.647315
u_331,u_421,transaction,560.6378235350322,1702084506.2857134
u_94,u_1929,transaction,2097.8482534679456,1702085130.0469944
u_521,u_4900,transaction,2695.1876843466025,1702085166.2856977
u_2583,u_1765,transaction,9179.04509883685,1702085347.5189664
u_3368,u_156,transaction,2509.602176534081,1702085374.0856602
u_528,u_296,transaction,1109.3437684558176,1702085459.2676494
u_889,u_331,transaction,2249.6592570319676,1702085623.4292827
u_2294,u_4872,transaction,2505.2229767747895,1702085858.9348779
u_518,u_352,transaction,906.6203336849555,1702085983.8653846
u_422,u_4480,transaction,889.7842720320406,1702086384.474826
u_245,u_105,transaction,3282.7643549805566,1702086385.2433496
u_919,u_657,transaction,750.0843347169,1702087009.7244291
u_54,u_453,transaction,4411.9303763582975,1702087063.0309646
u_5008,u_5013,transaction,644.8224267882164,1702087242.249574
u_98,u_1137,transaction,1570.966814926597,1702087554.251049
u_4371,u_1362,transaction,2421.563846992231,1702087708.3742313
u_2883,u_4034,transaction,1203.4692267180276,1702087956.0203114
u_3506,u_171,transaction,2139.2927038898447,1702088558.2613463
u_188,u_18,transaction,498.544265342783,1702088695.0166092
u_151,u_9,transaction,1007.3640498303588,1702088857.1375318
u_3724,u_669,transaction,1254.5021291495652,1702088929.7916384
u_155,u_2103,transaction,1442.630842315453,1702089361.2533422
u_2644,u_3,transaction,1106.9765686720175,1702089865.0629997
u_3748,u_1644,transaction,335.81546835719547,1702089893.1746972
u_91,u_2080,transaction,1137.7849647528064,1702089953.9010375
u_3540,u_3768,transaction,2418.4861307330398,1702090173.5553038
u_76,u_1067,transaction,1554.216309194157,1702090320.8400767
u_4,u_3139,transaction,442.5423763491132,1702090406.4499178
u_3585,u_4935,transaction,3430.7800532444303,1702090557.6837204
u_3161,u_3364,transaction,2901.6600468874303,1702090755.3769624
u_122,u_3158,transaction,2077.7906042449376,1702091223.7797058
u_3228,u_2455,transaction,776.5383592593762,1702091284.529185
u_2544,u_4281,transaction,1745.8422623011263,1702091539.583612
u_42,u_709,transaction,868.6732124936676,1702092149.096828
u_3681,u_42,transaction,241.2748465416782,1702092234.556367
u_4737,u_4281,transaction,1915.7491907418575,1702092314.0726032
u_7,u_586,transaction,3062.2276603491605,1702092507.970339
u_1410,u_65,transaction,1694.6436135286544,1702092839.8408117
u_95,u_2111,transaction,876.5863966300939,1702093463.741782
u_111,u_7,transaction,1220.01410880579,1702094272.6727052
u_4931,u_4288,transaction,1045.028777015081,1702094437.7183135
u_966,u_520,transaction,2660.801451225722,1702095238.412656
u_3046,u_521,transaction,2428.7718069838043,1702095391.7868955
u_4390,u_349,transaction,1260.210228672782,1702095567.880302
u_2705,u_112,transaction,5076.946415613029,1702096570.4046795
u_108,u_56,transaction,2732.572937101428,1702096956.4103022
u_1457,u_278,transaction,13935.264358078848,1702097082.301255
u_999,u_1246,transaction,2196.9874065805975,1702097483.73628
u_1963,u_1305,transaction,1517.1995968596307,1702098102.0647612
u_264,u_3,transaction,14756.036326158097,1702098510.231707
u_466,u_2925,transaction,3580.7391032791243,1702098532.378717
u_1235,u_975,transaction,1370.7463400297895,1702098880.6858127
u_14,u_1621,transaction,329.0232487535988,1702099150.866026
u_2126,u_3854,transaction,1413.2746236434214,1702099486.6455238
u_1789,u_1055,transaction,3827.243994328105,1702099499.3653824
u_4661,u_3215,transaction,1020.7102199471844,1702099552.3506966
u_2024,u_1932,transaction,4887.086122137567,1702099724.2870257
u_18,u_3498,transaction,1266.5170296918832,1702100420.6386924
u_2017,u_3819,transaction,1929.5163047512203,1702100719.0051916
u_894,u_1111,transaction,1226.9644118143724,1702100747.542744
u_2238,u_193,transaction,1382.2520275910115,1702101035.0743184
u_3842,u_4604,transaction,994.5917154785,1702101138.317343
u_826,u_786,transaction,1132.631311169315,1702101311.2166584
u_678,u_1221,transaction,5020.994473863794,1702101577.5964592
u_1534,u_570,transaction,1443.963358607326,1702102760.3148358
u_2084,u_2200,transaction,1937.869275815851,1702103279.6178758
u_4602,u_110,transaction,906.3802751105849,1702103475.5390058
u_4,u_4620,transaction,881.9021503907738,1702103520.8142614
u_271,u_325,transaction,3788.2261405719796,1702103580.240391
u_64,u_748,transaction,1867.10269421468,1702103593.5696294
u_2499,u_6,transaction,429.05659495777434,1702103744.469092
u_75,u_1901,transaction,837.1505591326638,1702103802.2395267
u_3771,u_2072,transaction,6681.800420766373,1702104152.8271134
u_204,u_607,transaction,4086.73246915903,1702104259.5964615
u_3671,u_634,transaction,1916.8710624306004,1702104346.743099
u_3315,u_2833,transaction,823.868178441419,1702104657.7090213
u_4819,u_41,transaction,36055.351203001635,1702105098.5395267
u_2016,u_973,transaction,1917.1767063269936,1702105453.8280709
u_1084,u_813,transaction,2501.031696561573,1702105811.7232254
u_4674,u_4138,transaction,4000.8602505698186,1702105864.6894205
u_2577,u_88,transaction,5065.710554293709,1702106358.2211452
u_5106,u_5113,transaction,1059.9907663147715,1702106770.275778
u_76,u_711,transaction,434.9514198204592,1702106897.2707655
u_106,u_3211,transaction,2251.388322648274,1702107329.2397025
u_6,u_1753,transaction,5917.70601113991,1702108051.750971
u_1039,u_3678,transaction,1879.1130616492217,1702108150.507698
u_2278,u_4,transaction,695.3807653808883,1702108159.3368862
u_807,u_3597,transaction,2647.337275855456,1702108216.4184716
u_620,u_664,transaction,1749.3065588101113,1702108364.58691
u_3653,u_2758,transaction,938.5276153107868,1702108434.3773892
u_1971,u_3987,transaction,2183.383641421083,1702108935.6076732
u_26,u_408,transaction,1125.9186310291238,1702108993.3322752
u_375,u_2135,transaction,769.7510043206787,1702109016.8898811
u_42,u_175,transaction,784.19126161556,1702109081.03726
u_3063,u_1565,transaction,1893.1670372218455,1702109189.3412566
u_2909,u_2419,transaction,3733.4239642078114,1702109473.962745
u_4054,u_2080,transaction,3881.0474271363714,1702110075.1769655
u_101,u_836,transaction,5832.3053657852115,1702110442.0053828
u_3818,u_81,transaction,2728.091695590136,1702110596.0393472
u_3393,u_1609,transaction,3154.398555191575,1702110725.9083517
u_1626,u_4763,transaction,568.8314582214203,1702110763.3454614
u_4,u_2718,transaction,1341.9076148923941,1702110777.0776148
u_211,u_737,transaction,4290.119993908553,1702110953.5124197
u_4928,u_524,transaction,926.9591950914526,1702110961.0282347
u_4050,u_4,transaction,2057.749125149965,1702111680.906402
u_2646,u_314,transaction,5064.247401469398,1702111814.502483
u_3489,u_47,transaction,1395.6919595567604,1702113388.3241067
u_415,u_3197,transaction,6228.136601301839,1702113436.2816217
u_1839,u_93,transaction,100.0,1702113641.9616177
u_1316,u_4867,transaction,411.9096304170417,1702114017.7701905
u_386,u_57,transaction,1207.9889222007102,1702114032.3833222
u_1721,u_1233,transaction,3747.863392432693,1702114573.7560723
u_3978,u_9,transaction,15664.012371948987,1702115098.4612374
u_890,u_140,transaction,1174.2438497347705,1702115363.0201383
u_2685,u_2358,transaction,1628.8695906728533,1702115419.0806215
u_45,u_530,transaction,2933.2803560219677,1702115654.5925713
u_1607,u_3651,transaction,3900.4206136994126,1702115663.835185
u_894,u_8,transaction,988.4733700660439,1702115969.6374078
u_4487,u_4040,transaction,1212.2452389841264,1702116777.0423448
u_1827,u_1290,transaction,714.2320564345288,1702117283.6763508
u_3915,u_2173,transaction,13165.83367803327,1702117382.8726013
u_138,u_310,transaction,821.1136218052898,1702117533.8880982
u_3,u_4720,transaction,532.6540710865917,1702118069.0901945
u_4012,u_459,transaction,557.2633267730729,1702118708.2238154
u_753,u_58,transaction,3912.454302220967,1702119082.363949
u_20,u_2958,transaction,1258.280011459292,1702119690.9961388
u_2393,u_3498,transaction,508.11555630761427,1702119858.364111
u_3883,u_1749,transaction,1242.8708601769056,1702119888.3866203
u_12,u_218,transaction,2423.7530702674308,1702120194.468847
u_197,u_1938,transaction,872.6533328738398,1702120398.1019955
u_1928,u_240,transaction,1860.2340296470463,1702120560.5456417
u_4831,u_213,transaction,10454.56685959418,1702120675.2867873
u_2959,u_1698,transaction,6488.954190477937,1702120879.6904528
u_1913,u_986,transaction,853.5235874716251,1702120934.1367497
u_2177,u_3570,transaction,1962.541422447752,1702121804.730517
u_896,u_4380,transaction,1068.749955185463,1702121835.7855546
u_204,u_408,transaction,1207.0138408329296,1702122003.616364
u_4023,u_273,transaction,2783.9655013960223,1702122112.1309137
u_2596,u_903,transaction,646.8252950873929,1702122179.0697742
u_2591,u_4032,transaction,576.5313408102156,1702123560.501294
u_38,u_727,transaction,3047.0877141277215,1702124429.8644054
u_718,u_2500,transaction,5107.058344599409,1702124795.2024896
u_125,u_764,transaction,2659.0144896974202,1702125182.016764
u_3213,u_23,transaction,1042.1260626876822,1702125302.7752848
u_4084,u_1867,transaction,3174.7025969597735,1702125485.4273536
u_1296,u_676,transaction,668.3593915085034,1702125571.690325
u_2902,u_1788,transaction,2086.882421273707,1702125684.4354565
u_1763,u_2694,transaction,3475.4490822516154,1702125766.5458782
u_1551,u_6,transaction,7175.784376747669,1702125768.072743
u_1380,u_1544,transaction,1002.9167350088873,1702125885.462091
u_114,u_1960,transaction,5186.9002961562965,1702126587.1962636
u_1535,u_1646,transaction,7593.799964755754,1702126721.764802
u_241,u_641,transaction,1401.1561967529249,1702126915.2712815
u_3540,u_75,transaction,14026.564257721147,1702127314.8793533
u_1563,u_41,transaction,2924.5856536178744,1702127554.6562402
u_4991,u_369,transaction,6741.295659092959,1702127816.03918
u_504,u_1196,transaction,1483.8265431174534,1702127944.411682
u_585,u_541,transaction,1315.3282041584105,1702127981.7657406
u_1843,u_671,transaction,2462.783376145266,1702128135.8708444
u_14,u_27,transaction,2752.2981784051226,1702128377.1470106
u_756,u_1076,transaction,8082.2993429514745,1702129105.8838937
u_44,u_116,transaction,2101.911594698178,1702129290.0538344
u_2937,u_3941,transaction,2549.4126787576774,1702129326.4083142
u_117,u_3858,transaction,792.6245542984617,1702129525.6422784
u_4958,u_56,transaction,409.29641596578176,1702129667.7281125
u_25,u_2145,transaction,1569.2253487357082,1702129707.9086223
u_434,u_6,transaction,305.2953751536779,1702130260.695151
u_419,u_1332,transaction,6508.989996288744,1702130325.8306408
u_1291,u_626,transaction,1738.6041968329494,1702130330.2102847
u_1717,u_681,transaction,524.3631618182923,1702130405.1884594
u_982,u_377,transaction,1123.9536104782837,1702130557.4820418
u_70,u_1255,transaction,1459.9023551701384,1702130601.2482455
u_365,u_1086,transaction,1000.9671790644692,1702130661.591629
u_47,u_162,transaction,2428.975295599948,1702131102.8045847
u_3469,u_4853,transaction,1474.1992369131399,1702131117.0858905
u_0,u_1738,transaction,2490.444725050493,1702131150.442433
u_50,u_3134,transaction,8335.939976790562,1702131266.7794018
u_2271,u_683,transaction,1920.010616848559,1702131603.2778275
u_3866,u_441,transaction,608.2934188143197,1702131716.5223668
u_2354,u_3567,transaction,7167.6636485855115,1702131983.0280569
u_102,u_106,transaction,325.98959735680455,1702132008.901365
u_696,u_2081,transaction,5071.442258569095,1702132790.2636862
u_817,u_1141,transaction,983.7878525051917,1702132791.5413635
u_295,u_718,transaction,3198.723837148553,1702133023.3816252
u_4058,u_43,transaction,2774.852616978755,1702133776.4829712
u_1248,u_4476,transaction,1653.6923353206755,1702133804.2845116
u_3441,u_703,transaction,13565.3647049142,1702134017.7045825
u_1182,u_3757,transaction,1174.4372262277795,1702134098.8509593
u_5014,u_5024,transaction,2211.0400634992598,1702134140.5228977
u_2142,u_75,transaction,2742.008714032793,1702134373.806417
u_1946,u_2455,transaction,1133.9086537530727,1702134740.6651647
u_2693,u_1832,transaction,1658.689152105212,1702135028.3197007
u_349,u_2123,transaction,409.68771882329986,1702135400.1696908
u_3596,u_1523,transaction,2178.636093428972,1702135451.7421894
u_2220,u_1969,transaction,351.4160828254078,1702135726.797108
u_81,u_869,transaction,1944.345167056065,1702135854.4896364
u_22,u_4260,transaction,3589.821714709795,1702135870.4038923
u_954,u_1386,transaction,1543.5591352192944,1702136163.4067504
u_3416,u_580,transaction,426.6971252175517,1702136185.7734745
u_2400,u_988,transaction,1449.930992701293,1702136274.9072905
u_1411,u_1838,transaction,1319.137860334319,1702136931.1354117
u_2812,u_2419,transaction,1727.4713721118367,1702137020.3881986
u_1161,u_1000,transaction,10368.116257062395,1702137214.5312912
u_404,u_19,transaction,1246.6571755003977,1702137294.6608658
u_217,u_3251,transaction,1846.9883057061018,1702137453.4735982
u_1060,u_4764,transaction,4162.71237725083,1702137852.608975
u_3203,u_3055,transaction,2199.1919031029292,1702138008.0792248
u_470,u_8,transaction,5887.818958815066,1702138512.2444885
u_639,u_1841,transaction,2049.904706978212,1702138574.6340744
u_12,u_1571,transaction,2943.3546199357465,1702139354.3301108
u_493,u_2238,transaction,2307.91187272065,1702140086.1233141
u_3146,u_1463,transaction,883.5576696626406,1702140412.7158425
u_1066,u_428,transaction,3037.508899289396,1702140819.3612745
u_81,u_4035,transaction,1794.5672818604517,1702141175.7849276
u_69,u_1144,transaction,1967.4990074432667,1702141488.819796
u_482,u_928,transaction,6215.192109240438,1702142640.2742522
u_6,u_951,transaction,9259.742618736676,1702143245.413645
u_301,u_928,transaction,4259.791681378183,1702143304.736316
u_56,u_3358,transaction,2763.258688254294,1702143664.59386
u_3871,u_660,transaction,1233.2597638808074,1702143671.2278938
u_1834,u_724,transaction,1608.7843074331997,1702144631.346581
u_150,u_3856,transaction,4747.277938387138,1702144682.1553593
u_1,u_3650,transaction,4390.905887410336,1702144971.1493714
u_412,u_4685,transaction,734.977415938396,1702145110.915196
u_238,u_4663,transaction,2523.4186070328483,1702145256.5895672
u_1429,u_1807,transaction,5228.170285245281,1702145311.1270697
u_92,u_2583,transaction,1409.46286000851,1702146017.1653523
u_1487,u_55,transaction,423.61469757426954,1702146312.8229086
u_756,u_3162,transaction,1239.6403780939672,1702146745.2056117
u_2202,u_6,transaction,1445.9581997003143,1702146753.8463414
u_709,u_1217,transaction,9698.702398781494,1702147022.7603605
u_4463,u_4600,transaction,2856.1020759296566,1702147225.9968684
u_301,u_1470,transaction,1643.6241147376243,1702147528.389554
u_2817,u_297,transaction,807.5526618959703,1702147804.123086
u_1973,u_685,transaction,6923.812674095468,1702147888.608616
u_437,u_3002,transaction,2468.3585978640804,1702148019.1908934
u_493,u_1103,transaction,771.5008902053484,1702148237.7975287
u_55,u_33,transaction,2180.826870122134,1702148978.6063423
u_1074,u_1991,transaction,2309.8944115190016,1702149119.695091
u_1968,u_0,transaction,1930.8925961689067,1702149270.1664886
u_4745,u_2263,transaction,3670.981791003102,1702149424.7827392
u_87,u_849,transaction,416.7450876369437,1702149903.1209598
u_4202,u_0,transaction,429.11374415800896,1702149960.4697666
u_4267,u_4736,transaction,3767.2717164090677,1702150097.6275408
u_2711,u_3951,transaction,104.73751669835539,1702150327.3666546
u_614,u_4185,transaction,3696.620822560927,1702150337.542668
u_591,u_2859,transaction,7300.39555138647,1702151478.816825
u_2076,u_145,transaction,2156.387878748323,1702152187.1810787
u_549,u_1844,transaction,1002.3527278858296,1702152325.547884
u_1193,u_99,transaction,1867.5752555598267,1702152559.5659518
u_1129,u_4417,transaction,2984.3262130165404,1702153695.882845
u_172,u_3548,transaction,6132.114704385005,1702153860.8681314
u_1737,u_583,transaction,942.520293010801,1702153965.8067646
u_12,u_1100,transaction,7018.04542364434,1702154102.3730252
u_2719,u_199,transaction,1429.9874834461875,1702154243.5550864
u_102,u_1230,transaction,8905.660740118345,1702154543.5838864
u_2997,u_759,transaction,4740.630501587029,1702154839.581505
u_301,u_2094,transaction,2134.225351493282,1702154845.569877
u_3804,u_316,transaction,11742.443136736585,1702154900.2714226
u_1510,u_4915,transaction,3124.711947650233,1702155031.7245882
u_649,u_3055,transaction,227.66263996213328,1702155183.4153404
u_4742,u_155,transaction,1050.0358340369617,1702155195.5700538
u_1882,u_3173,transaction,886.9416852516953,1702155620.7433302
u_2922,u_1954,transaction,9281.679649686885,1702155763.8671868
u_532,u_19,transaction,2349.7560872380777,1702155945.1046975
u_60,u_1341,transaction,1268.7578265636785,1702156053.0511281
u_374,u_238,transaction,2527.6821841896126,1702156079.242119
u_2470,u_1704,transaction,4161.075949869859,1702156339.9615588
u_892,u_21,transaction,4787.320938226306,1702156350.0667064
u_1837,u_2933,transaction,766.3524794327759,1702156875.230349
u_468,u_1571,transaction,11287.585425580617,1702157142.074471
u_403,u_688,transaction,439.1024723630848,1702157631.732767
u_98,u_144,transaction,5298.725194039787,1702157859.1826904
u_2864,u_938,transaction,1614.0782894334848,1702157931.3092928
u_104,u_3264,transaction,1346.212431045031,1702158044.3823311
u_1614,u_2051,transaction,839.9508785549219,1702158110.2177205
u_81,u_281,transaction,3494.8800859702365,1702158324.0375242
u_5020,u_5024,transaction,531.6744478013868,1702158471.8035867
u_160,u_329,transaction,2500.7832998493814,1702159075.8693914
u_3,u_714,transaction,7715.044619692281,1702159163.0657756
u_2013,u_33,transaction,3671.3100793532676,1702159529.5841672
u_83,u_2680,transaction,783.9231518761662,1702159538.5732102
u_30,u_4393,transaction,386.4033499938531,1702159877.1074686
u_2129,u_475,transaction,944.4806317569706,1702159926.6188443
u_580,u_302,transaction,1515.0835074966349,1702160066.7879586
u_901,u_4141,transaction,2852.319414926636,1702160835.7447414
u_1523,u_7,transaction,1741.980151900445,1702160896.8893604
u_3994,u_1483,transaction,1544.1872772246174,1702160953.994679
u_3515,u_1416,transaction,5031.78788456191,1702161025.0612063
u_128,u_2362,transaction,679.9784894087339,1702161114.0629764
u_2700,u_434,transaction,1220.3705233709154,1702161230.8408437
u_65,u_4833,transaction,1143.6438653772977,1702161453.9019725
u_3761,u_1514,transaction,2401.6494683232804,1702162502.4492652
u_2675,u_2564,transaction,4899.354660398719,1702162508.7384512
u_2557,u_1220,transaction,6188.574496249291,1702162807.1665373
u_1191,u_1450,transaction,9071.27739625758,1702162821.8004625
u_764,u_805,transaction,4410.928893002974,1702163053.8845623
u_911,u_34,transaction,2433.8856042810035,1702163441.3837826
u_1748,u_110,transaction,1720.7857387467714,1702163475.6048212
u_115,u_2301,transaction,1039.8406452278778,1702163573.86945
u_2875,u_2228,transaction,2227.18106985035,1702163638.4064891
u_232,u_13,transaction,2276.992674225319,1702163669.3524802
u_3015,u_4062,transaction,4492.7298646745485,1702164328.4951055
u_3158,u_856,transaction,1278.667109926621,1702164579.5169091
u_624,u_419,transaction,1231.5498896753304,1702164993.0339706
u_1739,u_506,transaction,8062.9140089732655,1702165376.5392976
u_199,u_360,transaction,1538.732475022658,1702165807.1323848
u_3796,u_988,transaction,362.31600225231097,1702165858.5744762
u_881,u_539,transaction,4138.376395477966,1702165869.5064456
u_4167,u_2728,transaction,990.0821699543509,1702166309.3934784
u_4903,u_2835,transaction,3997.756950944587,1702166488.9517744
u_375,u_2722,transaction,800.0101152767098,1702166633.0426652
u_828,u_4203,transaction,310.8272342197401,1702166809.905779
u_2450,u_983,transaction,5340.375475120235,1702167296.5183759
u_1585,u_36,transaction,1493.641291400126,1702168315.6673095
u_1691,u_2638,transaction,1410.0552207154574,1702168823.063735
u_417,u_95,transaction,3797.4891298213524,1702169127.7884142
u_3179,u_1829,transaction,4264.750978220262,1702169216.928281
u_2114,u_1573,transaction,854.7664497171985,1702169529.250093
u_1581,u_4606,transaction,2332.5821163118735,1702169910.2804353
u_871,u_300,transaction,1362.7236670542843,1702170158.8150487
u_1495,u_3827,transaction,2677.846921325693,1702170542.457438
u_81,u_909,transaction,24314.372127616996,1702170725.1834884
u_4663,u_2099,transaction,6670.691503034719,1702170755.067574
u_382,u_1654,transaction,608.6884676935202,1702170879.2433796
u_3598,u_3291,transaction,150.2315758253187,1702170968.9867496
u_4559,u_4960,transaction,4260.570661640026,1702171106.3067925
u_2793,u_570,transaction,468.9160658925134,1702171380.0056407
u_1222,u_1407,transaction,1598.5680913925214,1702171811.5723765
u_470,u_222,transaction,441.8988003194805,1702172310.352872
u_4245,u_91,transaction,579.5861588122397,1702173082.1732738
u_163,u_1098,transaction,1329.7600273046971,1702173578.461412
u_4,u_1761,transaction,2306.8938009197414,1702174355.3183231
u_539,u_785,transaction,3751.1560905563333,1702174667.6529908
u_1314,u_3385,transaction,1334.6650957209915,1702175097.85495
u_253,u_2363,transaction,520.7891704902277,1702175173.0707428
u_84,u_508,transaction,8426.54689271461,1702175405.2009978
u_4479,u_322,transaction,550.6154102743947,1702175630.3441222
u_8,u_4032,transaction,1708.5690923592401,1702175878.0034037
u_2978,u_4421,transaction,1967.3973111784696,1702175997.4517038
u_66,u_658,transaction,5114.856828091707,1702176001.0930407
u_934,u_3500,transaction,2399.5899852416233,1702176468.2450423
u_184,u_3223,transaction,930.1528267617153,1702176652.8227262
u_3913,u_1584,transaction,572.660203144187,1702176746.2394867
u_1720,u_2295,transaction,3407.2507886641056,1702176952.7998848
u_451,u_4816,transaction,674.0747247010191,1702177056.1836827
u_269,u_2949,transaction,4663.455185886058,1702177133.8956928
u_1381,u_679,transaction,4247.033323107564,1702177214.717536
u_319,u_4850,transaction,4557.974808491953,1702177558.4942038
u_3209,u_4075,transaction,4270.921420738295,1702177578.6177192
u_2856,u_12,transaction,940.7437326999183,1702177791.5520058
u_1668,u_4460,transaction,1028.9307623209536,1702178047.8173692
u_1927,u_247,transaction,591.5066885129821,1702178365.5231483
u_213,u_750,transaction,3481.5526202452857,1702178504.5204105
u_1231,u_2473,transaction,764.1130876308005,1702178971.3612442
u_3945,u_1128,transaction,13542.041284246226,1702179034.0154061
u_228,u_248,transaction,4100.145105923801,1702179192.099177
u_4752,u_1330,transaction,7284.139028681572,1702179662.7409875
u_39,u_2861,transaction,1124.456052519708,1702179893.4691846
u_2289,u_105,transaction,809.8273277464416,1702179914.8245778
u_3056,u_70,transaction,2051.6088712017913,1702180228.1721275
u_90,u_3514,transaction,3541.456662386844,1702181660.8930013
u_1321,u_2149,transaction,1151.5235165534268,1702182122.3025925
u_5,u_2879,transaction,4081.2221214581664,1702182152.8221636
u_2440,u_281,transaction,1284.5685468643674,1702182342.9109788
u_1811,u_3893,transaction,613.3505746609738,1702182358.4923499
u_64,u_390,transaction,4408.738625682086,1702183011.8904154
u_338,u_936,transaction,3707.769365947183,1702183012.909878
u_319,u_432,transaction,433.1548968543221,1702183022.579456
u_91,u_1905,transaction,621.7673995167906,1702183957.132772
u_18,u_405,transaction,5294.019174813772,1702183998.557833
u_76,u_1223,transaction,4961.541653166401,1702184005.0098104
u_912,u_509,transaction,241.07275297376796,1702184069.015981
u_1010,u_992,transaction,832.9345244558848,1702184378.0586944
u_3282,u_4719,transaction,718.8027747506422,1702184396.6982505
u_2244,u_6,transaction,717.4956290735711,1702185248.5761883
u_521,u_1596,transaction,716.3078954519864,1702185375.7608974
u_3988,u_136,transaction,7603.282992557279,1702185832.0803266
u_4953,u_33,transaction,1500.1509834925428,1702185833.5593262
u_1678,u_919,transaction,755.2425149654471,1702185918.8375325
u_3051,u_21,transaction,1112.802015907645,1702186078.9439843
u_1217,u_3554,transaction,6379.528813954077,1702186128.8239589
u_488,u_991,transaction,1770.609227399663,1702186450.7719548
u_243,u_4056,transaction,531.4992377916142,1702186698.6367223
u_1008,u_1948,transaction,1277.6957060286368,1702187219.3181949
u_956,u_590,transaction,2782.271496184353,1702187305.6275222
u_50,u_369,transaction,1628.721746357041,1702188308.8945682
u_3524,u_4037,transaction,240.485837932781,1702188749.1455147
u_147,u_447,transaction,1008.6828740264526,1702188940.8601446
u_134,u_3018,transaction,1962.2446656750028,1702189680.6254127
u_749,u_102,transaction,1097.4585597926143,1702190155.006626
u_3612,u_2869,transaction,1115.5358601833116,1702190155.7166488
u_3029,u_251,transaction,1786.4326388280901,1702190164.5826542
u_2985,u_2144,transaction,2459.7174605420564,1702190297.6939526
u_12,u_50,transaction,701.702274741998,1702190488.444946
u_3428,u_3301,transaction,3637.0190582710825,1702190522.2773476
u_4524,u_22,transaction,4723.49748271659,1702190721.5160587
u_2218,u_1108,transaction,12924.977550995736,1702190832.8582108
u_358,u_4900,transaction,1016.7455557699348,1702191417.5690591
u_3254,u_4,transaction,843.2599061308367,1702191436.5225306
u_7,u_2725,transaction,3268.589745195301,1702192243.3478248
u_1148,u_3706,transaction,11004.825284646682,1702192689.5638344
u_6,u_2993,transaction,2671.4220013466224,1702192982.0809963
u_4825,u_3971,transaction,5546.747636983423,1702193084.6027951
u_3761,u_3551,transaction,100.0,1702193578.0616643
u_172,u_736,transaction,2623.0826067577427,1702194080.8946693
u_1171,u_65,transaction,1101.3522846372302,1702194382.330966
u_4556,u_4777,transaction,1775.9753127761974,1702194730.3084435
u_48,u_372,transaction,1480.0020408347816,1702194996.285326
u_1118,u_1190,transaction,622.6395801671811,1702195057.8325925
u_161,u_2836,transaction,1241.8609928819294,1702195137.79452
u_51,u_2457,transaction,9034.27409137997,1702195182.6834056
u_41,u_672,transaction,4760.8650339349115,1702195312.824764
u_1183,u_957,transaction,2242.6119293843417,1702196006.1305027
u_1064,u_3376,transaction,637.4158735905118,1702196072.139842
u_4906,u_113,transaction,1413.6602077282898,1702196574.795198
u_1975,u_1130,transaction,1197.24606794151,1702196618.7510142
u_4131,u_1168,transaction,1290.9128376799,1702196764.3403301
u_2047,u_4197,transaction,3084.6943719586925,1702197398.0467136
u_35,u_2555,transaction,1611.9465279039605,1702197464.0858712
u_2675,u_131,transaction,8044.0548447177525,1702197666.8830528
u_4258,u_947,transaction,866.0445464268767,1702197853.2824278
u_2369,u_741,transaction,1783.1954917802718,1702197919.409217
u_1632,u_1662,transaction,2565.538597897595,1702198709.3474767
u_3338,u_3636,transaction,1987.476543943394,1702199191.9938345
u_2953,u_824,transaction,1791.6298286372905,1702199616.9277136
u_4604,u_1101,transaction,1169.3581299555185,1702199850.8914998
u_1379,u_4133,transaction,1997.8488687869205,1702199901.1739845
u_1917,u_1575,transaction,1263.9658609331805,1702200771.082763
u_1227,u_3080,transaction,2749.1601245343104,1702200956.750662
u_399,u_4351,transaction,4895.382465408679,1702201165.9553528
u_2999,u_10,transaction,1265.1814115169054,1702201201.0156999
u_5,u_2055,transaction,3372.891943507549,1702201834.8880224
u_3677,u_3225,transaction,8067.28066827958,1702203181.8229933
u_2338,u_161,transaction,497.7207119150655,1702203728.3675158
u_2996,u_287,transaction,3528.59412158292,1702203963.975811
u_1372,u_766,transaction,3844.086720554907,1702204007.2235398
u_2528,u_2952,transaction,1311.3874282779702,1702204237.1313205
u_491,u_412,transaction,936.9476829101499,1702204280.0721095
u_1575,u_2653,transaction,742.060806602673,1702204428.7084498
u_18,u_127,transaction,192.11306242124348,1702204454.1223607
u_327,u_663,transaction,2983.693761117685,1702204770.1412885
u_4621,u_686,transaction,2876.6159461218585,1702204871.9397576
u_106,u_907,transaction,3314.3272847921294,1702205181.7308488
u_3363,u_2555,transaction,8293.593445598339,1702205473.3363147
u_1800,u_629,transaction,716.1121125786798,1702206189.9834604
u_4,u_809,transaction,5436.874503813224,1702206602.2853534
u_3858,u_3559,transaction,688.9072866815817,1702206608.8155553
u_334,u_2198,transaction,1018.7177382329362,1702207125.2762258
u_3646,u_1780,transaction,6338.125623614985,1702207261.0137405
u_1218,u_260,transaction,5925.8397074723725,1702207477.564601
u_3571,u_2573,transaction,1141.54825418257,1702207846.7574992
u_4857,u_2682,transaction,2045.1058075761373,1702208527.6765063
u_4642,u_1220,transaction,2986.627889232489,1702209730.0586364
u_2187,u_674,transaction,5299.3709401431115,1702209752.1654239
u_3620,u_4873,transaction,1355.5156326785502,1702209954.7636542
u_346,u_122,transaction,1755.0164545423108,1702210559.516063
u_15,u_3245,transaction,400.5241961804887,1702211358.734198
u_3284,u_4161,transaction,13441.374633955369,1702211581.1900644
u_4773,u_662,transaction,1485.815930676039,1702212159.5921226
u_4678,u_2107,transaction,4175.507365757146,1702212886.732306
u_817,u_5,transaction,808.2151099354691,1702212967.30263
u_91,u_18,transaction,3374.8960979905287,1702213218.5133586
u_117,u_1416,transaction,1030.8695008066009,1702213236.9388502
u_2251,u_481,transaction,618.1134197839298,1702213581.2365718
u_2075,u_12,transaction,1047.3705590887444,1702214162.0317607
u_2750,u_1305,transaction,1707.1990037653848,1702214163.3666923
u_446,u_2417,transaction,3124.779860893874,1702214235.4465914
u_4859,u_4,transaction,1023.3653124003285,1702214379.1996217
u_3895,u_1288,transaction,663.6686348906793,1702214670.7611952
u_3905,u_450,transaction,775.4955133689725,1702214737.0076914
u_4,u_1657,transaction,929.4357688514353,1702215484.1111088
u_4192,u_1551,transaction,14086.497937579985,1702216053.5880206
u_2778,u_1663,transaction,481.50191413691044,1702216078.7962258
u_3153,u_2724,transaction,798.6408688438354,1702216167.340417
u_4437,u_2481,transaction,6322.989860790211,1702216192.3866236
u_1125,u_1493,transaction,10080.558993215336,1702216413.0727153
u_189,u_3716,transaction,1866.8431888991154,1702216535.796238
u_4285,u_214,transaction,901.7209668400352,1702217062.1189551
u_134,u_1368,transaction,3681.0744851424697,1702217180.7494802
u_1256,u_329,transaction,11681.649972156922,1702217237.5230098
u_3536,u_371,transaction,1187.2021426860483,1702217479.8415852
u_4093,u_76,transaction,4144.240599304917,1702218029.4665039
u_3512,u_1366,transaction,376.96056303216506,1702218074.375281
u_14,u_604,transaction,782.8255438563438,1702218292.384427
u_3444,u_2205,transaction,499.89640449602916,1702218356.3775182
u_1447,u_312,transaction,659.7847787796733,1702219142.4152188
u_4668,u_117,transaction,1535.9940439390264,1702219208.198004
u_577,u_4649,transaction,838.9930601803517,1702219254.8357868
u_1594,u_762,transaction,7509.722891992794,1702219383.2578778
u_1499,u_3314,transaction,1245.5399579571306,1702219520.5386431
u_4290,u_1079,transaction,1676.2834600914182,1702219633.8393352
u_2292,u_1132,transaction,9675.740842217872,1702219707.5482438
u_18,u_209,transaction,597.9302397792903,1702219784.4402263
u_274,u_3010,transaction,3040.8797364581883,1702220163.7145357
u_2493,u_3762,transaction,2829.084839348955,1702220382.9160552
u_1528,u_1175,transaction,764.51618687563,1702220390.926334
u_113,u_489,transaction,862.8396219903249,1702220506.4308705
u_4217,u_4549,transaction,4777.014032765717,1702221083.7272263
u_1371,u_169,transaction,1620.3382392188466,1702221565.1250668
u_5075,u_5079,transaction,1257.6873803945748,1702221750.7341876
u_1713,u_3037,transaction,1396.6403225980753,1702222004.5561204
u_4029,u_866,transaction,1011.6639175882019,1702222787.1095555
u_18,u_3,transaction,4741.723158487529,1702222806.6138976
u_474,u_224,transaction,603.470689820922,1702222951.793382
u_3609,u_3885,transaction,350.90510734645386,1702222965.2217484
u_167,u_1910,transaction,11661.505059242107,1702223020.7798698
u_3916,u_810,transaction,2161.438323801999,1702223218.9153452
u_2750,u_181,transaction,468.1129426737378,1702223976.7261093
u_7,u_318,transaction,5479.1408068740675,1702224214.5329547
u_575,u_2925,transaction,420.41470100035514,1702224247.8576415
u_3074,u_4964,transaction,775.6026034954275,1702224604.969746
u_30,u_2297,transaction,5262.593966477953,1702225523.8376243
u_131,u_3573,transaction,2051.4747412688666,1702225720.4438865
u_2424,u_4744,transaction,3565.796661833413,1702225760.7996306
u_706,u_3770,transaction,2039.1648825254529,1702227299.4517639
u_82,u_7,transaction,7093.0752304765665,1702227682.138404
u_1226,u_75,transaction,3192.7714637695094,1702227695.4901614
u_4301,u_84,transaction,289.85103052229056,1702227990.1081834
u_4133,u_1476,transaction,150.1556836090421,1702228154.7069933
u_94,u_890,transaction,11486.826028404343,1702228156.5661047
u_4885,u_1431,transaction,1752.7496582874353,1702228275.7231507
u_14,u_3997,transaction,1499.7124924434315,1702228378.8896592
u_77,u_3857,transaction,984.0229651240968,1702228824.5042193
u_612,u_424,transaction,729.2203316003241,1702228933.2388992
u_175,u_1659,transaction,1276.455791104275,1702229108.742333
u_137,u_3669,transaction,4007.2632753809876,1702229139.9957488
u_829,u_2607,transaction,2444.979212479525,1702229606.3752766
u_1411,u_2830,transaction,5937.340181066089,1702231040.603417
u_3271,u_2097,transaction,6729.301146413669,1702231335.7654889
u_7,u_4036,transaction,2955.5661762477607,1702231587.9442418
u_2021,u_8,transaction,997.7435746325639,1702231697.885475
u_2482,u_1587,transaction,2672.302985294599,1702231971.0311832
u_4,u_1639,transaction,17705.87592329985,1702232267.6113098
u_712,u_4176,transaction,3179.9028528635454,1702233585.521796
u_4151,u_2279,transaction,1035.4350410386164,1702233779.1056957
u_2279,u_2322,transaction,253.06425039675506,1702234263.1613178
u_551,u_3538,transaction,2608.6972741015047,1702234337.0460274
u_77,u_2506,transaction,1513.3516778113724,1702234609.0285785
u_2653,u_2960,transaction,3735.9844005512164,1702234613.9849443
u_114,u_10,transaction,2026.8287302158105,1702236106.3932638
u_3756,u_4235,transaction,306.8088354470061,1702236201.3404906
u_493,u_1047,transaction,1690.4832145271812,1702236541.5253358
u_2436,u_534,transaction,424.9561977875904,1702236750.2188532
u_1956,u_3353,transaction,3783.7338042962274,1702237104.83901
u_1232,u_360,transaction,5092.08889049415,1702237125.4975574
u_2130,u_1575,transaction,491.96718504092473,1702237637.8356602
u_4,u_4911,transaction,2205.43491666063,1702237752.3530626
u_652,u_2266,transaction,1034.0146064354205,1702237768.1846242
u_2133,u_878,transaction,2718.1036722758363,1702238149.1866536
u_1320,u_2908,transaction,961.4304916448648,1702238227.0455632
u_31,u_480,transaction,814.754168318387,1702238287.034147
u_150,u_4876,transaction,5982.725346252652,1702238387.4896362
u_7,u_4127,transaction,1230.3538766610607,1702238578.6650043
u_389,u_505,transaction,1040.4729557248484,1702239262.996479
u_198,u_898,transaction,8400.623276898543,1702239854.0479765
u_481,u_1140,transaction,376.384190370493,1702239858.478251
u_238,u_3606,transaction,1102.1691252314724,1702240072.2683074
u_1891,u_34,transaction,267.1325626671436,1702240090.59325
u_3998,u_744,transaction,1335.1784297753616,1702240260.1656055
u_144,u_3771,transaction,1459.8274658571547,1702240413.8685412
u_3632,u_1956,transaction,1440.949476345679,1702240733.0361915
u_3956,u_973,transaction,397.4832422380962,1702240770.2367005
u_3463,u_2246,transaction,20738.60890194115,1702240913.7216842
u_3550,u_2847,transaction,1150.202946208027,1702241479.1939614
u_245,u_3173,transaction,1888.6214424239488,1702242216.2884455
u_2330,u_3563,transaction,685.212270426026,1702242291.360801
u_26,u_551,transaction,1383.4821666259288,1702242314.5596638
u_1474,u_1386,transaction,8373.88619021858,1702242441.0274642
u_28,u_1616,transaction,2486.9400536388866,1702242516.109696
u_82,u_3515,transaction,627.0102436052501,1702242540.8402677
u_7,u_225,transaction,1177.3474726874829,1702242550.2080016
u_89,u_3286,transaction,935.3873533087178,1702242935.3879535
u_1952,u_269,transaction,1916.719271636555,1702243123.4101803
u_32,u_954,transaction,6562.999717352278,1702243227.6676729
u_1989,u_1331,transaction,7752.9005911116,1702243571.0781488
u_64,u_574,transaction,11847.528381659326,1702243945.725439
u_241,u_1075,transaction,829.7819514494913,1702244085.5007637
u_34,u_1121,transaction,6521.077935843637,1702244092.0966895
u_1715,u_202,transaction,627.1588461896793,1702244362.4418845
u_14,u_1471,transaction,2357.044830119575,1702244677.176035
u_988,u_2594,transaction,397.93377914654684,1702244882.4206076
u_4606,u_41,transaction,3906.759729358157,1702245161.4965575
u_2289,u_802,transaction,1952.4726676220298,1702245375.4174664
u_197,u_3481,transaction,1122.6488297370759,1702245563.2502909
u_853,u_4126,transaction,2592.1062213132827,1702245590.154433
u_2191,u_1524,transaction,1089.0454140937616,1702245680.2333837
u_1405,u_652,transaction,3324.711295526867,1702246022.0523562
u_87,u_14,transaction,397.88757828202426,1702246071.9254847
u_992,u_4737,transaction,4408.561332989315,1702246199.904778
u_23,u_600,transaction,2155.06051839583,1702246225.4040885
u_69,u_4407,transaction,12375.9888040635,1702246230.1454754
u_5030,u_5037,transaction,4825.712771187561,1702246489.6618044
u_2467,u_2203,transaction,1357.2362802753753,1702246938.2613246
u_1972,u_2464,transaction,3601.711604226926,1702247002.1742342
u_1989,u_904,transaction,1118.8261757062348,1702247209.9276617
u_245,u_4062,transaction,580.7753930309852,1702247493.1480618
u_1966,u_3569,transaction,3320.399343072634,1702247497.7985723
u_1194,u_1000,transaction,909.854463951097,1702247563.9056349
u_4141,u_486,transaction,2613.6358759630007,1702247741.4615712
u_619,u_2915,transaction,3116.8632322395842,1702247876.462606
u_2922,u_1887,transaction,3555.8771460244507,1702248364.1122782
u_602,u_136,transaction,2823.345778907537,1702248643.0363207
u_3214,u_4799,transaction,3566.618699512011,1702248963.580501
u_3993,u_205,transaction,4714.44189384532,1702249302.3794818
u_4527,u_816,transaction,7273.833616719026,1702249877.1688423
u_2358,u_806,transaction,315.54224359552205,1702250204.9476304
u_1661,u_56,transaction,1000.6735589210338,1702250260.6557682
u_1270,u_1479,transaction,1389.3292627529627,1702250561.9836297
u_1679,u_3776,transaction,810.5578633383435,1702250650.0390484
u_4391,u_2594,transaction,1082.97362098898,1702250707.6529312
u_4783,u_56,transaction,1665.4469779422025,1702250828.4520636
u_211,u_135,transaction,4127.455312599102,1702250888.2703722
u_2334,u_908,transaction,5539.6565240668315,1702251499.7560413
u_768,u_800,transaction,15620.659308116463,1702251728.366421
u_3961,u_2879,transaction,1319.3811397106642,1702251980.8034785
u_157,u_715,transaction,372.6217020166071,1702252341.1262279
u_0,u_457,transaction,6777.096417992641,1702252879.8496387
u_176,u_45,transaction,1160.6294297676548,1702252976.8274226
u_2729,u_332,transaction,1226.1728109966466,1702253206.3171134
u_7,u_1328,transaction,325.0460132988212,1702253266.6478443
u_4749,u_2844,transaction,5959.460080385111,1702254141.2036388
u_2426,u_4721,transaction,1049.8400559763325,1702254639.2678475
u_3489,u_2242,transaction,1282.6260080989825,1702254689.0325892
u_441,u_1035,transaction,6990.885763897771,1702254766.9606497
u_1746,u_58,transaction,1843.7297644202035,1702255180.467146
u_334,u_1970,transaction,2919.019769107245,1702255244.2525227
u_1074,u_482,transaction,3012.7262852401846,1702255293.734328
u_4415,u_1337,transaction,345.54143503926167,1702255484.0397887
u_3799,u_4037,transaction,1970.205254277732,1702255756.7273903
u_3091,u_449,transaction,14760.674414745123,1702255812.4127467
u_193,u_1815,transaction,5826.657044838839,1702256003.0787845
u_18,u_2562,transaction,3888.8870080098927,1702256162.1400023
u_1914,u_2595,transaction,1708.227229952813,1702256213.4011626
u_6,u_57,transaction,1065.3112531629874,1702256333.7191281
u_4027,u_3833,transaction,3458.913798133046,1702256723.4306793
u_2580,u_3432,transaction,1007.6561499377739,1702257109.673053
u_875,u_1090,transaction,2025.1405650411755,1702257740.3556592
u_1978,u_2097,transaction,2679.3187391873153,1702258313.1927323
u_1681,u_116,transaction,6560.771129158806,1702258371.807718
u_74,u_3693,transaction,1899.466176222175,1702258449.8888333
u_922,u_9,transaction,1842.3902375796117,1702258500.8291912
u_4279,u_55,transaction,16553.120991225987,1702258670.6252022
u_4,u_216,transaction,589.3987952253395,1702259214.9342172
u_4526,u_1956,transaction,902.7084479870401,1702259270.830893
u_834,u_1604,transaction,3840.43769094995,1702260000.1330652
u_2360,u_58,transaction,4676.510971544707,1702260462.0490882
u_17,u_4835,transaction,6993.948365400785,1702260999.672184
u_2303,u_1313,transaction,981.3360284145965,1702261283.7282863
u_490,u_4418,transaction,1110.7285561457275,1702261393.6179934
u_291,u_3524,transaction,2353.2457206833747,1702261556.645468
u_1550,u_3686,transaction,520.5827080040298,1702261811.599123
u_541,u_4325,transaction,5672.365640214023,1702261864.3150067
u_334,u_3424,transaction,3285.349172450379,1702261912.5595696
u_4547,u_1851,transaction,4623.787570702039,1702261983.8108766
u_412,u_1142,transaction,666.9877717647076,1702262046.5838277
u_4765,u_3196,transaction,394.5085502869001,1702262522.7783747
u_4129,u_2079,transaction,7798.736530261147,1702263061.6550176
u_230,u_1910,transaction,1336.6937596743378,1702263072.6969995
u_83,u_2194,transaction,1245.9841107538023,1702263312.4016004
u_187,u_79,transaction,2547.137214147261,1702263343.0215437
u_3729,u_349,transaction,5895.184398416126,1702263509.4322636
u_1187,u_70,transaction,1071.0813360553489,1702263878.0330126
u_341,u_3335,transaction,2743.179868939723,1702264041.9821293
u_1750,u_174,transaction,689.6892085913984,1702264352.6088843
u_37,u_27,transaction,1149.1432580047453,1702264475.8656793
u_293,u_191,transaction,3537.8346447693484,1702265038.3053296
u_2822,u_4083,transaction,1017.9166266420656,1702265449.8949857
u_748,u_4157,transaction,360.4250858216651,1702265535.2457187
u_2989,u_2399,transaction,4516.037710069835,1702266049.3115911
u_858,u_114,transaction,1347.5360455043156,1702266474.886449
u_2517,u_2848,transaction,6663.1008140556205,1702266713.2427874
u_197,u_2376,transaction,2298.9455584464245,1702267358.1953342
u_3676,u_3153,transaction,9313.837874470542,1702267652.3701859
u_241,u_4402,transaction,892.8888032813257,1702267746.4501255
u_1056,u_3306,transaction,2652.969960956508,1702267876.1330392
u_1915,u_7,transaction,2026.5730488560616,1702268247.3094425
u_152,u_1497,transaction,2671.685564910195,1702268731.7105346
u_7,u_3129,transaction,190.67445424105904,1702268838.029961
u_4,u_757,transaction,116.84634649387226,1702269564.945943
u_1284,u_3137,transaction,322.44680894597997,1702270363.7152576
u_1113,u_972,transaction,678.0438704912938,1702270429.2102256
u_137,u_4727,transaction,178.36930301361443,1702270611.2187576
u_3377,u_4311,transaction,1487.0731726346887,1702270804.7720544
u_1656,u_328,transaction,1834.4665307101104,1702271161.9083872
u_3207,u_493,transaction,2339.2855878473015,1702271405.466119
u_4340,u_438,transaction,5375.122175572699,1702271421.0249562
u_3437,u_1028,transaction,1484.8635953030825,1702271858.6033437
u_47,u_2470,transaction,300.6897152777216,1702272033.5216186
u_3221,u_164,transaction,2282.9326176414606,1702272286.1615112
u_4648,u_131,transaction,845.2533110162973,1702272408.5284438
u_2222,u_2393,transaction,486.791937534799,1702272795.0913615
u_4204,u_951,transaction,1737.2758060540048,1702273224.6154106
u_1853,u_806,transaction,8046.5853833503315,1702273449.7289064
u_1,u_1416,transaction,660.5498796018879,1702273623.590402
u_808,u_1096,transaction,5841.418962029392,1702273724.3492863
u_2621,u_5,transaction,1242.0158441299695,1702274080.4981327
u_736,u_2388,transaction,931.5365339900941,1702274482.7739658
u_2121,u_1147,transaction,2935.7928066275185,1702274500.142374
u_153,u_523,transaction,1433.2881613798288,1702274508.1588707
u_2937,u_29,transaction,4416.877808082763,1702275069.4454725
u_1883,u_674,transaction,1930.9910521924162,1702275210.533462
u_4,u_644,transaction,1958.240184906243,1702275367.4132936
u_4085,u_719,transaction,3235.7841301014687,1702275647.837947
u_2034,u_12,transaction,3618.531117616036,1702275821.5540395
u_2771,u_4539,transaction,1943.0940666109032,1702276098.3505132
u_3800,u_3111,transaction,3634.4872236242654,1702276684.346198
u_876,u_187,transaction,1435.2085803498899,1702276757.2485833
u_577,u_2634,transaction,403.10536715691836,1702276883.196704
u_3376,u_3480,transaction,2050.6280445233497,1702277301.68977
u_1825,u_1065,transaction,1637.466811894593,1702277709.815408
u_312,u_2098,transaction,561.0931721187256,1702277720.7020898
u_2560,u_4467,transaction,1322.5577503582433,1702277841.2626464
u_3709,u_2335,transaction,3663.1507393475495,1702278419.2381163
u_3746,u_1156,transaction,489.13093666278877,1702278956.0651605
u_88,u_26,transaction,893.9557787433783,1702279662.7710898
u_1256,u_1125,transaction,815.8922800271399,1702279910.5649266
u_1397,u_883,transaction,833.002943634922,1702280018.6946504
u_2073,u_1099,transaction,6466.746661795739,1702280175.3222923
u_47,u_1720,transaction,4469.1881156130885,1702280402.3195422
u_3,u_2523,transaction,1712.4924022465502,1702280518.255605
u_3647,u_1278,transaction,9854.888227431817,1702280728.3579712
u_227,u_97,transaction,2583.7974767625237,1702281263.9990115
u_465,u_1839,transaction,1563.4505954129565,1702281268.3908625
u_230,u_674,transaction,12626.194722130878,1702282604.168499
u_1272,u_697,transaction,540.7615112351959,1702283061.1652775
u_3251,u_245,transaction,2192.1794983485934,1702283828.243148
u_750,u_2819,transaction,5654.746458788079,1702284203.8501704
u_3907,u_2001,transaction,765.3907487655686,1702284637.5401502
u_431,u_1028,transaction,11156.435522734599,1702284832.6628866
u_58,u_430,transaction,364.9385179772538,1702285282.8591974
u_2474,u_1162,transaction,4733.891572409436,1702285808.6371014
u_152,u_523,transaction,3414.295744025109,1702286026.0653837
u_1363,u_2194,transaction,1328.8091847795624,1702286064.4711516
u_119,u_1449,transaction,475.6373248752315,1702286066.6978621
u_22,u_1089,transaction,1285.5051949119684,1702286516.1294742
u_821,u_2958,transaction,1575.9731155333693,1702286816.151194
u_1130,u_2213,transaction,8266.380334374788,1702287136.7678618
u_3506,u_3,transaction,3636.6871413159333,1702287147.0187557
u_239,u_1105,transaction,302.96719570409783,1702287402.902817
u_2768,u_50,transaction,850.6794738362058,1702287444.286472
u_886,u_1392,transaction,5002.341925426597,1702288183.6445963
u_1819,u_695,transaction,507.75619567724385,1702288326.1697931
u_1851,u_1114,transaction,1568.1008477021064,1702288350.1649761
u_1530,u_547,transaction,2132.904724417015,1702288955.2109895
u_3530,u_142,transaction,2320.2209279358176,1702289015.175188
u_2621,u_3727,transaction,273.2400486477082,1702289896.6992188
u_4817,u_226,transaction,1502.239601323665,1702290225.8823438
u_766,u_4667,transaction,4745.023355201004,1702290345.0606122
u_2798,u_125,transaction,1174.9769387385754,1702290578.226406
u_22,u_1817,transaction,6700.015839183717,1702290748.8935578
u_9,u_851,transaction,1850.8221313058968,1702290871.0832877
u_242,u_3377,transaction,15757.25334063327,1702291666.190352
u_2794,u_9,transaction,989.6740983883683,1702291720.8400013
u_567,u_2313,transaction,3157.9901025578283,1702291885.0006573
u_13,u_59,transaction,3869.368731764544,1702292064.9491107
u_1028,u_1128,transaction,7346.720674565582,1702292126.4023995
u_521,u_2921,transaction,825.7123587177616,1702292259.090498
u_4220,u_748,transaction,974.4172025609545,1702292323.5755315
u_4537,u_486,transaction,3040.7851014145317,1702292683.1888688
u_275,u_1567,transaction,10210.47702855713,1702292687.537781
u_2318,u_313,transaction,19569.226439460235,1702292696.172724
u_158,u_520,transaction,2360.9477261732413,1702292937.2682843
u_106,u_2290,transaction,2280.271827335542,1702293795.4504492
u_2751,u_4041,transaction,1227.0524217816985,1702293924.5036736
u_2040,u_3585,transaction,5348.12082375033,1702294069.1001234
u_6,u_672,transaction,1459.6213069728076,1702294079.7600675
u_409,u_454,transaction,6116.601138450245,1702294293.1470912
u_1878,u_108,transaction,1280.2815511354822,1702294350.8280053
u_2268,u_1122,transaction,167.5980143001515,1702294384.5871904
u_3649,u_4604,transaction,4741.397337985455,1702294505.0438187
u_10,u_2703,transaction,6828.998569832179,1702294623.8264925
u_206,u_865,transaction,3645.22270853281,1702294763.223506
u_373,u_2717,transaction,800.5622927912156,1702295017.597779
u_7,u_2701,transaction,8687.39659388016,1702295149.1785345
u_469,u_76,transaction,9942.682110640702,1702295579.1571045
u_371,u_1950,transaction,2923.6460348460937,1702295844.2843957
u_1619,u_7,transaction,9047.9453745561,1702295993.2456894
u_26,u_2873,transaction,4990.148220514308,1702296525.302972
u_1679,u_1745,transaction,1865.7079642328729,1702296973.6282623
u_2632,u_1854,transaction,1355.5480630042737,1702297021.141542
u_2194,u_1592,transaction,1114.0596079989202,1702297107.8113804
u_1583,u_23,transaction,1273.1148244839103,1702297433.8931742
u_1158,u_1883,transaction,4061.325585677667,1702297440.664197
u_1303,u_1444,transaction,3940.0019748078234,1702297755.5556388
u_2023,u_138,transaction,3366.3080539400194,1702297767.7700553
u_1063,u_1795,transaction,1376.7146874976931,1702297901.3347943
u_3300,u_203,transaction,1002.7962232388315,1702298033.9529476
u_4949,u_1818,transaction,5547.100663815846,1702298105.7178688
u_278,u_190,transaction,812.3744958303533,1702298245.812292
u_661,u_165,transaction,13260.107266252646,1702298296.36172
u_1147,u_898,transaction,1238.9160226239737,1702298747.1186097
u_2314,u_20,transaction,495.1799480574708,1702299529.1040914
u_2589,u_304,transaction,2411.558187294661,1702299689.150343
u_402,u_2641,transaction,1803.701387776319,1702300090.930567
u_908,u_4691,transaction,1114.7008618494249,1702300094.0721524
u_2034,u_1384,transaction,2955.7439185611556,1702300519.1736672
u_981,u_4996,transaction,216.17846117184473,1702300699.0438454
u_2840,u_37,transaction,1729.164231908606,1702300952.286623
u_291,u_244,transaction,1745.8756422675556,1702300996.607135
u_2052,u_615,transaction,10167.624181031808,1702301221.6312215
u_3732,u_1012,transaction,855.3523278768079,1702301324.1114616
u_4173,u_3251,transaction,2674.9822291790074,1702301402.018693
u_872,u_64,transaction,438.66285793453073,1702301410.721087
u_2809,u_1886,transaction,4046.366928464761,1702301511.3560345
u_2064,u_4921,transaction,496.1401544380974,1702301543.946169
u_4097,u_853,transaction,5151.043190608451,1702301567.9300842
u_148,u_98,transaction,884.2115029402258,1702302012.658313
u_95,u_750,transaction,963.6581411058454,1702302195.5430224
u_3654,u_10,transaction,872.7155626392022,1702302488.5453625
u_4630,u_2134,transaction,10280.30271051246,1702302681.2376904
u_2842,u_2903,transaction,7410.7899638941135,1702303172.6691198
u_546,u_1791,transaction,391.6039686274787,1702303225.616722
u_18,u_3494,transaction,4050.827264836567,1702303300.3181198
u_217,u_360,transaction,2957.2476908057793,1702303400.150251
u_0,u_2249,transaction,293.5420132303852,1702303423.0098414
u_4221,u_1061,transaction,2213.3896718360656,1702303669.967865
u_1540,u_983,transaction,289.5470347690091,1702303903.2037868
u_3473,u_961,transaction,531.4519167642184,1702304020.8605766
u_259,u_918,transaction,3085.124257399953,1702304095.954916
u_189,u_4042,transaction,682.196902674496,1702304205.0505779
u_281,u_1464,transaction,1363.5872951284582,1702304216.0215507
u_147,u_3246,transaction,4403.071887133707,1702304411.5657744
u_397,u_1109,transaction,378.04986562364155,1702304460.4706123
u_4026,u_3804,transaction,442.7576424769003,1702304553.3809555
u_12,u_3298,transaction,2884.9193256820863,1702304625.4086983
u_3103,u_1656,transaction,212.42078017482635,1702305193.140223
u_315,u_4090,transaction,1122.286655184836,1702305494.420722
u_3373,u_9,transaction,1846.03192243889,1702305541.6053832
u_116,u_821,transaction,311.4567591228504,1702305719.713997
u_2662,u_6,transaction,1954.7301231753179,1702306240.136677
u_33,u_2620,transaction,3383.068318873573,1702306330.5876172
u_3027,u_152,transaction,400.80488665963355,1702306430.2180295
u_2535,u_1298,transaction,10997.429541408688,1702306554.1545727
u_4365,u_2310,transaction,2426.546007284345,1702306976.8059025
u_1540,u_1856,transaction,4510.11154146947,1702307387.5297334
u_617,u_32,transaction,1008.5590080962361,1702307391.7231722
u_415,u_25,transaction,386.2748090943556,1702307827.0068138
u_433,u_95,transaction,2750.697987313969,1702308367.550779
u_999,u_22,transaction,598.925494318417,1702308869.3620956
u_301,u_580,transaction,706.3401348552518,1702309588.8386796
u_430,u_4363,transaction,1553.163156468014,1702309755.3018694
u_4111,u_488,transaction,3205.012955998201,1702310112.023094
u_3903,u_1510,transaction,8741.838572406537,1702310452.4383402
u_4713,u_213,transaction,2719.3166953307646,1702310879.940709
u_138,u_431,transaction,1105.9257665534046,1702311276.1172194
u_886,u_214,transaction,812.1333849366739,1702311437.3016815
u_71,u_361,transaction,2487.8508651914253,1702311639.1418517
u_583,u_3897,transaction,2347.838816003902,1702311823.9128733
u_784,u_2042,transaction,1919.1360118578268,1702312432.3722758
u_492,u_56,transaction,879.6683217520199,1702312525.2590156
u_4754,u_899,transaction,3335.8032836648313,1702312655.5263405
u_208,u_4366,transaction,3457.4286735650717,1702312757.0776486
u_3575,u_1642,transaction,2424.4307567295405,1702313222.4606407
u_4088,u_2119,transaction,2056.2052480384496,1702313239.9261093
u_4673,u_1391,transaction,2081.7885845448927,1702313322.7227123
u_1908,u_3076,transaction,1154.363417552288,1702313420.1105444
u_3767,u_137,transaction,3642.0787376913922,1702313648.9228122
u_837,u_1722,transaction,461.22496574135477,1702314372.5734177
u_444,u_1041,transaction,603.5665756564848,1702315011.743592
u_1811,u_369,transaction,786.772154566953,1702315152.7686667
u_2138,u_93,transaction,809.6205862001949,1702315832.7925065
u_1207,u_2369,transaction,796.0575950899915,1702315951.2877991
u_4668,u_968,transaction,1596.7318456878018,1702316046.1514754
u_21,u_4844,transaction,7116.005727134486,1702316775.1591425
u_291,u_2835,transaction,300.60831354814565,1702316819.6211703
u_223,u_1522,transaction,2419.65194594148,1702317754.2520065
u_304,u_3021,transaction,974.2178850961476,1702317995.2681658
u_939,u_1335,transaction,783.7810782117485,1702318371.5176346
u_896,u_3703,transaction,1547.0448195446832,1702318500.467006
u_4938,u_1564,transaction,2344.629785074826,1702318663.8510165
u_4168,u_1364,transaction,4087.697828889015,1702318767.3876154
u_724,u_3965,transaction,127.50708567234464,1702318954.594505
u_3252,u_0,transaction,2686.030631352881,1702319058.8529232
u_1860,u_1047,transaction,882.6986396243038,1702319266.2928953
u_3701,u_717,transaction,1013.880443238944,1702319326.0915759
u_162,u_2105,transaction,3577.2112023328223,1702319416.9234843
u_340,u_1862,transaction,629.4788938704612,1702319572.5363336
u_3798,u_269,transaction,2033.8939130945605,1702319679.12395
u_3738,u_989,transaction,3151.8415436923333,1702319939.0064907
u_1117,u_47,transaction,275.80982529406896,1702320077.3210382
u_197,u_708,transaction,3733.4790042448,1702320306.633396
u_47,u_1947,transaction,1449.589694658629,1702320687.942995
u_98,u_141,transaction,900.2169340240166,1702320765.4386132
u_984,u_1126,transaction,381.49752142996664,1702320853.8679674
u_2439,u_81,transaction,2968.47912355345,1702320969.85592
u_3533,u_384,transaction,1467.523593300567,1702321285.4392667
u_4,u_84,transaction,1571.247142197711,1702321317.6969795
u_5028,u_5038,transaction,1445.2279340276916,1702321331.7659235
u_3969,u_306,transaction,1767.9287595603419,1702321458.0307045
u_345,u_7,transaction,1692.987060101485,1702321628.9448924
u_2964,u_936,transaction,1111.3922768692346,1702321669.6328022
u_238,u_1229,transaction,1221.6862555502,1702322093.9396129
u_3861,u_1380,transaction,1065.2313905365934,1702322767.5940912
u_7,u_4651,transaction,3424.326772642088,1702322897.2324016
u_3474,u_1449,transaction,1612.4783596392876,1702323102.744898
u_4936,u_2059,transaction,239.4156972338587,1702323266.661439
u_1027,u_418,transaction,471.32575962242464,1702323428.5745218
u_3854,u_720,transaction,1629.759139325264,1702323489.7956982
u_6,u_3333,transaction,9969.939647817957,1702323523.6950233
u_1704,u_4567,transaction,2892.985194798134,1702323757.3344476
u_16,u_163,transaction,9190.80599845583,1702324217.7097857
u_101,u_454,transaction,2006.9188962136022,1702324359.4844382
u_102,u_2480,transaction,275.021641777113,1702325271.6858015
u_1981,u_6,transaction,4401.192454711014,1702325341.9294465
u_2449,u_2568,transaction,1630.3291568841582,1702325714.9271038
u_437,u_4024,transaction,2750.9610665628375,1702325880.8921635
u_1715,u_4106,transaction,8193.979286745689,1702326012.6800606
u_4348,u_1111,transaction,2464.6885022277093,1702326490.46557
u_1121,u_1558,transaction,2848.946045917745,1702327163.9044857
u_348,u_3,transaction,751.4595734312855,1702327208.1507351
u_1057,u_2747,transaction,4596.856927657133,1702327360.758514
u_1628,u_59,transaction,2358.729084984036,1702327734.1643019
u_4995,u_56,transaction,1919.6723013591295,1702328098.1805444
u_4597,u_328,transaction,1869.5321062385979,1702328541.4885375
u_1233,u_4430,transaction,4075.9621932224427,1702328684.1097653
u_1922,u_1678,transaction,1466.4860657800073,1702328726.4769394
u_1058,u_795,transaction,889.1011492864083,1702328726.8659635
u_4772,u_87,transaction,1076.996018735292,1702329551.0212684
u_369,u_4620,transaction,8381.043512736205,1702329869.2567046
u_1583,u_3246,transaction,2500.7356060984816,1702330957.148243
u_4095,u_884,transaction,1108.3035207687708,1702331053.1267965
u_353,u_34,transaction,196.8434850128674,1702332143.9163878
u_2815,u_416,transaction,8651.81175322829,1702332206.607474
u_3912,u_709,transaction,835.6651901426947,1702332865.9782734
u_395,u_2781,transaction,610.4841245615413,1702333080.340882
u_1402,u_3477,transaction,7684.632883877195,1702333267.823917
u_129,u_294,transaction,5652.643332129268,1702333358.6642106
u_580,u_1042,transaction,5425.019929200125,1702333983.4856377
u_3206,u_2279,transaction,475.05543366832956,1702334314.5549169
u_660,u_3926,transaction,2163.8022901205027,1702334376.6104963
u_287,u_3559,transaction,297.7151650503609,1702334559.10604
u_610,u_1557,transaction,1139.9423267079055,1702334639.5482585
u_12,u_277,transaction,4503.545806757461,1702336010.4447021
u_1728,u_1313,transaction,8497.312375230224,1702336892.1471567
u_84,u_1014,transaction,1104.2008919182238,1702337411.274306
u_349,u_1001,transaction,218.17694348469652,1702337995.1170578
u_3503,u_2137,transaction,4374.99185679802,1702338593.104581
u_803,u_1243,transaction,7067.265967602082,1702338606.8671305
u_437,u_13,transaction,599.6404175447781,1702339477.394908
u_2517,u_1916,transaction,2789.3460598499078,1702339799.652056
u_253,u_4688,transaction,3048.832792173132,1702339809.3957062
u_2109,u_874,transaction,692.254529177754,1702339877.1579769
u_675,u_229,transaction,200.8380766793024,1702339900.1924229
u_1331,u_2890,transaction,1870.7289902836287,1702339979.8179238
u_863,u_1353,transaction,3729.899465458726,1702340280.519712
u_1030,u_238,transaction,2195.2516011407893,1702340365.5986528
u_1523,u_4002,transaction,2093.9196349845024,1702340384.2985907
u_122,u_518,transaction,3910.426768212958,1702340491.797053
u_3462,u_4183,transaction,2181.570562803316,1702340545.2761414
u_2397,u_3331,transaction,5387.330860275104,1702340587.5413177
u_4026,u_2032,transaction,1845.336947576333,1702340742.9716053
u_825,u_83,transaction,1391.6449027873803,1702340759.8269465
u_79,u_5,transaction,978.339227964714,1702341087.457834
u_4865,u_30,transaction,10055.827851427935,1702341107.4013376
u_53,u_303,transaction,711.148245806767,1702341380.52193
u_2474,u_4403,transaction,1058.6658776855859,1702341945.6847842
u_4631,u_31,transaction,402.2322554272368,1702342683.1269076
u_2132,u_3179,transaction,3407.645562518007,1702343294.2508695
u_3513,u_16,transaction,1817.548146777058,1702343783.7608964
u_208,u_362,transaction,7400.830037898633,1702344018.6373043
u_797,u_1159,transaction,100.0,1702344387.1151683
u_4420,u_921,transaction,2820.794347652743,1702344391.6290917
u_4950,u_1858,transaction,370.19011120998,1702344480.4765058
u_2219,u_2122,transaction,19691.999303821656,1702344607.8647766
u_889,u_3589,transaction,2682.359622743664,1702345009.142702
u_1910,u_4142,transaction,1443.9591335576217,1702345080.1327667
u_1854,u_2331,transaction,4348.331787712882,1702345823.8721108
u_2074,u_4797,transaction,384.68707279896574,1702345844.2504394
u_1311,u_4877,transaction,730.84601416951,1702345865.2985675
u_1791,u_202,transaction,3372.4917380528914,1702346554.7320883
u_10,u_1294,transaction,4702.905660580222,1702347211.890633
u_3352,u_49,transaction,11299.989138205323,1702347532.1580105
u_4893,u_1211,transaction,588.8955875028344,1702348485.1326
u_837,u_4121,transaction,9560.085195066087,1702348885.7443902
u_4648,u_783,transaction,325.32348614714965,1702349147.9403956
u_4437,u_8,transaction,1918.3456136345285,1702349156.3935874
u_3755,u_776,transaction,1703.5586130554725,1702349263.85814
u_316,u_3207,transaction,523.6071058818233,1702349527.7608957
u_546,u_1537,transaction,3200.126741121203,1702350600.8190181
u_80,u_564,transaction,2924.8814582091063,1702350772.3462174
u_884,u_4175,transaction,462.58299773157285,1702351137.129886
u_4442,u_275,transaction,375.8230958349172,1702351212.72055
u_228,u_1308,transaction,4258.777479652942,1702351332.259976
u_2696,u_908,transaction,1723.8038072659756,1702351391.5393512
u_3249,u_1000,transaction,1018.5955911414112,1702351815.0543535
u_372,u_173,transaction,3901.169486276565,1702351918.3340154
u_4251,u_1623,transaction,1291.35509871152,1702352031.964895
u_671,u_54,transaction,3478.7594422639954,1702352094.207117
u_242,u_1252,transaction,6946.095678574185,1702352214.2783182
u_1475,u_25,transaction,9394.480413897994,1702352862.3451056
u_251,u_126,transaction,1821.0680833281026,1702353150.8579693
u_2373,u_3078,transaction,3633.5813189066835,1702353185.4309711
u_3533,u_3442,transaction,1425.3789149354163,1702353249.4699702
u_4432,u_806,transaction,1426.512637895673,1702353735.3069403
u_306,u_4500,transaction,567.5885295185102,1702353978.0279796
u_1306,u_1529,transaction,7546.639982942366,1702354825.5997798
u_4195,u_25,transaction,3724.4513258404954,1702354842.93252
u_2607,u_1864,transaction,649.5267704615655,1702354987.8341312
u_721,u_610,transaction,721.8286858270035,1702355598.934057
u_4752,u_4366,transaction,2520.9027064944025,1702355727.7516596
u_4,u_511,transaction,4106.57247803296,1702356188.1878357
u_280,u_2362,transaction,3524.69110059616,1702356868.9786696
u_0,u_1603,transaction,3341.4719752654414,1702357286.1731803
u_2269,u_3479,transaction,7955.85490368349,1702357457.4814138
u_2277,u_817,transaction,2673.4575519582086,1702357709.722583
u_494,u_2677,transaction,4943.972870659988,1702357981.878965
u_3278,u_884,transaction,1110.757038832895,1702358453.3536148
u_696,u_530,transaction,4386.080087367317,1702358864.1640599
u_3675,u_698,transaction,2418.64980138839,1702358986.3131835
u_2132,u_32,transaction,4258.628675338152,1702359161.371564
u_573,u_2293,transaction,1263.8533581068675,1702359388.9281442
u_898,u_3769,transaction,639.1211777079452,1702359822.0188391
u_84,u_1298,transaction,41678.827025966304,1702360527.4022412
u_3580,u_1822,transaction,1618.3905386466192,1702360782.399668
u_2059,u_1687,transaction,2585.4668406446276,1702361575.273854
u_459,u_4950,transaction,5653.713396062436,1702361666.6028988
u_694,u_389,transaction,653.4301823905042,1702361801.2466698
u_1498,u_4135,transaction,767.7788704532503,1702361865.337556
u_3107,u_1145,transaction,1082.2380381801506,1702362253.6463377
u_986,u_599,transaction,706.2604422769607,1702362292.433829
u_1756,u_2100,transaction,556.1713936464496,1702362484.2107537
u_4482,u_58,transaction,850.8738120724552,1702362632.1597667
u_355,u_115,transaction,2978.3076240942714,1702362989.817438
u_3036,u_390,transaction,743.3301564659698,1702363993.2271135
u_592,u_3728,transaction,441.76771045516745,1702364223.0895638
u_487,u_2126,transaction,435.77370883872527,1702364355.2501771
u_4834,u_4067,transaction,1903.9024443948838,1702364555.9141855
u_2974,u_790,transaction,2683.511534742801,1702364721.916565
u_163,u_717,transaction,1961.1320609215848,1702365134.0446472
u_2559,u_4339,transaction,3861.551853165938,1702365867.8852856
u_601,u_3042,transaction,1044.480688692117,1702366105.0753827
u_177,u_2645,transaction,2603.3685389422485,1702366456.1781209
u_3673,u_1030,transaction,2699.013563377704,1702366925.504273
u_1674,u_111,transaction,2193.927454739018,1702367132.9342825
u_1896,u_381,transaction,8109.242914326523,1702367285.362178
u_460,u_612,transaction,1272.179074662628,1702367396.1807477
u_3116,u_788,transaction,3139.7107970873662,1702367435.6770847
u_515,u_1980,transaction,1256.880061771634,1702367469.2926705
u_4418,u_1061,transaction,1168.2711249301074,1702367820.5834029
u_2178,u_242,transaction,1966.810020179038,1702368190.6680093
u_168,u_93,transaction,2250.8688192137756,1702368341.6872737
u_2311,u_3185,transaction,904.7414622061837,1702368656.3971605
u_436,u_1815,transaction,6656.026988903485,1702368661.6261537
u_3917,u_4280,transaction,2690.9175249377563,1702369418.637456
u_1092,u_4458,transaction,215.13503604197507,1702369437.886611
u_411,u_4287,transaction,811.2011724542258,1702369808.3334882
u_1180,u_2811,transaction,278.4415265998441,1702369945.8398771
u_606,u_3714,transaction,2003.1668698548312,1702370240.0434213
u_3099,u_583,transaction,2575.427016220865,1702370336.996101
u_478,u_1130,transaction,5565.562628574486,1702370892.8147337
u_218,u_2988,transaction,981.2456617895682,1702371447.2603335
u_733,u_3170,transaction,1690.4034970771372,1702371908.1838045
u_1037,u_2431,transaction,980.0098526705737,1702372040.3038971
u_4693,u_4216,transaction,551.3675137817828,1702372040.9840446
u_4609,u_747,transaction,1129.9829829316807,1702372145.308354
u_1340,u_321,transaction,556.66250052264,1702372346.1907046
u_2084,u_47,transaction,2231.8828583317245,1702372405.1641326
u_456,u_20,transaction,2081.587800096558,1702372604.5541272
u_783,u_2752,transaction,5246.813779786586,1702372858.358115
u_39,u_3082,transaction,11562.279539608808,1702373452.699758
u_3106,u_37,transaction,1378.408734559741,1702373523.9743848
u_205,u_56,transaction,3263.8241228201746,1702373934.0305517
u_3610,u_922,transaction,670.0966751677526,1702374364.715467
u_2486,u_1414,transaction,5970.537408525498,1702374614.8956969
u_957,u_4162,transaction,1384.1790705704286,1702374923.7098317
u_1587,u_926,transaction,1413.2066166185425,1702375270.3585715
u_686,u_3731,transaction,1892.32948554098,1702375406.8789816
u_1527,u_2019,transaction,515.9332246794535,1702375489.6258967
u_73,u_763,transaction,1964.4889591756203,1702375847.4504442
u_239,u_3988,transaction,15635.64016275076,1702376123.5456939
u_1815,u_438,transaction,2354.350285990152,1702376250.7787504
u_576,u_556,transaction,517.80165629616,1702376647.698722
u_62,u_1393,transaction,793.5091168973732,1702377588.1922035
u_1449,u_347,transaction,1513.8388754375105,1702377964.813641
u_273,u_71,transaction,1257.2574386162864,1702378896.8266819
u_2476,u_1998,transaction,1494.5102109771615,1702379140.0714118
u_4058,u_553,transaction,996.5892568187373,1702380021.0094075
u_106,u_379,transaction,1183.343195115922,1702380683.7004285
u_3164,u_2821,transaction,4675.146736279351,1702381085.7032535
u_2855,u_3630,transaction,685.5738881061153,1702381177.3696995
u_1009,u_3936,transaction,454.59244582995984,1702381598.5068674
u_1665,u_1437,transaction,2753.696943739801,1702381840.98936
u_38,u_460,transaction,730.0383925384616,1702382015.828947
u_2589,u_34,transaction,6509.489808719549,1702382092.5425282
u_115,u_354,transaction,4403.69134891118,1702382411.758097
u_2206,u_50,transaction,2828.1948843431715,1702383011.2002704
u_1596,u_949,transaction,853.4437760651869,1702383322.2193708
u_2015,u_166,transaction,1755.1528211969335,1702383360.583556
u_1099,u_162,transaction,3203.5225438180655,1702383898.287314
u_15,u_2930,transaction,431.5264084945453,1702384243.2803597
u_635,u_3551,transaction,18728.987669925085,1702384846.4628139
u_2517,u_2139,transaction,206.11383128750626,1702385338.8890362
u_2262,u_816,transaction,2474.3256739163776,1702385464.743308
u_1735,u_1387,transaction,4293.357923473753,1702385467.101468
u_318,u_868,transaction,370.3225168911706,1702385735.0242276
u_3,u_3287,transaction,4759.157920060688,1702386001.4459267
u_921,u_3710,transaction,309.3930307912218,1702386122.9388745
u_963,u_954,transaction,619.0232093914856,1702387172.5964878
u_1344,u_3175,transaction,1693.5628201026936,1702387367.3292153
u_207,u_1660,transaction,1837.2502110746461,1702387469.3438127
u_4185,u_1059,transaction,982.8807474069056,1702387615.8278527
u_822,u_4740,transaction,1337.0239719588144,1702387834.8727963
u_51,u_96,transaction,12298.826722869113,1702388034.3441906
u_2122,u_1908,transaction,9637.739665934083,1702388309.5605426
u_491,u_27,transaction,3177.3025942321347,1702388477.4811578
u_2592,u_3903,transaction,950.723826490094,1702388582.114931
u_2045,u_178,transaction,1920.2875317725357,1702388864.5048046
u_2550,u_2106,transaction,497.95983083142795,1702389144.4490826
u_0,u_1930,transaction,1673.877868639494,1702389292.1024575
u_342,u_42,transaction,9109.243302606796,1702389454.0357666
u_450,u_701,transaction,1304.355264478105,1702390083.8962796
u_122,u_773,transaction,5176.827095337858,1702390273.7029395
u_1391,u_2162,transaction,7735.1803370536045,1702390586.9388254
u_1401,u_1630,transaction,679.433364769803,1702390784.1972263
u_2944,u_1640,transaction,1144.5667506607988,1702390809.3643005
u_2170,u_4120,transaction,2710.323850621421,1702391303.8617878
u_1296,u_810,transaction,7409.062152782441,1702391359.3402338
u_1145,u_4964,transaction,5549.700336447658,1702391521.7521932
u_1939,u_149,transaction,874.1271644604159,1702391712.3908377
u_1037,u_2287,transaction,1957.8056261951722,1702391809.6324751
u_4186,u_316,transaction,1408.2544872734402,1702391899.5893254
u_1178,u_99,transaction,5749.302263999106,1702391982.2784767
u_4339,u_3664,transaction,2424.8805149416044,1702392024.2783432
u_1085,u_314,transaction,519.1624386121742,1702392239.6021557
u_121,u_1336,transaction,1707.19104469842,1702392318.0812454
u_1521,u_81,transaction,2138.832376240115,1702392626.4135695
u_131,u_703,transaction,381.69668167019495,1702393000.9569688
u_4416,u_904,transaction,1242.0269485016636,1702394087.5555744
u_3784,u_3320,transaction,2365.139486934819,1702394184.9158952
u_61,u_1242,transaction,1128.8579019750555,1702394497.8109026
u_4114,u_401,transaction,2537.052269540356,1702394712.7762127
u_56,u_1789,transaction,18135.68525571246,1702394719.738453
u_675,u_4506,transaction,390.4498125845857,1702394767.6563349
u_4001,u_1713,transaction,4710.442649027345,1702394916.5081482
u_923,u_52,transaction,6425.055109643717,1702395153.688625
u_154,u_3101,transaction,2691.6967879958006,1702395187.2933621
u_336,u_1248,transaction,981.5592318557665,1702395251.969207
u_4952,u_33,transaction,2971.652845115985,1702395548.7838676
u_655,u_4039,transaction,1743.0818883024217,1702395755.1868675
u_2041,u_3820,transaction,389.8941556621583,1702395876.670396
u_2693,u_2522,transaction,2142.540959632543,1702396079.1055005
u_161,u_3227,transaction,3793.6116288097955,1702396189.0925696
u_1527,u_7,transaction,252.06611611834737,1702396346.1162927
u_16,u_4928,transaction,2867.718613096684,1702396866.1706793
u_5,u_1688,transaction,359.5553697561072,1702396885.8410792
u_78,u_3723,transaction,1822.346407652125,1702397494.295684
u_1650,u_2821,transaction,992.895058355629,1702397789.1295435
u_2488,u_320,transaction,1308.755983766265,1702397863.2444062
u_1181,u_888,transaction,771.5951691734375,1702398583.8852773
u_332,u_2652,transaction,2829.1085069859955,1702398719.0830524
u_4,u_2794,transaction,1691.804559103685,1702398823.3202927
u_4934,u_348,transaction,742.5982826027571,1702398829.7363892
u_34,u_1273,transaction,2362.303104943464,1702398904.3602908
u_2213,u_610,transaction,961.5989236360448,1702398955.248315
u_441,u_3602,transaction,2139.785728790808,1702399080.429039
u_3395,u_693,transaction,1050.0312754661782,1702399456.7230406
u_2781,u_1576,transaction,1699.0235505607793,1702399547.783931
u_626,u_3985,transaction,1147.6277689845533,1702399590.2539744
u_4945,u_10,transaction,2101.4729581372108,1702400197.6053379
u_458,u_4250,transaction,5382.249403981827,1702400221.2185931
u_760,u_4313,transaction,6908.176933580108,1702400464.5477796
u_22,u_34,transaction,1945.3496158942485,1702401224.5418174
u_1503,u_8,transaction,2099.3089167136304,1702401746.3302295
u_2393,u_256,transaction,1900.3126175657465,1702402165.8747337
u_4756,u_347,transaction,2506.7559966502236,1702402546.8720083
u_629,u_3576,transaction,6728.28110084974,1702402770.1916826
u_4714,u_73,transaction,104.58183664201734,1702403166.9203641
u_222,u_195,transaction,14108.248275457301,1702403266.1029563
u_964,u_412,transaction,1609.6482516583478,1702403347.8061297
u_3255,u_2257,transaction,3990.4636014063453,1702403380.8272424
u_2432,u_1352,transaction,15571.264221404364,1702403904.0526676
u_1685,u_167,transaction,514.6230361764758,1702404238.6936307
u_29,u_147,transaction,745.4807155789609,1702404296.8642657
u_2524,u_12,transaction,9334.090551557205,1702404593.0176842
u_1485,u_1058,transaction,8378.579775895081,1702404900.2637634
u_77,u_3065,transaction,20769.10287172407,1702405273.7212446
u_2990,u_86,transaction,4310.4532427754275,1702405842.1889007
u_2658,u_388,transaction,1669.6321451037074,1702406186.2355647
u_1239,u_1629,transaction,3759.6492649439565,1702406448.9038768
u_2718,u_2898,transaction,606.579844246708,1702406501.091768
u_268,u_3243,transaction,908.5497571693392,1702406972.4677722
u_3177,u_1649,transaction,1434.6827980012836,1702407196.366648
u_707,u_1075,transaction,662.3931310647818,1702407587.06055
u_2444,u_41,transaction,208.24101059353129,1702407930.2801378
u_142,u_130,transaction,2244.995037221102,1702408020.6445687
u_2870,u_161,transaction,6347.117968133263,1702408300.8245323
u_681,u_451,transaction,303.12143720309933,1702408438.8735225
u_1151,u_2988,transaction,1183.3562474754688,1702408461.3041341
u_3614,u_97,transaction,503.5320533463981,1702408605.640844
u_1420,u_207,transaction,4472.566126913405,1702409097.8246517
u_4734,u_4415,transaction,1696.1600265344996,1702409426.798458
u_2746,u_26,transaction,217.00334862647935,1702409586.6531427
u_1710,u_1402,transaction,11226.24605466734,1702409819.256826
u_33,u_3879,transaction,2358.112979379878,1702409980.5661907
u_2040,u_1361,transaction,1339.837937324483,1702410010.6898885
u_400,u_316,transaction,1764.755029288295,1702410045.113127
u_2517,u_4652,transaction,1155.30811668001,1702410160.5261621
u_222,u_3846,transaction,867.2514053565918,1702410295.380928
u_2086,u_218,transaction,1018.3280787215793,1702410419.3822446
u_2800,u_259,transaction,196.2872192803788,1702410724.0644705
u_2774,u_3187,transaction,1871.1965818799597,1702410817.4673476
u_3439,u_3052,transaction,3449.574562191207,1702411206.310596
u_1139,u_4,transaction,13190.814554072056,1702412792.2228158
u_349,u_3523,transaction,2723.896461799189,1702413177.0358007
u_2705,u_3048,transaction,16162.606716973758,1702413206.3344426
u_3121,u_1269,transaction,1072.6295434911497,1702413344.351728
u_1899,u_4469,transaction,10752.62941149524,1702413629.881745
u_4236,u_4401,transaction,1789.219680214278,1702413741.6790986
u_2618,u_234,transaction,228.5201258489022,1702414074.3684547
u_2433,u_2697,transaction,1243.2271886292317,1702414407.6225417
u_20,u_2270,transaction,1936.3556893632683,1702414648.501082
u_4765,u_3639,transaction,2571.013341592272,1702414950.6463385
u_807,u_2025,transaction,1217.9850181569404,1702415006.0119495
u_305,u_2568,transaction,2279.263114165472,1702415105.4111679
u_1715,u_1503,transaction,2143.973629358379,1702415230.1086113
u_4,u_2030,transaction,3368.4471946042936,1702415447.9625883
u_768,u_2336,transaction,3336.8774103219143,1702415468.3501327
u_71,u_77,transaction,8455.28705247304,1702415577.9908109
u_73,u_901,transaction,1451.4641900466027,1702415737.9100015
u_3729,u_2099,transaction,1110.278961107776,1702416337.1071618
u_2272,u_574,transaction,4923.745762606921,1702416378.7766926
u_2484,u_2349,transaction,1964.3405169178611,1702416399.0296388
u_2247,u_2427,transaction,2470.219103915992,1702417209.6944532
u_3987,u_102,transaction,2595.763637753487,1702417290.148272
u_557,u_398,transaction,1952.414110138064,1702417701.1365762
u_4851,u_1024,transaction,2012.6937710698542,1702417889.1587794
u_3994,u_570,transaction,250.0784705033991,1702417931.5213444
u_102,u_1620,transaction,1443.2438243677605,1702418135.523345
u_1833,u_77,transaction,2072.988671010191,1702418197.8298373
u_2335,u_3980,transaction,3657.395422343206,1702418936.711274
u_2540,u_3090,transaction,1009.531198711653,1702418956.307582
u_4,u_1234,transaction,546.6415991685814,1702419039.8857403
u_338,u_4913,transaction,1036.1023663503809,1702419222.5963705
u_2784,u_534,transaction,4759.662059324913,1702419325.0732074
u_2906,u_3787,transaction,1937.0202799421345,1702419348.6466613
u_1903,u_148,transaction,1140.658754181663,1702419384.849437
u_160,u_4662,transaction,1905.0403920225913,1702419664.386838
u_3490,u_1135,transaction,1177.731574838157,1702419837.0656161
u_1928,u_2969,transaction,555.8732693755773,1702419970.3415859
u_4519,u_1550,transaction,582.0631702019913,1702420016.327145
u_4938,u_3066,transaction,951.9505507527404,1702420760.9508815
u_1188,u_1454,transaction,2298.145439140676,1702420857.993777
u_4099,u_2356,transaction,3569.6411819932027,1702421239.166781
u_1344,u_1169,transaction,5157.033341238013,1702421455.4457924
u_688,u_1162,transaction,627.842331869367,1702421548.146409
u_744,u_833,transaction,412.1873626265597,1702421585.7350812
u_3538,u_2793,transaction,11284.40694724002,1702421677.282157
u_4892,u_8,transaction,5151.7837999701405,1702422021.8181667
u_736,u_1245,transaction,1101.162620093643,1702422035.5960584
u_71,u_5,transaction,1991.7220961331432,1702422052.8259008
u_2502,u_3208,transaction,871.6583356317408,1702423463.8416162
u_941,u_1441,transaction,2960.1240597409337,1702423475.9196205
u_3422,u_1512,transaction,270.51558689022517,1702423483.307855
u_725,u_1070,transaction,2460.229462996912,1702423515.101943
u_3529,u_370,transaction,3244.1963887880233,1702423631.5808268
u_4976,u_623,transaction,1394.0434356244168,1702423780.334309
u_2095,u_253,transaction,1458.9354945995478,1702424149.024472
u_2243,u_2954,transaction,1872.2345576706682,1702424260.9201593
u_2142,u_788,transaction,3199.950150485396,1702424682.2747917
u_2340,u_59,transaction,3035.08520244092,1702424831.3583915
u_3762,u_2187,transaction,2225.0669741496586,1702425086.8262503
u_175,u_2271,transaction,791.9535991825985,1702425127.2313788
u_616,u_324,transaction,1707.7958358311691,1702425136.1140397
u_3947,u_1470,transaction,893.2705297386032,1702425256.0544612
u_932,u_1244,transaction,3955.545253105664,1702425290.7184057
u_1098,u_419,transaction,4917.631632318735,1702425457.845461
u_3989,u_52,transaction,359.13177828401155,1702425603.341981
u_2026,u_1058,transaction,290.12683365304076,1702425623.4817579
u_46,u_2137,transaction,1963.107565529965,1702425755.5175529
u_3297,u_1247,transaction,2927.9761434974394,1702425800.7114677
u_1096,u_841,transaction,3633.324224541397,1702426098.9835238
u_291,u_3990,transaction,1561.1007786488958,1702426462.1635137
u_39,u_239,transaction,2482.3277479445974,1702426684.9878256
u_80,u_27,transaction,2757.0616009222517,1702427155.6509707
u_1356,u_1592,transaction,1368.0157425786904,1702427325.6076329
u_79,u_1860,transaction,3593.41366397901,1702427630.4044662
u_3552,u_4,transaction,3840.7366514645432,1702427641.6146204
u_14,u_3805,transaction,5975.844171932339,1702427890.5010653
u_1147,u_3275,transaction,1458.3762958648294,1702428387.595502
u_230,u_3545,transaction,661.1512399863126,1702428689.0470898
u_3949,u_81,transaction,1613.778029076172,1702429011.6459217
u_3410,u_736,transaction,2648.994603885167,1702429326.6409342
u_2388,u_311,transaction,886.9832833247781,1702429382.0425515
u_1662,u_3713,transaction,756.5790105376652,1702429401.3055632
u_952,u_2443,transaction,444.58170120168717,1702429438.5137205
u_58,u_3803,transaction,3960.582606788897,1702429989.2054257
u_209,u_4692,transaction,1655.1336515840037,1702430060.470294
u_3316,u_3647,transaction,2458.7381980686955,1702430302.7077243
u_407,u_2368,transaction,7187.447308931401,1702430578.8190374
u_4880,u_1505,transaction,2384.110804710384,1702430662.5747824
u_4626,u_68,transaction,6602.522636699206,1702430681.0735598
u_3536,u_481,transaction,166.481851138301,1702430782.8153262
u_1814,u_142,transaction,1854.5334250910917,1702430815.1750035
u_371,u_2085,transaction,15598.47882684046,1702431668.5044844
u_813,u_1921,transaction,10289.710185917314,1702431817.706189
u_1000,u_2609,transaction,479.05429949528923,1702432178.3452635
u_141,u_1662,transaction,5526.990958217857,1702432232.6323225
u_332,u_1615,transaction,6555.605242270931,1702432577.260307
u_96,u_1664,transaction,10428.2155319921,1702432867.404069
u_3243,u_1713,transaction,3972.2366531590465,1702433081.916663
u_477,u_255,transaction,3009.9630359201856,1702433325.752675
u_4585,u_1114,transaction,4947.9571391979025,1702433563.1707308
u_81,u_4338,transaction,8761.461934989913,1702433626.4087658
u_3496,u_2285,transaction,628.8472810595521,1702433986.6246889
u_272,u_170,transaction,4766.50829597855,1702434485.2514052
u_4048,u_1059,transaction,3106.7153640382403,1702434663.8963244
u_613,u_156,transaction,3708.6285473489706,1702435598.7191746
u_849,u_255,transaction,1752.3947952150227,1702435830.7967737
u_14,u_30,transaction,2821.1387514984003,1702435863.4668849
u_279,u_1977,transaction,9544.619123763003,1702436177.5961785
u_3502,u_6,transaction,2004.3562613529402,1702436427.4927526
u_1517,u_4,transaction,1504.3950057682796,1702436448.6375356
u_359,u_1582,transaction,7477.1202573991795,1702436453.1644425
u_2994,u_50,transaction,764.7787946682106,1702436517.9263415
u_2498,u_966,transaction,4191.166948476077,1702436834.575399
u_716,u_5,transaction,3853.698748497249,1702436858.2414198
u_3719,u_4,transaction,2669.388033245263,1702437742.6448352
u_479,u_2910,transaction,1063.162297043935,1702437768.174941
u_1734,u_211,transaction,1136.170779313006,1702438029.6924763
u_3241,u_1874,transaction,1079.1783804832494,1702438136.6772017
u_70,u_3869,transaction,793.269593434115,1702438181.5456197
u_3258,u_3203,transaction,4793.9967325229945,1702438315.8698373
u_1798,u_1151,transaction,3403.1413708435734,1702438485.2778132
u_3,u_4313,transaction,9110.770599340192,1702438503.085303
u_17,u_10,transaction,1003.1374999186867,1702439092.5219219
u_874,u_741,transaction,1762.530556248636,1702440147.160274
u_4711,u_118,transaction,827.8596389746575,1702440464.1105425
u_3408,u_1298,transaction,5120.22761857233,1702440823.023415
u_1394,u_305,transaction,2294.2730216306354,1702440861.7229936
u_1493,u_2893,transaction,3589.0987037601817,1702441104.2274275
u_4702,u_4712,transaction,5964.535946684115,1702441178.5895782
u_5110,u_5112,transaction,311.1100269276851,1702441781.2993393
u_3877,u_3461,transaction,1128.6034464815532,1702441813.5267768
u_3916,u_2910,transaction,3696.850736470442,1702442118.6928883
u_4408,u_1825,transaction,5449.623932233364,1702442526.823926
u_48,u_16,transaction,1686.5962331807577,1702442803.293382
u_620,u_4959,transaction,571.350269007718,1702442963.044643
u_3623,u_1603,transaction,4147.086723385159,1702442989.4524693
u_211,u_3560,transaction,472.42180988479515,1702444167.0526643
u_4,u_4951,transaction,267.3832729604618,1702444305.7669683
u_1650,u_5,transaction,846.6054300910214,1702444522.0736563
u_369,u_4495,transaction,2587.233691392747,1702445185.7723753
u_822,u_4732,transaction,968.2492510749498,1702445707.1818993
u_4139,u_19,transaction,4616.894133403472,1702445803.7790241
u_496,u_3665,transaction,2085.972880608654,1702445837.263086
u_71,u_8,transaction,3908.3289921177447,1702445990.7978425
u_4399,u_2871,transaction,654.6633755109214,1702446143.2135596
u_4,u_3573,transaction,3136.295396270937,1702446234.1461601
u_188,u_462,transaction,659.8999974807779,1702446335.6418478
u_2209,u_1296,transaction,900.750389072041,1702446399.5586503
u_116,u_1214,transaction,1760.7341373431118,1702446506.4038007
u_848,u_217,transaction,7918.320673237852,1702446637.5299969
u_2721,u_650,transaction,1169.3876363357247,1702447470.056902
u_6,u_424,transaction,803.6328324308556,1702447624.807895
u_1424,u_4598,transaction,1572.7843506295649,1702448300.1932604
u_14,u_2295,transaction,34305.06655669178,1702448499.7228382
u_169,u_2398,transaction,835.021846647058,1702449292.922896
u_3866,u_1086,transaction,2797.7192318003404,1702449563.306635
u_209,u_319,transaction,4391.841821563325,1702449728.4609108
u_134,u_220,transaction,2429.9464249529806,1702450104.9913523
u_2108,u_12,transaction,252.52134670853883,1702450107.6092045
u_242,u_1372,transaction,737.7959836087608,1702450208.3457394
u_297,u_4491,transaction,1877.2098695298894,1702450853.546486
u_4173,u_3021,transaction,898.3006212619761,1702451737.2396948
u_2530,u_4991,transaction,2472.8636734297775,1702452493.7826695
u_707,u_2399,transaction,3365.5502153790726,1702452511.2133837
u_22,u_1087,transaction,10310.741414488599,1702452669.5069227
u_240,u_2762,transaction,690.4537485665611,1702453367.2801054
u_3663,u_596,transaction,4421.493325685107,1702453456.9675472
u_3334,u_1713,transaction,1758.9724722379683,1702454136.4535635
u_914,u_3911,transaction,3191.0433304058206,1702454230.51524
u_6,u_2424,transaction,2693.949912148067,1702454506.9623275
u_3517,u_238,transaction,767.8938302418524,1702455157.4369755
u_4375,u_1239,transaction,1773.552045986765,1702455172.5140822
u_224,u_2879,transaction,6874.474309487893,1702455175.862443
u_1401,u_350,transaction,22695.631709623227,1702455876.9420297
u_1244,u_813,transaction,7696.332763358548,1702456204.5041018
u_2556,u_1874,transaction,779.4203371233253,1702456238.0902486
u_4778,u_401,transaction,1452.2937341775419,1702456503.2712505
u_433,u_586,transaction,840.1106160826412,1702456861.0670576
u_1057,u_1432,transaction,5805.3102396165605,1702456967.095493
u_1656,u_134,transaction,1164.393364605801,1702457320.1069238
u_1087,u_4,transaction,667.1856704014682,1702457664.4234493
u_1453,u_8,transaction,2695.4423353200955,1702457686.908492
u_105,u_101,transaction,1790.6528959765842,1702457761.3656948
u_2766,u_1031,transaction,5946.443533352445,1702458120.0199676
u_1822,u_1222,transaction,3101.88265074267,1702459117.326364
u_97,u_1445,transaction,6102.460852648877,1702459488.8701894
u_4975,u_4752,transaction,3177.6878497842577,1702459639.51166
u_1563,u_1926,transaction,1555.2412936958915,1702459711.9600766
u_3823,u_1636,transaction,1421.2267640972343,1702460006.356516
u_4465,u_15,transaction,1574.2653783682413,1702460156.9072514
u_2492,u_2782,transaction,2466.296111522402,1702460369.1948783
u_981,u_4098,transaction,925.0842362161437,1702460590.5875194
u_2338,u_1461,transaction,4660.171674729729,1702460767.3125346
u_1063,u_1377,transaction,1526.4889321403373,1702461147.3235283
u_4232,u_4409,transaction,455.94970129179086,1702461350.4302652
u_1504,u_785,transaction,844.0192719009682,1702461486.783433
u_626,u_1155,transaction,9937.811238395592,1702461821.3827717
u_551,u_3830,transaction,848.3014218965291,1702461974.5787551
u_945,u_1061,transaction,1755.9006344941176,1702462042.0613246
u_6,u_1477,transaction,1430.2323601705216,1702462070.559585
u_423,u_50,transaction,1398.209252072485,1702462528.7079499
u_1172,u_2489,transaction,6223.767574960164,1702462696.566567
u_999,u_127,transaction,14540.787655220085,1702463003.7481773
u_124,u_61,transaction,2078.329304038181,1702463256.4889622
u_729,u_786,transaction,1663.8852726123253,1702463336.132316
u_1609,u_608,transaction,989.4797937984114,1702463364.3349702
u_1175,u_605,transaction,5358.185717399243,1702463568.5352654
u_135,u_1546,transaction,2187.46732237879,1702463759.0278723
u_3891,u_634,transaction,4064.4236910274035,1702464121.229035
u_383,u_93,transaction,1843.8289077159875,1702464900.1136103
u_216,u_169,transaction,410.35209851140866,1702465276.0274818
u_1203,u_860,transaction,5240.492190250143,1702465448.1097364
u_229,u_683,transaction,9673.213698318326,1702465513.2608886
u_311,u_1577,transaction,5946.330845593245,1702465990.9709182
u_2358,u_1951,transaction,744.3473708672757,1702466087.061339
u_693,u_12,transaction,947.6979381854744,1702466225.7460542
u_3084,u_814,transaction,3766.684604826267,1702466307.1492321
u_4,u_1610,transaction,2614.0951897294913,1702466757.00138
u_1499,u_2990,transaction,4711.867621880033,1702466942.866971
u_5018,u_5024,transaction,1722.1836220924176,1702466967.7925966
u_1793,u_2054,transaction,1113.6202073682277,1702467032.2656589
u_1184,u_897,transaction,1667.2886702545502,1702467680.6294243
u_394,u_4071,transaction,2634.39682564307,1702467725.577906
u_18,u_2026,transaction,233.3554468803996,1702467747.9488747
u_4680,u_2923,transaction,7420.686696246894,1702467933.3846195
u_356,u_3398,transaction,530.7198735819361,1702468100.2087646
u_931,u_2610,transaction,1540.8068242070822,1702468324.6223187
u_1299,u_2458,transaction,3455.382841770179,1702468483.923904
u_5081,u_5094,transaction,138.33651734553658,1702468648.7045386
u_38,u_139,transaction,1230.9519855825495,1702468824.9071906
u_873,u_11,transaction,1097.5778194381935,1702469016.0784717
u_3743,u_652,transaction,2743.7896408882116,1702469278.1159184
u_1846,u_2926,transaction,4217.012019050567,1702469399.108794
u_626,u_4243,transaction,330.0924445891421,1702469450.1268303
u_76,u_3666,transaction,4159.531666000933,1702469730.7852461
u_1298,u_23,transaction,481.8594939934317,1702470023.7954347
u_2083,u_2122,transaction,1259.5845625366906,1702470352.543017
u_1464,u_2605,transaction,2682.9481633238674,1702470359.9004016
u_2726,u_819,transaction,693.1327531376309,1702470930.706613
u_93,u_211,transaction,1463.5434139812216,1702471211.3732784
u_1166,u_1333,transaction,1138.5001687061606,1702471229.899211
u_4999,u_533,transaction,1094.382740111955,1702471478.4522126
u_113,u_3388,transaction,2093.255129659377,1702471782.668758
u_4190,u_2164,transaction,1387.6170005165068,1702472032.0758977
u_2883,u_245,transaction,535.4477376283728,1702473695.6540737
u_4,u_1994,transaction,1251.646887859629,1702473780.0510962
u_4134,u_3474,transaction,775.1361192568929,1702473829.4936175
u_4940,u_2769,transaction,1919.2540628103648,1702473931.3610628
u_2252,u_601,transaction,1996.0665281030085,1702474207.239881
u_4800,u_19,transaction,6998.517694053493,1702474212.6487074
u_124,u_1437,transaction,10345.543380879366,1702474358.575975
u_2292,u_3171,transaction,1105.5492535501717,1702474724.7783842
u_1628,u_410,transaction,3846.6532600872724,1702475178.3816385
u_968,u_15,transaction,1350.5151182687455,1702475283.9868784
u_4908,u_7,transaction,2147.026927659831,1702475352.9666727
u_4113,u_153,transaction,1748.948465314558,1702475453.6232257
u_509,u_2035,transaction,225.40556636801392,1702475702.9218156
u_281,u_1479,transaction,440.21984114465425,1702476193.4902468
u_1993,u_527,transaction,3228.7724104604818,1702476446.1975782
u_3409,u_4182,transaction,2408.5353722429436,1702477015.903028
u_1068,u_478,transaction,2859.456078978097,1702477072.6078365
u_267,u_7,transaction,1490.7261545056722,1702477087.3240352
u_2838,u_1886,transaction,1044.9378652177725,1702477756.0533676
u_217,u_1718,transaction,1658.488860500197,1702477949.0591135
u_4329,u_1369,transaction,2135.562319701621,1702478482.966585
u_727,u_1871,transaction,3499.386878506954,1702478517.5772922
u_531,u_4679,transaction,1247.0524165422612,1702478658.8574727
u_3776,u_7,transaction,10623.253838082639,1702478759.256973
u_11,u_342,transaction,2492.390486567126,1702479124.1724663
u_2197,u_1527,transaction,1327.3420503657328,1702479445.608538
u_787,u_771,transaction,1382.4757614844057,1702480082.1854413
u_2312,u_4769,transaction,468.9024468168617,1702480569.5741992
u_58,u_547,transaction,4891.076322788238,1702480610.976901
u_4723,u_4,transaction,1015.4593435624532,1702480723.8545482
u_1066,u_1693,transaction,1497.7790625475645,1702480844.4406624
u_789,u_152,transaction,624.3090387444996,1702480912.5935905
u_199,u_711,transaction,3598.258676507037,1702480925.3422267
u_2818,u_1495,transaction,1448.668743283574,1702481506.0897167
u_3802,u_312,transaction,684.6706850363346,1702481526.2730646
u_647,u_2517,transaction,2196.471427721561,1702481560.74926
u_153,u_2580,transaction,1424.9465221573948,1702481651.9416425
u_22,u_2217,transaction,1042.5898640739103,1702481770.0863872
u_1618,u_1610,transaction,844.2191649212417,1702482051.6552854
u_2787,u_2410,transaction,9078.926784396495,1702482218.146639
u_730,u_546,transaction,810.6209767922741,1702483055.8513548
u_1460,u_2955,transaction,8726.736787780015,1702483206.1845002
u_6,u_99,transaction,4893.1009079747455,1702483419.9263167
u_220,u_46,transaction,5551.711317982879,1702483492.7786708
u_1397,u_1786,transaction,620.1213803735789,1702483633.0110033
u_313,u_2825,transaction,360.8392761949214,1702483950.0774636
u_276,u_164,transaction,2215.5056804307237,1702484111.2410936
u_767,u_34,transaction,7059.520453063636,1702484808.102803
u_413,u_51,transaction,231.94805630109195,1702485411.3604438
u_806,u_410,transaction,16152.06094524516,1702485435.1544218
u_3703,u_1549,transaction,1259.3763166676881,1702485510.641597
u_2120,u_2354,transaction,1822.0689008809802,1702485881.6098144
u_375,u_2900,transaction,6726.311315215176,1702485946.8638153
u_10,u_237,transaction,662.2626130381905,1702485969.8752263
u_873,u_402,transaction,3895.118356239146,1702485982.1720977
u_2379,u_1008,transaction,1444.089933177593,1702486204.1569085
u_3659,u_6,transaction,2117.716995684903,1702486556.9945986
u_1902,u_2866,transaction,5253.630758407062,1702486726.4641776
u_926,u_731,transaction,3980.1516533124936,1702486796.2940347
u_1924,u_567,transaction,1323.8826693239957,1702487038.9266348
u_222,u_2724,transaction,2426.201243322025,1702487270.045692
u_4577,u_2284,transaction,1735.5548938707411,1702487549.1556451
u_486,u_2215,transaction,915.0222139530277,1702488431.2725928
u_4440,u_30,transaction,284.7869821988176,1702488432.6699762
u_192,u_2660,transaction,1115.6276152791677,1702488485.291047
u_4683,u_2836,transaction,2948.8989139417677,1702488588.8976085
u_304,u_2706,transaction,1473.695954396445,1702488633.0330021
u_125,u_172,transaction,1821.4035814038516,1702488681.3217533
u_3586,u_2676,transaction,1051.7668718016362,1702488784.210243
u_311,u_566,transaction,1397.7561258902774,1702489051.1267374
u_5,u_538,transaction,894.9998716563445,1702489310.8645742
u_12,u_101,transaction,1182.5185814919084,1702489586.8280616
u_1564,u_481,transaction,4327.810708897507,1702489743.6215055
u_272,u_8,transaction,3483.846009959336,1702489767.1744153
u_2606,u_4385,transaction,8723.13714514733,1702490139.0619779
u_1775,u_1918,transaction,1075.567413878489,1702490202.9356544
u_1084,u_283,transaction,2024.8895007841218,1702490398.6708035
u_2839,u_1764,transaction,2729.71639744192,1702490751.2287767
u_91,u_2173,transaction,1898.5772527780523,1702490764.9291618
u_10,u_1790,transaction,1387.050741266992,1702491180.1051173
u_4118,u_2541,transaction,1717.7389902139234,1702491388.571158
u_958,u_718,transaction,4776.25649050427,1702491580.185299
u_3072,u_3519,transaction,6586.28864819356,1702491936.7796316
u_1075,u_1427,transaction,1065.0733938567155,1702492238.8976161
u_682,u_3588,transaction,932.0404742543186,1702492346.5949907
u_4613,u_1246,transaction,1138.0374104171722,1702492372.5748267
u_1816,u_1525,transaction,2861.193148693308,1702492546.3370717
u_4566,u_548,transaction,17871.143081051865,1702492777.0754306
u_9,u_800,transaction,2650.897528075153,1702492811.6985483
u_507,u_2273,transaction,2766.8300616072656,1702493090.3127034
u_1488,u_1404,transaction,277.3022137864495,1702493155.201874
u_3743,u_482,transaction,7013.820641020541,1702493322.57142
u_3618,u_1163,transaction,1611.7068771055087,1702493646.4704914
u_389,u_9,transaction,891.0920336793305,1702493675.7145264
u_4558,u_1756,transaction,2557.3068643280635,1702493916.6965995
u_3097,u_4429,transaction,15863.920635731249,1702494332.0636787
u_6,u_553,transaction,5577.885436644374,1702494424.2582514
u_117,u_262,transaction,1992.2022517483817,1702495572.260999
u_3930,u_4682,transaction,4951.490756715987,1702495696.2917197
u_620,u_197,transaction,1091.5633980393327,1702496047.0647676
u_4958,u_439,transaction,568.2629261592654,1702496458.0927894
u_436,u_3688,transaction,1597.154061069384,1702496669.5055017
u_3384,u_131,transaction,917.228789270566,1702496709.314807
u_1083,u_533,transaction,486.64392551637184,1702496829.6206617
u_188,u_1326,transaction,344.76272088716684,1702497328.7396076
u_1229,u_3473,transaction,6834.881181714196,1702497724.888236
u_3855,u_3936,transaction,2320.2980956951897,1702498096.0244699
u_2154,u_19,transaction,105.73345380828702,1702498140.2009563
u_329,u_4115,transaction,424.26352368793243,1702498230.5380263
u_198,u_820,transaction,7173.4549574420025,1702498629.5830984
u_1639,u_2562,transaction,7147.264545437512,1702498971.1547034
u_2048,u_2067,transaction,1318.0743754024782,1702499011.9834516
u_473,u_540,transaction,2214.812482432004,1702499052.1201513
u_4496,u_0,transaction,2241.080026126105,1702499268.3182015
u_4777,u_3,transaction,2249.2199595435986,1702499334.889971
u_679,u_3819,transaction,2969.649428724618,1702499496.265723
u_17,u_1095,transaction,3270.0719733482874,1702499503.2849274
u_486,u_2579,transaction,1525.1001781514153,1702499734.7097244
u_1584,u_128,transaction,1146.8806930338562,1702499965.9128628
u_2567,u_4188,transaction,629.7327638532861,1702501119.5871832
u_1900,u_3934,transaction,405.7497015868335,1702501267.8566196
u_539,u_1376,transaction,1232.9716608673773,1702502217.0397096
u_10,u_2140,transaction,8109.917952931191,1702502343.390511
u_122,u_4187,transaction,614.0998592993645,1702502755.8043652
u_16,u_2208,transaction,326.95796242018974,1702502881.6702034
u_6,u_24,transaction,2099.503337239912,1702502930.0806067
u_2539,u_18,transaction,889.287113109439,1702503374.9369657
u_84,u_1843,transaction,2206.0263552020338,1702503495.4048517
u_2134,u_2931,transaction,2293.264730775886,1702503588.8767638
u_3481,u_2103,transaction,2309.916304655812,1702504099.9711258
u_4544,u_48,transaction,2762.9688322666725,1702504268.6311564
u_569,u_2273,transaction,5356.050396790517,1702504388.5357523
u_4930,u_3310,transaction,9896.707198416218,1702504514.889718
u_3942,u_263,transaction,1560.7825646955123,1702505106.220391
u_834,u_2443,transaction,1895.0122725301076,1702505260.9418201
u_4658,u_4176,transaction,2072.550660961066,1702505384.6414657
u_254,u_4281,transaction,1564.9976291861185,1702505392.6632855
u_4152,u_824,transaction,1938.566903283505,1702505678.7686815
u_3404,u_1649,transaction,4949.952880730866,1702505898.3837812
u_2934,u_1255,transaction,2697.273030600238,1702506161.2713797
u_732,u_4123,transaction,4932.16292444459,1702506166.9352458
u_2066,u_2391,transaction,1449.1701719933485,1702506258.4685154
u_573,u_759,transaction,252.41558035467395,1702506520.5261774
u_1826,u_14,transaction,3415.119454373049,1702506571.602711
u_1880,u_70,transaction,1764.4625747317145,1702506678.2393136
u_2161,u_3682,transaction,2821.3430667983503,1702506679.4299989
u_654,u_9,transaction,718.9808159707889,1702506960.708175
u_2732,u_1338,transaction,1774.5306484838418,1702507047.9509442
u_1240,u_2402,transaction,1077.4015265522823,1702507141.538409
u_2806,u_2796,transaction,3653.4972303105455,1702507659.0707848
u_4543,u_1589,transaction,394.1821433406079,1702507825.0988395
u_102,u_4214,transaction,2207.487827712263,1702507895.2334085
u_4441,u_3608,transaction,2013.76232612366,1702507953.1071086
u_4888,u_1426,transaction,1502.5250681736716,1702508049.753762
u_5077,u_5079,transaction,636.3401284495856,1702508429.0480146
u_291,u_2900,transaction,3267.6100781881664,1702508469.0534515
u_23,u_20,transaction,5539.031314279269,1702508632.7100632
u_2985,u_403,transaction,16479.22318876551,1702509202.339169
u_4315,u_483,transaction,1899.4285020620237,1702509291.4744809
u_998,u_213,transaction,894.5220923831697,1702509673.0679576
u_3937,u_732,transaction,1049.307810726504,1702509765.5124962
u_3014,u_4608,transaction,4201.115365891392,1702510169.492174
u_2301,u_2527,transaction,5468.230899067925,1702510169.9917839
u_784,u_1143,transaction,2098.14470976404,1702510373.2602558
u_366,u_3511,transaction,412.02681460561723,1702510442.0862205
u_3126,u_3233,transaction,475.3909869318162,1702510470.0214968
u_897,u_2813,transaction,395.68958755052756,1702510556.523887
u_3476,u_500,transaction,3026.9001487954424,1702510696.302041
u_131,u_376,transaction,224.2974295079669,1702511763.5288575
u_322,u_893,transaction,2322.0372544525917,1702511832.0346866
u_811,u_1183,transaction,3653.4525981764855,1702511905.8816197
u_2695,u_3166,transaction,965.133172024495,1702512687.882893
u_772,u_56,transaction,3835.0319030582727,1702513141.5845265
u_698,u_1218,transaction,1350.6027458617061,1702513354.6192229
u_148,u_1792,transaction,3113.056102799553,1702513519.4695606
u_243,u_1477,transaction,6296.455107549588,1702513544.1041956
u_46,u_338,transaction,991.1574952978488,1702513916.1563358
u_1298,u_1483,transaction,1685.4361271791115,1702514003.208303
u_3671,u_403,transaction,539.0665628895167,1702514410.11232
u_1424,u_1830,transaction,502.474267163719,1702514739.7694342
u_164,u_184,transaction,1065.3442200912784,1702514836.647187
u_4072,u_3687,transaction,679.5369497820795,1702514861.201312
u_4042,u_2316,transaction,1658.9336695600139,1702514955.4373536
u_4635,u_1718,transaction,3286.3661047726273,1702515228.7213676
u_1079,u_2116,transaction,1604.1368416338614,1702515346.8144639
u_302,u_2451,transaction,696.4949764307208,1702515596.40045
u_399,u_4276,transaction,965.8735666024653,1702515639.0837936
u_850,u_421,transaction,2961.8229058527186,1702515656.6192062
u_152,u_34,transaction,1830.78354690824,1702515745.446149
u_1822,u_276,transaction,3606.4265514101075,1702515951.6546133
u_1575,u_3016,transaction,5152.914245998535,1702516206.2275596
u_2614,u_883,transaction,1823.5785408860215,1702516265.6002462
u_5,u_267,transaction,570.7296718738332,1702516472.4217658
u_113,u_1783,transaction,1815.706376236716,1702516704.3449993
u_190,u_563,transaction,3104.4428498081807,1702516818.818211
u_60,u_333,transaction,1490.2449383029302,1702517474.216211
u_2561,u_1305,transaction,2216.0101670314307,1702517579.3290064
u_10,u_320,transaction,3532.187155417421,1702517732.8899863
u_3148,u_1281,transaction,8774.211140116371,1702518053.4835825
u_4547,u_48,transaction,300.69831973447873,1702518212.5260234
u_1173,u_1277,transaction,2820.3116393105292,1702518306.270777
u_1897,u_1972,transaction,947.121245136003,1702518359.1409755
u_1825,u_3499,transaction,2715.2030946311756,1702518461.4007564
u_1223,u_33,transaction,341.46206630627194,1702518549.2440379
u_198,u_650,transaction,1746.6402701898155,1702518573.778394
u_12,u_4984,transaction,2903.268442981247,1702518746.986299
u_919,u_3517,transaction,4701.8154125724195,1702518993.6376212
u_561,u_2215,transaction,2543.1327719562178,1702519410.4675262
u_3383,u_4049,transaction,1988.9143168938126,1702519620.262666
u_655,u_177,transaction,1112.8662403041064,1702519661.7756379
u_2741,u_2473,transaction,2494.0883269145233,1702519744.5415628
u_12,u_1613,transaction,2075.751235643294,1702519818.5623267
u_4573,u_2335,transaction,1527.8473723427248,1702520032.720586
u_150,u_157,transaction,8711.490760652177,1702520493.4557962
u_1670,u_373,transaction,1449.6367329984175,1702520519.3985975
u_775,u_384,transaction,348.8357751142238,1702520545.982994
u_463,u_3664,transaction,4240.6364514404195,1702520580.0971282
u_373,u_1702,transaction,1836.6486352414402,1702520703.014954
u_353,u_217,transaction,229.27380715375583,1702520935.9117248
u_313,u_255,transaction,1688.1118822522337,1702521468.543927
u_329,u_3368,transaction,2595.4197222677058,1702521503.1399355
u_196,u_161,transaction,499.7639978635875,1702521642.8518217
u_1035,u_3393,transaction,2353.7276508996483,1702521662.7457232
u_1577,u_1154,transaction,2899.8267647012804,1702522417.9357505
u_2526,u_1580,transaction,2909.069169376036,1702522855.2650008
u_811,u_407,transaction,715.2605384847383,1702523077.9592743
u_1575,u_1249,transaction,1586.164623732243,1702523127.1706371
u_4794,u_2784,transaction,2020.558778771872,1702523339.6522982
u_466,u_358,transaction,1306.5457133282546,1702523503.2906137
u_2981,u_67,transaction,2302.9870381660157,1702523559.671538
u_3643,u_416,transaction,686.7389547550681,1702523572.5878224
u_120,u_199,transaction,434.0559414823682,1702523606.140886
u_3715,u_1296,transaction,2882.5903525052686,1702523965.007858
u_28,u_1251,transaction,1682.4222987298242,1702524118.729487
u_314,u_73,transaction,3576.185704424833,1702524280.0517027
u_716,u_94,transaction,11522.305504365027,1702524415.98956
u_4328,u_1316,transaction,1583.4578598866583,1702524488.4544823
u_599,u_3299,transaction,1666.4940491900322,1702525000.8858132
u_3425,u_2144,transaction,3210.050444775863,1702525354.9142146
u_4869,u_2629,transaction,2894.332656018953,1702525658.8122146
u_165,u_2355,transaction,2285.3152629250467,1702526820.6737247
u_894,u_739,transaction,1701.3043150279398,1702527099.9962475
u_3489,u_2465,transaction,4366.162504843708,1702527436.9437175
u_534,u_2810,transaction,560.9990957139055,1702527748.2640636
u_2485,u_2129,transaction,1150.4514012505385,1702527887.452551
u_422,u_4645,transaction,1487.0169666982013,1702528124.598272
u_1255,u_1857,transaction,4410.311412687198,1702528151.4334083
u_395,u_666,transaction,164.6657582278348,1702529471.3969333
u_1616,u_591,transaction,2684.9596674279514,1702530327.4409707
u_3169,u_2150,transaction,11803.729728712868,1702530472.6256835
u_1305,u_1821,transaction,2536.388270872799,1702530667.663811
u_45,u_2665,transaction,1347.1647723600347,1702531180.1774693
u_2684,u_4232,transaction,545.6850826579198,1702531407.4110305
u_2730,u_612,transaction,1325.5848120383716,1702531734.1818693
u_1357,u_1404,transaction,1037.379624207423,1702532131.1240077
u_23,u_1390,transaction,7927.332667651629,1702532218.8570752
u_1508,u_2041,transaction,4112.977527224956,1702532234.912636
u_1824,u_58,transaction,3464.938257410652,1702532461.1088953
u_2897,u_1048,transaction,616.5294994116301,1702532779.6241405
u_2047,u_7,transaction,3468.654311843854,1702532811.581548
u_1338,u_4940,transaction,3320.755402841868,1702532830.5266008
u_19,u_3638,transaction,6005.397384597202,1702532844.7130663
u_6,u_3895,transaction,2756.4997104940785,1702532988.3983605
u_42,u_110,transaction,1200.7691177035504,1702533122.0976474
u_4666,u_2074,transaction,4106.114151372234,1702533409.978247
u_4227,u_567,transaction,1971.79130294858,1702533549.113458
u_59,u_3454,transaction,3186.797350744049,1702533552.5629764
u_61,u_4436,transaction,5230.00465747236,1702533601.894451
u_3073,u_25,transaction,3386.9341744867115,1702533740.1488118
u_1658,u_3299,transaction,1435.974922182165,1702533777.8578265
u_2366,u_424,transaction,5882.429926660812,1702533814.5647244
u_1937,u_263,transaction,899.8977053135862,1702534086.6102555
u_1339,u_1526,transaction,3964.6984662434907,1702534404.7307973
u_150,u_2694,transaction,2082.3599899985293,1702534819.3928256
u_724,u_12,transaction,2330.265053075789,1702534828.263934
u_349,u_2672,transaction,877.2846930349571,1702535696.639755
u_580,u_2253,transaction,2260.340706336893,1702535775.7919965
u_869,u_1306,transaction,1311.2776337986643,1702535798.6180892
u_3913,u_1628,transaction,10289.213082020611,1702536046.221954
u_4963,u_683,transaction,3597.2788803062526,1702536141.0174685
u_170,u_0,transaction,3152.105835211655,1702536884.991246
u_1255,u_3871,transaction,1214.0497687534657,1702536888.1499484
u_1166,u_2071,transaction,523.6863436849245,1702536946.3563323
u_2179,u_797,transaction,8021.3614122252575,1702537015.5712917
u_2605,u_333,transaction,2070.5372971408488,1702537208.3945682
u_436,u_3543,transaction,1085.6520464132436,1702537263.8518283
u_4948,u_3513,transaction,3621.5924960411157,1702537296.938563
u_910,u_770,transaction,2464.8710663800766,1702537571.4464233
u_4557,u_3450,transaction,2611.342772411764,1702537776.3582842
u_4,u_2501,transaction,1199.285830393298,1702537790.583288
u_2020,u_0,transaction,446.2019895107046,1702538281.1194003
u_84,u_2217,transaction,3540.221616907561,1702538564.431255
u_215,u_510,transaction,1698.194493020699,1702538651.4640214
u_438,u_755,transaction,2802.9079182867217,1702538822.3374765
u_2995,u_1924,transaction,3890.87161307847,1702539160.9997897
u_4227,u_608,transaction,776.7034065988374,1702539437.3696969
u_1875,u_168,transaction,1728.4077396737848,1702539488.930713
u_25,u_1139,transaction,1063.9486225169062,1702539746.0367653
u_4949,u_505,transaction,296.77034931357645,1702540127.2745605
u_4932,u_2324,transaction,2496.6835753862765,1702540581.8657234
u_7,u_2399,transaction,4784.331377076297,1702540892.0215137
u_33,u_1368,transaction,819.8473860022625,1702540976.2674878
u_1205,u_99,transaction,450.43773608456746,1702541163.5581026
u_2146,u_16,transaction,3595.4583376869905,1702541374.746383
u_4106,u_2,transaction,12498.447901667907,1702541526.7871416
u_122,u_3324,transaction,2185.4600107323968,1702541911.0431464
u_316,u_2013,transaction,1449.4762111479574,1702542255.0408015
u_4718,u_3925,transaction,304.26070557373026,1702542437.6635838
u_2765,u_71,transaction,256.9542711928188,1702542582.3867798
u_3836,u_2177,transaction,2706.1292262387533,1702543202.6058054
u_4417,u_165,transaction,2423.162643930586,1702543499.175559
u_47,u_473,transaction,1475.8942593750428,1702544076.6903648
u_2406,u_773,transaction,1556.2887833348796,1702544691.0445673
u_7,u_64,transaction,826.6665443948161,1702544720.880897
u_1299,u_1089,transaction,5920.318185842901,1702544929.137869
u_468,u_3488,transaction,3656.772511339993,1702544977.6833873
u_1605,u_3818,transaction,583.4348341409275,1702544990.3434474
u_454,u_1154,transaction,840.8294481963502,1702545158.980624
u_5,u_3295,transaction,1462.3368686757615,1702545723.6320398
u_1866,u_4,transaction,2071.1429871294035,1702545891.3411863
u_242,u_1267,transaction,2990.609179310151,1702546012.733314
u_324,u_7,transaction,379.3680255371338,1702546133.8364415
u_2309,u_431,transaction,2580.177176927969,1702546138.4532835
u_231,u_3629,transaction,880.0779356400235,1702546574.6307876
u_1016,u_1878,transaction,777.1830924416739,1702547321.581176
u_64,u_780,transaction,666.2164120738836,1702547755.8931775
u_214,u_544,transaction,800.7887496444714,1702547842.862752
u_652,u_1842,transaction,1027.0271359552771,1702547909.2875314
u_2339,u_1656,transaction,3277.231669039717,1702547998.6198804
u_3890,u_1437,transaction,1015.9510254355622,1702548166.2022734
u_4891,u_85,transaction,668.8577978054982,1702548255.2374315
u_3980,u_2107,transaction,8854.020494833581,1702548560.34142
u_908,u_413,transaction,10885.766137683322,1702548740.9688804
u_1579,u_91,transaction,503.9935125957304,1702549029.4517095
u_460,u_1778,transaction,381.21778518501196,1702549101.6158633
u_1555,u_774,transaction,1954.9952895312786,1702549258.7773046
u_690,u_433,transaction,8417.234141086792,1702549273.2128792
u_139,u_1127,transaction,533.4085143790049,1702549350.320005
u_3645,u_93,transaction,16836.427914301326,1702550336.7669842
u_1133,u_2195,transaction,515.8618582165096,1702550744.573893
u_4626,u_205,transaction,3009.9815592365076,1702550774.9342656
u_1253,u_3735,transaction,3522.9904681387034,1702550833.406664
u_1970,u_4728,transaction,4142.890597169515,1702551655.863017
u_2830,u_4591,transaction,1479.7780986994205,1702551743.9738657
u_350,u_4,transaction,1832.5255284759924,1702551958.5277238
u_14,u_3436,transaction,1642.192860854386,1702552226.4372838
u_661,u_2969,transaction,1118.0619442787156,1702552385.519215
u_2881,u_2498,transaction,3796.452262110044,1702553006.9769132
u_2743,u_4044,transaction,2675.3318500148407,1702553289.6745636
u_2355,u_3834,transaction,2459.792737956893,1702553309.3209236
u_3352,u_4860,transaction,1950.8206153371898,1702553576.017225
u_709,u_1417,transaction,692.6748957932756,1702554000.6797624
u_1841,u_200,transaction,6326.742255179666,1702554583.2380176
u_3931,u_22,transaction,10912.743642851781,1702554600.493708
u_1498,u_3872,transaction,1279.3311986825465,1702555905.214328
u_4785,u_3370,transaction,112.86416997471618,1702556246.9635077
u_163,u_3908,transaction,604.0910388229635,1702556290.6023438
u_81,u_1401,transaction,5295.061063321574,1702556613.2064245
u_1824,u_217,transaction,533.6175106138878,1702556748.2132864
u_707,u_45,transaction,1621.2886582039264,1702556811.3321729
u_2250,u_7,transaction,4718.6160511596045,1702556994.1186366
u_4567,u_3438,transaction,1091.9299262961315,1702557002.0089195
u_688,u_955,transaction,2012.6508480573407,1702557166.2448788
u_3817,u_51,transaction,7156.002638296107,1702557275.728211
u_473,u_402,transaction,8130.842522115269,1702558172.3569553
u_3714,u_44,transaction,1630.7221737575185,1702558565.7367208
u_939,u_672,transaction,664.0649693556932,1702558736.1345549
u_8,u_3165,transaction,751.2037521979383,1702558845.473811
u_6,u_1891,transaction,19223.187172695983,1702558866.730096
u_1130,u_2523,transaction,3088.5553843238404,1702558914.311634
u_822,u_190,transaction,4148.483538293527,1702558968.3109193
u_6,u_1629,transaction,417.05362447080927,1702559019.9899962
u_4,u_358,transaction,4369.470395524737,1702559179.539257
u_15,u_534,transaction,3627.0248736029457,1702559189.0223548
u_5,u_752,transaction,2219.584597767128,1702559411.1470244
u_1237,u_115,transaction,17543.428607350696,1702559412.740771
u_11,u_174,transaction,696.0224378116721,1702559501.9941475
u_516,u_4094,transaction,7395.444588199841,1702559804.5189342
u_4541,u_3813,transaction,396.2820690682285,1702559858.5707662
u_2674,u_742,transaction,4541.5599790270635,1702559988.9501157
u_156,u_1135,transaction,9922.048273312586,1702560046.7392519
u_1012,u_522,transaction,984.8877865317834,1702560259.7263906
u_4453,u_1495,transaction,427.00648745412525,1702560652.7271886
u_1169,u_1166,transaction,980.7977423221214,1702560902.0247452
u_419,u_4234,transaction,6823.760923886483,1702560934.746951
u_947,u_7,transaction,5535.264317992115,1702561008.34897
u_5,u_4497,transaction,1849.42646793914,1702561267.846694
u_3665,u_2138,transaction,29501.868163821135,1702561294.9218593
u_2123,u_99,transaction,8864.758517784649,1702561764.6211283
u_3872,u_212,transaction,16626.951356248897,1702562070.7246783
u_3273,u_3530,transaction,1094.6782978729611,1702562209.482175
u_1679,u_2276,transaction,6418.316591811233,1702562530.3042874
u_1773,u_422,transaction,2275.430047566049,1702562954.645743
u_1258,u_108,transaction,970.0042764309453,1702563238.860101
u_2273,u_3584,transaction,1450.1670848871313,1702563289.4048066
u_635,u_2397,transaction,1023.056736699339,1702563332.6129532
u_1938,u_46,transaction,956.3439331495434,1702563519.8569899
u_2633,u_390,transaction,1371.0446250193577,1702563633.6184144
u_3,u_3577,transaction,19961.95839491999,1702563680.4982212
u_120,u_2693,transaction,2088.608893771881,1702564232.0457144
u_16,u_22,transaction,21991.92201378837,1702564293.5592396
u_1162,u_3054,transaction,843.5186815481043,1702564333.2640471
u_1024,u_16,transaction,1198.1175017233854,1702564423.3476226
u_653,u_673,transaction,1404.7947671197164,1702564949.9500263
u_229,u_0,transaction,450.65463486291134,1702565862.0796142
u_886,u_2028,transaction,1697.1846009922433,1702565894.8421388
u_2964,u_1622,transaction,8369.759107367894,1702566057.262938
u_2986,u_2124,transaction,1041.9859723216166,1702566413.4079616
u_4,u_2824,transaction,1045.3370996665806,1702567369.2399626
u_3302,u_1073,transaction,1555.46817816678,1702567774.3183515
u_960,u_2107,transaction,191.1599794131086,1702568700.9790812
u_561,u_49,transaction,1637.106547345166,1702568731.7933867
u_4455,u_3710,transaction,2550.523526431843,1702569110.251433
u_7,u_801,transaction,1587.9184717265857,1702569158.6748877
u_415,u_1173,transaction,9745.148345968248,1702569433.9202137
u_164,u_4920,transaction,1222.8938450853132,1702569609.8720362
u_45,u_2899,transaction,2480.133999435891,1702569641.4932592
u_2893,u_2728,transaction,5077.3573795323855,1702569648.7409096
u_297,u_580,transaction,14245.838883125927,1702569788.5637875
u_4,u_3142,transaction,4763.057107436002,1702570200.5202816
u_6,u_13,transaction,3306.7239681695555,1702570515.1824489
u_323,u_385,transaction,1887.5611366001986,1702570594.5506861
u_1478,u_34,transaction,465.47781181184735,1702570982.074105
u_1118,u_2211,transaction,1007.8198456953071,1702571107.097378
u_4413,u_1205,transaction,5062.44254097588,1702571516.9015021
u_2874,u_4176,transaction,10201.82408204731,1702571530.4045615
u_201,u_7,transaction,3723.60284475197,1702571796.0053542
u_137,u_893,transaction,5403.480177210722,1702572133.8644893
u_3999,u_2442,transaction,721.4863712101578,1702572324.4997811
u_1690,u_256,transaction,852.9104251214521,1702572617.8188148
u_445,u_2256,transaction,2297.616403509745,1702572796.6926343
u_1419,u_4139,transaction,8873.244058202006,1702572848.6378675
u_22,u_122,transaction,5829.35494603158,1702572939.2517428
u_3888,u_92,transaction,866.7919349615398,1702573360.7800262
u_331,u_2937,transaction,2636.51137940638,1702573480.9382899
u_3602,u_2834,transaction,1504.0445618854876,1702573612.453272
u_4119,u_2442,transaction,9003.385591021755,1702573778.5959027
u_3516,u_323,transaction,202.36607202384968,1702573868.0772161
u_43,u_487,transaction,2920.0644105583037,1702574157.5099633
u_160,u_224,transaction,937.3959087641227,1702574307.9975843
u_2144,u_306,transaction,529.7431067866572,1702574338.0870767
u_2286,u_3905,transaction,1229.025923033646,1702574448.2817097
u_599,u_568,transaction,800.9886229443619,1702574610.9637508
u_2210,u_530,transaction,461.2980156003923,1702575360.5053802
u_3218,u_4542,transaction,7664.94177495855,1702575446.4082525
u_1707,u_36,transaction,3256.2034391584557,1702576467.2694569
u_52,u_1491,transaction,1099.579214843871,1702576796.5562565
u_1615,u_188,transaction,671.4078501062609,1702576829.3281982
u_3415,u_286,transaction,3363.280438172522,1702577181.4143937
u_1062,u_2759,transaction,305.33587982012403,1702578537.0338247
u_2936,u_3575,transaction,1345.604441351591,1702579360.4375455
u_2896,u_2485,transaction,984.5415559379828,1702579383.5521493
u_4261,u_1704,transaction,316.6440610956777,1702579557.841585
u_3502,u_451,transaction,240.20966247124795,1702579663.5635583
u_323,u_157,transaction,5286.850863925542,1702579891.7253187
u_4337,u_132,transaction,1581.2687867076436,1702579999.6339931
u_4594,u_608,transaction,2353.096066959529,1702580084.031128
u_582,u_698,transaction,603.7286974490489,1702580087.1821914
u_500,u_20,transaction,941.4074293044714,1702580406.5168114
u_3244,u_1859,transaction,1042.5741396260187,1702580411.1852725
u_1737,u_27,transaction,524.4434356394584,1702580440.4741971
u_258,u_4808,transaction,2231.649548653572,1702580603.1028965
u_872,u_102,transaction,2410.4383674887745,1702580661.9106417
u_2023,u_370,transaction,1575.8522016990103,1702581031.4849343
u_2543,u_1783,transaction,2232.812916741836,1702581230.1414301
u_2711,u_403,transaction,2239.437306269597,1702581758.5470493
u_5,u_759,transaction,775.6049806404646,1702582086.7772026
u_3008,u_56,transaction,1192.4980590316372,1702582752.6303594
u_4222,u_392,transaction,256.0587718108206,1702582977.352634
u_25,u_263,transaction,1193.5795378724797,1702583293.2823286
u_2248,u_743,transaction,4096.882282209144,1702583695.2581792
u_4813,u_1073,transaction,14387.034093100468,1702583948.9389877
u_4399,u_1527,transaction,18141.303628937134,1702584297.735618
u_45,u_3213,transaction,672.8153961783813,1702584573.5835457
u_333,u_22,transaction,785.5638318033646,1702584747.2380128
u_5001,u_5013,transaction,958.1321981963881,1702584837.8720195
u_20,u_2086,transaction,1834.0597143020552,1702585002.780515
u_3723,u_4504,transaction,600.4670986918065,1702585190.0718095
u_1238,u_3747,transaction,11717.25523273439,1702585227.7133389
u_2938,u_3270,transaction,2171.1113312285843,1702585337.376198
u_1054,u_455,transaction,9770.682849511046,1702585414.2225366
u_3364,u_3829,transaction,7013.36529686088,1702585517.9759066
u_1775,u_1797,transaction,1192.2070911863314,1702585756.4530714
u_1999,u_2484,transaction,879.8821508302989,1702586587.5184872
u_170,u_71,transaction,833.9811505934379,1702586613.5386643
u_1559,u_110,transaction,2074.2449344027686,1702586714.5562496
u_2707,u_21,transaction,4904.998714204397,1702586726.3795347
u_1234,u_2984,transaction,1798.0170654750016,1702586730.7299633
u_51,u_3313,transaction,655.7868300041409,1702586832.6475096
u_4173,u_105,transaction,4798.413969895927,1702587039.638091
u_6,u_28,transaction,4893.6501422454985,1702587295.8213127
u_4457,u_73,transaction,2495.0955667707244,1702587307.741006
u_3509,u_3669,transaction,320.4535286755667,1702587670.8693056
u_1125,u_2195,transaction,2526.116734052836,1702587684.6750374
u_3471,u_43,transaction,822.8927942265091,1702587869.5645752
u_1487,u_4046,transaction,2204.122524856666,1702588063.4678707
u_2452,u_258,transaction,1035.737929926899,1702588205.521149
u_1799,u_2465,transaction,1812.0817874795202,1702588277.6593053
u_2221,u_1672,transaction,1612.3695638257136,1702588548.3209145
u_1269,u_30,transaction,1196.3160768005594,1702588555.5533195
u_5064,u_5079,transaction,1771.5245350320529,1702588567.5079286
u_2876,u_257,transaction,4032.4461609145446,1702588604.2683094
u_1682,u_496,transaction,3999.0754150407874,1702588722.1046746
u_2030,u_1637,transaction,504.8782645932387,1702589923.2986963
u_546,u_2689,transaction,3317.4198574011,1702590033.0788276
u_96,u_606,transaction,6651.451608267125,1702590386.906784
u_1882,u_4624,transaction,1298.1450200799682,1702590756.5099318
u_2849,u_2621,transaction,5701.278398971011,1702591092.901837
u_1121,u_753,transaction,764.5373171003134,1702591159.1969867
u_2681,u_952,transaction,529.6261784149682,1702591362.4387655
u_1422,u_453,transaction,1026.6566893714473,1702591720.2389138
u_10,u_4479,shared_device,1.0,0.0
u_29,u_4666,shared_device,1.0,0.0
u_38,u_3357,shared_device,1.0,0.0
u_58,u_494,shared_device,1.0,0.0
u_59,u_2199,shared_device,1.0,0.0
u_67,u_1753,shared_device,1.0,0.0
u_69,u_4956,shared_device,1.0,0.0
u_81,u_2776,shared_device,1.0,0.0
u_85,u_2036,shared_device,1.0,0.0
u_93,u_4722,shared_device,1.0,0.0
u_97,u_2608,shared_device,1.0,0.0
u_98,u_1223,shared_device,1.0,0.0
u_100,u_212,shared_device,1.0,0.0
u_102,u_923,shared_device,1.0,0.0
u_114,u_2171,shared_device,1.0,0.0
u_117,u_3785,shared_device,1.0,0.0
u_161,u_463,shared_device,1.0,0.0
u_163,u_3232,shared_device,1.0,0.0
u_169,u_3806,shared_device,1.0,0.0
u_174,u_1610,shared_device,1.0,0.0
u_174,u_2952,shared_device,1.0,0.0
u_1610,u_2952,shared_device,1.0,0.0
u_177,u_4713,shared_device,1.0,0.0
u_185,u_4692,shared_device,1.0,0.0
u_189,u_1526,shared_device,1.0,0.0
u_204,u_2079,shared_device,1.0,0.0
u_230,u_1297,shared_device,1.0,0.0
u_230,u_3814,shared_device,1.0,0.0
u_1297,u_3814,shared_device,1.0,0.0
u_243,u_1782,shared_device,1.0,0.0
u_245,u_490,shared_device,1.0,0.0
u_255,u_4779,shared_device,1.0,0.0
u_260,u_287,shared_device,1.0,0.0
u_283,u_1552,shared_device,1.0,0.0
u_285,u_696,shared_device,1.0,0.0
u_286,u_858,shared_device,1.0,0.0
u_286,u_4287,shared_device,1.0,0.0
u_858,u_4287,shared_device,1.0,0.0
u_290,u_422,shared_device,1.0,0.0
u_306,u_1019,shared_device,1.0,0.0
u_323,u_1366,shared_device,1.0,0.0
u_337,u_4639,shared_device,1.0,0.0
u_346,u_3494,shared_device,1.0,0.0
u_348,u_1097,shared_device,1.0,0.0
u_348,u_3783,shared_device,1.0,0.0
u_1097,u_3783,shared_device,1.0,0.0
u_349,u_2321,shared_device,1.0,0.0
u_351,u_3058,shared_device,1.0,0.0
u_367,u_3427,shared_device,1.0,0.0
u_384,u_4727,shared_device,1.0,0.0
u_411,u_3682,shared_device,1.0,0.0
u_411,u_3890,shared_device,1.0,0.0
u_3682,u_3890,shared_device,1.0,0.0
u_420,u_1467,shared_device,1.0,0.0
u_459,u_1240,shared_device,1.0,0.0
u_483,u_4701,shared_device,1.0,0.0
u_487,u_3954,shared_device,1.0,0.0
u_499,u_2684,shared_device,1.0,0.0
u_532,u_4155,shared_device,1.0,0.0
u_543,u_2289,shared_device,1.0,0.0
u_555,u_2146,shared_device,1.0,0.0
u_562,u_2100,shared_device,1.0,0.0
u_570,u_2811,shared_device,1.0,0.0
u_574,u_4679,shared_device,1.0,0.0
u_585,u_1175,shared_device,1.0,0.0
u_606,u_4990,shared_device,1.0,0.0
u_616,u_4512,shared_device,1.0,0.0
u_619,u_2095,shared_device,1.0,0.0
u_619,u_3193,shared_device,1.0,0.0
u_2095,u_3193,shared_device,1.0,0.0
u_627,u_3376,shared_device,1.0,0.0
u_646,u_3603,shared_device,1.0,0.0
u_653,u_4413,shared_device,1.0,0.0
u_653,u_4788,shared_device,1.0,0.0
u_4413,u_4788,shared_device,1.0,0.0
u_671,u_934,shared_device,1.0,0.0
u_671,u_3701,shared_device,1.0,0.0
u_934,u_3701,shared_device,1.0,0.0
u_673,u_4269,shared_device,1.0,0.0
u_679,u_1492,shared_device,1.0,0.0
u_704,u_2017,shared_device,1.0,0.0
u_732,u_2564,shared_device,1.0,0.0
u_732,u_3780,shared_device,1.0,0.0
u_732,u_4955,shared_device,1.0,0.0
u_2564,u_3780,shared_device,1.0,0.0
u_2564,u_4955,shared_device,1.0,0.0
u_3780,u_4955,shared_device,1.0,0.0
u_740,u_3004,shared_device,1.0,0.0
u_766,u_1312,shared_device,1.0,0.0
u_772,u_1395,shared_device,1.0,0.0
u_772,u_1905,shared_device,1.0,0.0
u_1395,u_1905,shared_device,1.0,0.0
u_784,u_4054,shared_device,1.0,0.0
u_809,u_2535,shared_device,1.0,0.0
u_810,u_2178,shared_device,1.0,0.0
u_810,u_3715,shared_device,1.0,0.0
u_2178,u_3715,shared_device,1.0,0.0
u_812,u_3535,shared_device,1.0,0.0
u_816,u_2229,shared_device,1.0,0.0
u_816,u_3434,shared_device,1.0,0.0
u_2229,u_3434,shared_device,1.0,0.0
u_827,u_4382,shared_device,1.0,0.0
u_829,u_947,shared_device,1.0,0.0
u_839,u_2156,shared_device,1.0,0.0
u_863,u_1367,shared_device,1.0,0.0
u_865,u_3143,shared_device,1.0,0.0
u_883,u_4371,shared_device,1.0,0.0
u_894,u_1672,shared_device,1.0,0.0
u_908,u_4063,shared_device,1.0,0.0
u_910,u_4852,shared_device,1.0,0.0
u_916,u_1942,shared_device,1.0,0.0
u_916,u_3338,shared_device,1.0,0.0
u_1942,u_3338,shared_device,1.0,0.0
u_950,u_3713,shared_device,1.0,0.0
u_981,u_4587,shared_device,1.0,0.0
u_982,u_1520,shared_device,1.0,0.0
u_995,u_998,shared_device,1.0,0.0
u_1007,u_4114,shared_device,1.0,0.0
u_1009,u_4021,shared_device,1.0,0.0
u_1029,u_4363,shared_device,1.0,0.0
u_1035,u_4246,shared_device,1.0,0.0
u_1036,u_1598,shared_device,1.0,0.0
u_1046,u_4464,shared_device,1.0,0.0
u_1091,u_3243,shared_device,1.0,0.0
u_1100,u_2279,shared_device,1.0,0.0
u_1100,u_4170,shared_device,1.0,0.0
u_2279,u_4170,shared_device,1.0,0.0
u_1101,u_2518,shared_device,1.0,0.0
u_1108,u_4017,shared_device,1.0,0.0
u_1110,u_3392,shared_device,1.0,0.0
u_1111,u_2452,shared_device,1.0,0.0
u_1112,u_3716,shared_device,1.0,0.0
u_1118,u_1993,shared_device,1.0,0.0
u_1127,u_2451,shared_device,1.0,0.0
u_1127,u_4334,shared_device,1.0,0.0
u_2451,u_4334,shared_device,1.0,0.0
u_1145,u_3293,shared_device,1.0,0.0
u_1167,u_4060,shared_device,1.0,0.0
u_1169,u_2163,shared_device,1.0,0.0
u_1180,u_2445,shared_device,1.0,0.0
u_1181,u_1183,shared_device,1.0,0.0
u_1210,u_1547,shared_device,1.0,0.0
u_1210,u_4589,shared_device,1.0,0.0
u_1547,u_4589,shared_device,1.0,0.0
u_1237,u_3888,shared_device,1.0,0.0
u_1307,u_2217,shared_device,1.0,0.0
u_1309,u_4066,shared_device,1.0,0.0
u_1369,u_4665,shared_device,1.0,0.0
u_1391,u_3675,shared_device,1.0,0.0
u_1398,u_4596,shared_device,1.0,0.0
u_1406,u_3698,shared_device,1.0,0.0
u_1412,u_1752,shared_device,1.0,0.0
u_1418,u_1422,shared_device,1.0,0.0
u_1450,u_2416,shared_device,1.0,0.0
u_1453,u_3057,shared_device,1.0,0.0
u_1488,u_3743,shared_device,1.0,0.0
u_1501,u_1676,shared_device,1.0,0.0
u_1519,u_2372,shared_device,1.0,0.0
u_1523,u_4653,shared_device,1.0,0.0
u_1536,u_4984,shared_device,1.0,0.0
u_1576,u_2502,shared_device,1.0,0.0
u_1581,u_2859,shared_device,1.0,0.0
u_1663,u_2499,shared_device,1.0,0.0
u_1677,u_2742,shared_device,1.0,0.0
u_1683,u_4042,shared_device,1.0,0.0
u_1684,u_3105,shared_device,1.0,0.0
u_1688,u_3485,shared_device,1.0,0.0
u_1692,u_3280,shared_device,1.0,0.0
u_1701,u_4793,shared_device,1.0,0.0
u_1706,u_4838,shared_device,1.0,0.0
u_1708,u_3458,shared_device,1.0,0.0
u_1712,u_2009,shared_device,1.0,0.0
u_1719,u_4326,shared_device,1.0,0.0
u_1731,u_2596,shared_device,1.0,0.0
u_1738,u_3776,shared_device,1.0,0.0
u_1756,u_1917,shared_device,1.0,0.0
u_1762,u_3125,shared_device,1.0,0.0
u_1762,u_4628,shared_device,1.0,0.0
u_3125,u_4628,shared_device,1.0,0.0
u_1771,u_3779,shared_device,1.0,0.0
u_1810,u_3061,shared_device,1.0,0.0
u_1822,u_4194,shared_device,1.0,0.0
u_1883,u_4849,shared_device,1.0,0.0
u_1936,u_3202,shared_device,1.0,0.0
u_1961,u_3076,shared_device,1.0,0.0
u_1965,u_4162,shared_device,1.0,0.0
u_1967,u_3041,shared_device,1.0,0.0
u_1975,u_4715,shared_device,1.0,0.0
u_1982,u_2893,shared_device,1.0,0.0
u_2013,u_4735,shared_device,1.0,0.0
u_2016,u_3218,shared_device,1.0,0.0
u_2042,u_2810,shared_device,1.0,0.0
u_2088,u_3094,shared_device,1.0,0.0
u_2123,u_2216,shared_device,1.0,0.0
u_2130,u_4971,shared_device,1.0,0.0
u_2166,u_2856,shared_device,1.0,0.0
u_2175,u_3355,shared_device,1.0,0.0
u_2208,u_3721,shared_device,1.0,0.0
u_2253,u_2757,shared_device,1.0,0.0
u_2268,u_4215,shared_device,1.0,0.0
u_2269,u_4456,shared_device,1.0,0.0
u_2288,u_2590,shared_device,1.0,0.0
u_2326,u_3315,shared_device,1.0,0.0
u_2377,u_3111,shared_device,1.0,0.0
u_2391,u_3689,shared_device,1.0,0.0
u_2437,u_4232,shared_device,1.0,0.0
u_2454,u_4386,shared_device,1.0,0.0
u_2581,u_2863,shared_device,1.0,0.0
u_2585,u_3034,shared_device,1.0,0.0
u_2620,u_2872,shared_device,1.0,0.0
u_2635,u_3524,shared_device,1.0,0.0
u_2687,u_4350,shared_device,1.0,0.0
u_2688,u_4756,shared_device,1.0,0.0
u_2691,u_4677,shared_device,1.0,0.0
u_2692,u_4404,shared_device,1.0,0.0
u_2732,u_4612,shared_device,1.0,0.0
u_2735,u_4460,shared_device,1.0,0.0
u_2738,u_3160,shared_device,1.0,0.0
u_2746,u_4870,shared_device,1.0,0.0
u_2799,u_4118,shared_device,1.0,0.0
u_2840,u_2925,shared_device,1.0,0.0
u_2855,u_4259,shared_device,1.0,0.0
u_2917,u_3688,shared_device,1.0,0.0
u_2942,u_3630,shared_device,1.0,0.0
u_3036,u_3588,shared_device,1.0,0.0
u_3038,u_4016,shared_device,1.0,0.0
u_3098,u_3455,shared_device,1.0,0.0
u_3118,u_4428,shared_device,1.0,0.0
u_3134,u_4307,shared_device,1.0,0.0
u_3204,u_4285,shared_device,1.0,0.0
u_3271,u_4474,shared_device,1.0,0.0
u_3284,u_4655,shared_device,1.0,0.0
u_3294,u_4057,shared_device,1.0,0.0
u_3333,u_4704,shared_device,1.0,0.0
u_3352,u_4454,shared_device,1.0,0.0
u_3373,u_4711,shared_device,1.0,0.0
u_3433,u_4199,shared_device,1.0,0.0
u_3438,u_3986,shared_device,1.0,0.0
u_3464,u_3483,shared_device,1.0,0.0
u_3480,u_4528,shared_device,1.0,0.0
u_3558,u_4393,shared_device,1.0,0.0
u_3613,u_4782,shared_device,1.0,0.0
u_3647,u_3833,shared_device,1.0,0.0
u_3750,u_4774,shared_device,1.0,0.0
u_3808,u_3897,shared_device,1.0,0.0
u_3849,u_4492,shared_device,1.0,0.0
u_3862,u_3982,shared_device,1.0,0.0
u_3871,u_4172,shared_device,1.0,0.0
u_3885,u_4698,shared_device,1.0,0.0
u_3992,u_4790,shared_device,1.0,0.0
u_4027,u_4995,shared_device,1.0,0.0
u_4052,u_4846,shared_device,1.0,0.0
u_4064,u_4349,shared_device,1.0,0.0
u_4127,u_4282,shared_device,1.0,0.0
u_4133,u_4411,shared_device,1.0,0.0
u_4142,u_4395,shared_device,1.0,0.0
u_4175,u_4911,shared_device,1.0,0.0
u_4332,u_4743,shared_device,1.0,0.0
u_4571,u_4811,shared_device,1.0,0.0
u_5000,u_5001,shared_device,1.0,0.0
u_5000,u_5004,shared_device,1.0,0.0
u_5000,u_5005,shared_device,1.0,0.0
u_5000,u_5007,shared_device,1.0,0.0
u_5000,u_5009,shared_device,1.0,0.0
u_5000,u_5012,shared_device,1.0,0.0
u_5001,u_5004,shared_device,1.0,0.0
u_5001,u_5005,shared_device,1.0,0.0
u_5001,u_5007,shared_device,1.0,0.0
u_5001,u_5009,shared_device,1.0,0.0
u_5001,u_5012,shared_device,1.0,0.0
u_5004,u_5005,shared_device,1.0,0.0
u_5004,u_5007,shared_device,1.0,0.0
u_5004,u_5009,shared_device,1.0,0.0
u_5004,u_5012,shared_device,1.0,0.0
u_5005,u_5007,shared_device,1.0,0.0
u_5005,u_5009,shared_device,1.0,0.0
u_5005,u_5012,shared_device,1.0,0.0
u_5007,u_5009,shared_device,1.0,0.0
u_5007,u_5012,shared_device,1.0,0.0
u_5009,u_5012,shared_device,1.0,0.0
u_5002,u_5003,shared_device,1.0,0.0
u_5002,u_5013,shared_device,1.0,0.0
u_5003,u_5013,shared_device,1.0,0.0
u_5006,u_5008,shared_device,1.0,0.0
u_5006,u_5010,shared_device,1.0,0.0
u_5006,u_5011,shared_device,1.0,0.0
u_5008,u_5010,shared_device,1.0,0.0
u_5008,u_5011,shared_device,1.0,0.0
u_5010,u_5011,shared_device,1.0,0.0
u_5014,u_5016,shared_device,1.0,0.0
u_5014,u_5020,shared_device,1.0,0.0
u_5014,u_5021,shared_device,1.0,0.0
u_5016,u_5020,shared_device,1.0,0.0
u_5016,u_5021,shared_device,1.0,0.0
u_5020,u_5021,shared_device,1.0,0.0
u_5015,u_5022,shared_device,1.0,0.0
u_5015,u_5023,shared_device,1.0,0.0
u_5015,u_5024,shared_device,1.0,0.0
u_5022,u_5023,shared_device,1.0,0.0
u_5022,u_5024,shared_device,1.0,0.0
u_5023,u_5024,shared_device,1.0,0.0
u_5017,u_5018,shared_device,1.0,0.0
u_5017,u_5019,shared_device,1.0,0.0
u_5018,u_5019,shared_device,1.0,0.0
u_5025,u_5026,shared_device,1.0,0.0
u_5025,u_5028,shared_device,1.0,0.0
u_5025,u_5034,shared_device,1.0,0.0
u_5025,u_5037,shared_device,1.0,0.0
u_5026,u_5028,shared_device,1.0,0.0
u_5026,u_5034,shared_device,1.0,0.0
u_5026,u_5037,shared_device,1.0,0.0
u_5028,u_5034,shared_device,1.0,0.0
u_5028,u_5037,shared_device,1.0,0.0
u_5034,u_5037,shared_device,1.0,0.0
u_5027,u_5032,shared_device,1.0,0.0
u_5027,u_5033,shared_device,1.0,0.0
u_5027,u_5038,shared_device,1.0,0.0
u_5032,u_5033,shared_device,1.0,0.0
u_5032,u_5038,shared_device,1.0,0.0
u_5033,u_5038,shared_device,1.0,0.0
u_5029,u_5030,shared_device,1.0,0.0
u_5029,u_5031,shared_device,1.0,0.0
u_5029,u_5035,shared_device,1.0,0.0
u_5029,u_5036,shared_device,1.0,0.0
u_5030,u_5031,shared_device,1.0,0.0
u_5030,u_5035,shared_device,1.0,0.0
u_5030,u_5036,shared_device,1.0,0.0
u_5031,u_5035,shared_device,1.0,0.0
u_5031,u_5036,shared_device,1.0,0.0
u_5035,u_5036,shared_device,1.0,0.0
u_5039,u_5040,shared_device,1.0,0.0
u_5039,u_5041,shared_device,1.0,0.0
u_5039,u_5043,shared_device,1.0,0.0
u_5039,u_5046,shared_device,1.0,0.0
u_5040,u_5041,shared_device,1.0,0.0
u_5040,u_5043,shared_device,1.0,0.0
u_5040,u_5046,shared_device,1.0,0.0
u_5041,u_5043,shared_device,1.0,0.0
u_5041,u_5046,shared_device,1.0,0.0
u_5043,u_5046,shared_device,1.0,0.0
u_5042,u_5044,shared_device,1.0,0.0
u_5042,u_5045,shared_device,1.0,0.0
u_5044,u_5045,shared_device,1.0,0.0
u_5047,u_5048,shared_device,1.0,0.0
u_5047,u_5049,shared_device,1.0,0.0
u_5047,u_5051,shared_device,1.0,0.0
u_5047,u_5052,shared_device,1.0,0.0
u_5047,u_5053,shared_device,1.0,0.0
u_5047,u_5054,shared_device,1.0,0.0
u_5047,u_5056,shared_device,1.0,0.0
u_5048,u_5049,shared_device,1.0,0.0
u_5048,u_5051,shared_device,1.0,0.0
u_5048,u_5052,shared_device,1.0,0.0
u_5048,u_5053,shared_device,1.0,0.0
u_5048,u_5054,shared_device,1.0,0.0
u_5048,u_5056,shared_device,1.0,0.0
u_5049,u_5051,shared_device,1.0,0.0
u_5049,u_5052,shared_device,1.0,0.0
u_5049,u_5053,shared_device,1.0,0.0
u_5049,u_5054,shared_device,1.0,0.0
u_5049,u_5056,shared_device,1.0,0.0
u_5051,u_5052,shared_device,1.0,0.0
u_5051,u_5053,shared_device,1.0,0.0
u_5051,u_5054,shared_device,1.0,0.0
u_5051,u_5056,shared_device,1.0,0.0
u_5052,u_5053,shared_device,1.0,0.0
u_5052,u_5054,shared_device,1.0,0.0
u_5052,u_5056,shared_device,1.0,0.0
u_5053,u_5054,shared_device,1.0,0.0
u_5053,u_5056,shared_device,1.0,0.0
u_5054,u_5056,shared_device,1.0,0.0
u_5050,u_5055,shared_device,1.0,0.0
u_5058,u_5059,shared_device,1.0,0.0
u_5058,u_5060,shared_device,1.0,0.0
u_5058,u_5061,shared_device,1.0,0.0
u_5059,u_5060,shared_device,1.0,0.0
u_5059,u_5061,shared_device,1.0,0.0
u_5060,u_5061,shared_device,1.0,0.0
u_5062,u_5063,shared_device,1.0,0.0
u_5062,u_5065,shared_device,1.0,0.0
u_5062,u_5066,shared_device,1.0,0.0
u_5062,u_5068,shared_device,1.0,0.0
u_5062,u_5071,shared_device,1.0,0.0
u_5062,u_5072,shared_device,1.0,0.0
u_5062,u_5075,shared_device,1.0,0.0
u_5062,u_5076,shared_device,1.0,0.0
u_5063,u_5065,shared_device,1.0,0.0
u_5063,u_5066,shared_device,1.0,0.0
u_5063,u_5068,shared_device,1.0,0.0
u_5063,u_5071,shared_device,1.0,0.0
u_5063,u_5072,shared_device,1.0,0.0
u_5063,u_5075,shared_device,1.0,0.0
u_5063,u_5076,shared_device,1.0,0.0
u_5065,u_5066,shared_device,1.0,0.0
u_5065,u_5068,shared_device,1.0,0.0
u_5065,u_5071,shared_device,1.0,0.0
u_5065,u_5072,shared_device,1.0,0.0
u_5065,u_5075,shared_device,1.0,0.0
u_5065,u_5076,shared_device,1.0,0.0
u_5066,u_5068,shared_device,1.0,0.0
u_5066,u_5071,shared_device,1.0,0.0
u_5066,u_5072,shared_device,1.0,0.0
u_5066,u_5075,shared_device,1.0,0.0
u_5066,u_5076,shared_device,1.0,0.0
u_5068,u_5071,shared_device,1.0,0.0
u_5068,u_5072,shared_device,1.0,0.0
u_5068,u_5075,shared_device,1.0,0.0
u_5068,u_5076,shared_device,1.0,0.0
u_5071,u_5072,shared_device,1.0,0.0
u_5071,u_5075,shared_device,1.0,0.0
u_5071,u_5076,shared_device,1.0,0.0
u_5072,u_5075,shared_device,1.0,0.0
u_5072,u_5076,shared_device,1.0,0.0
u_5075,u_5076,shared_device,1.0,0.0
u_5064,u_5070,shared_device,1.0,0.0
u_5067,u_5069,shared_device,1.0,0.0
u_5067,u_5073,shared_device,1.0,0.0
u_5067,u_5074,shared_device,1.0,0.0
u_5067,u_5077,shared_device,1.0,0.0
u_5067,u_5078,shared_device,1.0,0.0
u_5067,u_5079,shared_device,1.0,0.0
u_5067,u_5080,shared_device,1.0,0.0
u_5069,u_5073,shared_device,1.0,0.0
u_5069,u_5074,shared_device,1.0,0.0
u_5069,u_5077,shared_device,1.0,0.0
u_5069,u_5078,shared_device,1.0,0.0
u_5069,u_5079,shared_device,1.0,0.0
u_5069,u_5080,shared_device,1.0,0.0
u_5073,u_5074,shared_device,1.0,0.0
u_5073,u_5077,shared_device,1.0,0.0
u_5073,u_5078,shared_device,1.0,0.0
u_5073,u_5079,shared_device,1.0,0.0
u_5073,u_5080,shared_device,1.0,0.0
u_5074,u_5077,shared_device,1.0,0.0
u_5074,u_5078,shared_device,1.0,0.0
u_5074,u_5079,shared_device,1.0,0.0
u_5074,u_5080,shared_device,1.0,0.0
u_5077,u_5078,shared_device,1.0,0.0
u_5077,u_5079,shared_device,1.0,0.0
u_5077,u_5080,shared_device,1.0,0.0
u_5078,u_5079,shared_device,1.0,0.0
u_5078,u_5080,shared_device,1.0,0.0
u_5079,u_5080,shared_device,1.0,0.0
u_5081,u_5082,shared_device,1.0,0.0
u_5081,u_5083,shared_device,1.0,0.0
u_5081,u_5090,shared_device,1.0,0.0
u_5081,u_5094,shared_device,1.0,0.0
u_5082,u_5083,shared_device,1.0,0.0
u_5082,u_5090,shared_device,1.0,0.0
u_5082,u_5094,shared_device,1.0,0.0
u_5083,u_5090,shared_device,1.0,0.0
u_5083,u_5094,shared_device,1.0,0.0
u_5090,u_5094,shared_device,1.0,0.0
u_5084,u_5085,shared_device,1.0,0.0
u_5084,u_5086,shared_device,1.0,0.0
u_5085,u_5086,shared_device,1.0,0.0
u_5087,u_5088,shared_device,1.0,0.0
u_5087,u_5089,shared_device,1.0,0.0
u_5087,u_5091,shared_device,1.0,0.0
u_5087,u_5092,shared_device,1.0,0.0
u_5087,u_5093,shared_device,1.0,0.0
u_5087,u_5095,shared_device,1.0,0.0
u_5087,u_5096,shared_device,1.0,0.0
u_5088,u_5089,shared_device,1.0,0.0
u_5088,u_5091,shared_device,1.0,0.0
u_5088,u_5092,shared_device,1.0,0.0
u_5088,u_5093,shared_device,1.0,0.0
u_5088,u_5095,shared_device,1.0,0.0
u_5088,u_5096,shared_device,1.0,0.0
u_5089,u_5091,shared_device,1.0,0.0
u_5089,u_5092,shared_device,1.0,0.0
u_5089,u_5093,shared_device,1.0,0.0
u_5089,u_5095,shared_device,1.0,0.0
u_5089,u_5096,shared_device,1.0,0.0
u_5091,u_5092,shared_device,1.0,0.0
u_5091,u_5093,shared_device,1.0,0.0
u_5091,u_5095,shared_device,1.0,0.0
u_5091,u_5096,shared_device,1.0,0.0
u_5092,u_5093,shared_device,1.0,0.0
u_5092,u_5095,shared_device,1.0,0.0
u_5092,u_5096,shared_device,1.0,0.0
u_5093,u_5095,shared_device,1.0,0.0
u_5093,u_5096,shared_device,1.0,0.0
u_5095,u_5096,shared_device,1.0,0.0
u_5097,u_5099,shared_device,1.0,0.0
u_5097,u_5100,shared_device,1.0,0.0
u_5097,u_5101,shared_device,1.0,0.0
u_5097,u_5104,shared_device,1.0,0.0
u_5097,u_5105,shared_device,1.0,0.0
u_5097,u_5107,shared_device,1.0,0.0
u_5097,u_5108,shared_device,1.0,0.0
u_5097,u_5109,shared_device,1.0,0.0
u_5097,u_5113,shared_device,1.0,0.0
u_5099,u_5100,shared_device,1.0,0.0
u_5099,u_5101,shared_device,1.0,0.0
u_5099,u_5104,shared_device,1.0,0.0
u_5099,u_5105,shared_device,1.0,0.0
u_5099,u_5107,shared_device,1.0,0.0
u_5099,u_5108,shared_device,1.0,0.0
u_5099,u_5109,shared_device,1.0,0.0
u_5099,u_5113,shared_device,1.0,0.0
u_5100,u_5101,shared_device,1.0,0.0
u_5100,u_5104,shared_device,1.0,0.0
u_5100,u_5105,shared_device,1.0,0.0
u_5100,u_5107,shared_device,1.0,0.0
u_5100,u_5108,shared_device,1.0,0.0
u_5100,u_5109,shared_device,1.0,0.0
u_5100,u_5113,shared_device,1.0,0.0
u_5101,u_5104,shared_device,1.0,0.0
u_5101,u_5105,shared_device,1.0,0.0
u_5101,u_5107,shared_device,1.0,0.0
u_5101,u_5108,shared_device,1.0,0.0
u_5101,u_5109,shared_device,1.0,0.0
u_5101,u_5113,shared_device,1.0,0.0
u_5104,u_5105,shared_device,1.0,0.0
u_5104,u_5107,shared_device,1.0,0.0
u_5104,u_5108,shared_device,1.0,0.0
u_5104,u_5109,shared_device,1.0,0.0
u_5104,u_5113,shared_device,1.0,0.0
u_5105,u_5107,shared_device,1.0,0.0
u_5105,u_5108,shared_device,1.0,0.0
u_5105,u_5109,shared_device,1.0,0.0
u_5105,u_5113,shared_device,1.0,0.0
u_5107,u_5108,shared_device,1.0,0.0
u_5107,u_5109,shared_device,1.0,0.0
u_5107,u_5113,shared_device,1.0,0.0
u_5108,u_5109,shared_device,1.0,0.0
u_5108,u_5113,shared_device,1.0,0.0
u_5109,u_5113,shared_device,1.0,0.0
u_5098,u_5103,shared_device,1.0,0.0
u_5098,u_5106,shared_device,1.0,0.0
u_5098,u_5110,shared_device,1.0,0.0
u_5103,u_5106,shared_device,1.0,0.0
u_5103,u_5110,shared_device,1.0,0.0
u_5106,u_5110,shared_device,1.0,0.0
u_5102,u_5111,shared_device,1.0,0.0
u_5102,u_5112,shared_device,1.0,0.0
u_5111,u_5112,shared_device,1.0,0.0
u_9,u_2367,shared_ip,1.0,0.0
u_12,u_1496,shared_ip,1.0,0.0
u_12,u_1705,shared_ip,1.0,0.0
u_1496,u_1705,shared_ip,1.0,0.0
u_16,u_1784,shared_ip,1.0,0.0
u_21,u_189,shared_ip,1.0,0.0
u_27,u_4228,shared_ip,1.0,0.0
u_39,u_911,shared_ip,1.0,0.0
u_51,u_3882,shared_ip,1.0,0.0
u_72,u_4438,shared_ip,1.0,0.0
u_79,u_1377,shared_ip,1.0,0.0
u_98,u_2128,shared_ip,1.0,0.0
u_119,u_1215,shared_ip,1.0,0.0
u_126,u_1180,shared_ip,1.0,0.0
u_131,u_2187,shared_ip,1.0,0.0
u_139,u_1162,shared_ip,1.0,0.0
u_148,u_1549,shared_ip,1.0,0.0
u_168,u_499,shared_ip,1.0,0.0
u_185,u_3078,shared_ip,1.0,0.0
u_188,u_4888,shared_ip,1.0,0.0
u_193,u_2120,shared_ip,1.0,0.0
u_197,u_4564,shared_ip,1.0,0.0
u_245,u_3657,shared_ip,1.0,0.0
u_266,u_4019,shared_ip,1.0,0.0
u_275,u_1152,shared_ip,1.0,0.0
u_303,u_3131,shared_ip,1.0,0.0
u_320,u_3678,shared_ip,1.0,0.0
u_332,u_415,shared_ip,1.0,0.0
u_357,u_412,shared_ip,1.0,0.0
u_366,u_3180,shared_ip,1.0,0.0
u_439,u_1214,shared_ip,1.0,0.0
u_440,u_3334,shared_ip,1.0,0.0
u_479,u_782,shared_ip,1.0,0.0
u_481,u_3107,shared_ip,1.0,0.0
u_540,u_1363,shared_ip,1.0,0.0
u_560,u_2973,shared_ip,1.0,0.0
u_573,u_4102,shared_ip,1.0,0.0
u_646,u_3814,shared_ip,1.0,0.0
u_673,u_4450,shared_ip,1.0,0.0
u_674,u_2210,shared_ip,1.0,0.0
u_675,u_787,shared_ip,1.0,0.0
u_697,u_4287,shared_ip,1.0,0.0
u_702,u_1070,shared_ip,1.0,0.0
u_725,u_4624,shared_ip,1.0,0.0
u_737,u_4654,shared_ip,1.0,0.0
u_744,u_1398,shared_ip,1.0,0.0
u_750,u_4153,shared_ip,1.0,0.0
u_756,u_4748,shared_ip,1.0,0.0
u_757,u_2607,shared_ip,1.0,0.0
u_760,u_3254,shared_ip,1.0,0.0
u_773,u_2587,shared_ip,1.0,0.0
u_792,u_972,shared_ip,1.0,0.0
u_866,u_1076,shared_ip,1.0,0.0
u_870,u_4710,shared_ip,1.0,0.0
u_897,u_4684,shared_ip,1.0,0.0
u_904,u_2618,shared_ip,1.0,0.0
u_917,u_2873,shared_ip,1.0,0.0
u_960,u_1835,shared_ip,1.0,0.0
u_975,u_3327,shared_ip,1.0,0.0
u_993,u_2065,shared_ip,1.0,0.0
u_1039,u_3451,shared_ip,1.0,0.0
u_1047,u_1616,shared_ip,1.0,0.0
u_1069,u_1840,shared_ip,1.0,0.0
u_1079,u_1504,shared_ip,1.0,0.0
u_1097,u_2214,shared_ip,1.0,0.0
u_1128,u_1246,shared_ip,1.0,0.0
u_1130,u_4509,shared_ip,1.0,0.0
u_1137,u_4050,shared_ip,1.0,0.0
u_1140,u_4416,shared_ip,1.0,0.0
u_1159,u_4696,shared_ip,1.0,0.0
u_1181,u_2953,shared_ip,1.0,0.0
u_1185,u_1847,shared_ip,1.0,0.0
u_1212,u_1535,shared_ip,1.0,0.0
u_1222,u_3203,shared_ip,1.0,0.0
u_1229,u_2531,shared_ip,1.0,0.0
u_1247,u_1925,shared_ip,1.0,0.0
u_1292,u_4130,shared_ip,1.0,0.0
u_1476,u_3886,shared_ip,1.0,0.0
u_1483,u_2804,shared_ip,1.0,0.0
u_1632,u_4027,shared_ip,1.0,0.0
u_1651,u_3741,shared_ip,1.0,0.0
u_1666,u_2653,shared_ip,1.0,0.0
u_1752,u_3797,shared_ip,1.0,0.0
u_1758,u_4814,shared_ip,1.0,0.0
u_1795,u_2271,shared_ip,1.0,0.0
u_1822,u_4205,shared_ip,1.0,0.0
u_1887,u_2670,shared_ip,1.0,0.0
u_1890,u_4187,shared_ip,1.0,0.0
u_1959,u_2275,shared_ip,1.0,0.0
u_1960,u_4863,shared_ip,1.0,0.0
u_2001,u_3650,shared_ip,1.0,0.0
u_2006,u_2509,shared_ip,1.0,0.0
u_2006,u_3182,shared_ip,1.0,0.0
u_2509,u_3182,shared_ip,1.0,0.0
u_2037,u_2389,shared_ip,1.0,0.0
u_2040,u_3559,shared_ip,1.0,0.0
u_2051,u_4892,shared_ip,1.0,0.0
u_2091,u_3388,shared_ip,1.0,0.0
u_2103,u_3725,shared_ip,1.0,0.0
u_2113,u_3932,shared_ip,1.0,0.0
u_2122,u_3025,shared_ip,1.0,0.0
u_2203,u_4176,shared_ip,1.0,0.0
u_2205,u_4305,shared_ip,1.0,0.0
u_2215,u_3580,shared_ip,1.0,0.0
u_2224,u_4778,shared_ip,1.0,0.0
u_2239,u_3313,shared_ip,1.0,0.0
u_2247,u_3536,shared_ip,1.0,0.0
u_2282,u_4426,shared_ip,1.0,0.0
u_2321,u_4357,shared_ip,1.0,0.0
u_2321,u_4767,shared_ip,1.0,0.0
u_4357,u_4767,shared_ip,1.0,0.0
u_2339,u_3314,shared_ip,1.0,0.0
u_2388,u_4646,shared_ip,1.0,0.0
u_2401,u_2470,shared_ip,1.0,0.0
u_2458,u_4937,shared_ip,1.0,0.0
u_2459,u_2759,shared_ip,1.0,0.0
u_2463,u_3581,shared_ip,1.0,0.0
u_2499,u_3654,shared_ip,1.0,0.0
u_2555,u_3737,shared_ip,1.0,0.0
u_2609,u_3360,shared_ip,1.0,0.0
u_2634,u_3072,shared_ip,1.0,0.0
u_2693,u_2943,shared_ip,1.0,0.0
u_2701,u_4106,shared_ip,1.0,0.0
u_2825,u_2941,shared_ip,1.0,0.0
u_2839,u_4348,shared_ip,1.0,0.0
u_2892,u_3446,shared_ip,1.0,0.0
u_3087,u_4251,shared_ip,1.0,0.0
u_3149,u_4650,shared_ip,1.0,0.0
u_3219,u_4980,shared_ip,1.0,0.0
u_3303,u_3714,shared_ip,1.0,0.0
u_3306,u_4679,shared_ip,1.0,0.0
u_3350,u_3852,shared_ip,1.0,0.0
u_3367,u_3382,shared_ip,1.0,0.0
u_3483,u_4486,shared_ip,1.0,0.0
u_3505,u_4208,shared_ip,1.0,0.0
u_3521,u_4427,shared_ip,1.0,0.0
u_3538,u_3617,shared_ip,1.0,0.0
u_3590,u_4566,shared_ip,1.0,0.0
u_3659,u_4886,shared_ip,1.0,0.0
u_3766,u_4728,shared_ip,1.0,0.0
u_3923,u_4554,shared_ip,1.0,0.0
u_4219,u_4829,shared_ip,1.0,0.0
u_4268,u_4683,shared_ip,1.0,0.0
u_4323,u_4702,shared_ip,1.0,0.0
u_4389,u_4969,shared_ip,1.0,0.0
u_4399,u_4763,shared_ip,1.0,0.0
u_4424,u_4786,shared_ip,1.0,0.0
u_4548,u_4949,shared_ip,1.0,0.0
u_4708,u_4974,shared_ip,1.0,0.0
u_5000,u_5004,shared_ip,1.0,0.0
u_5000,u_5005,shared_ip,1.0,0.0
u_5000,u_5007,shared_ip,1.0,0.0
u_5000,u_5009,shared_ip,1.0,0.0
u_5000,u_5011,shared_ip,1.0,0.0
u_5004,u_5005,shared_ip,1.0,0.0
u_5004,u_5007,shared_ip,1.0,0.0
u_5004,u_5009,shared_ip,1.0,0.0
u_5004,u_5011,shared_ip,1.0,0.0
u_5005,u_5007,shared_ip,1.0,0.0
u_5005,u_5009,shared_ip,1.0,0.0
u_5005,u_5011,shared_ip,1.0,0.0
u_5007,u_5009,shared_ip,1.0,0.0
u_5007,u_5011,shared_ip,1.0,0.0
u_5009,u_5011,shared_ip,1.0,0.0
u_5001,u_5002,shared_ip,1.0,0.0
u_5001,u_5003,shared_ip,1.0,0.0
u_5001,u_5006,shared_ip,1.0,0.0
u_5001,u_5008,shared_ip,1.0,0.0
u_5001,u_5010,shared_ip,1.0,0.0
u_5001,u_5012,shared_ip,1.0,0.0
u_5001,u_5013,shared_ip,1.0,0.0
u_5002,u_5003,shared_ip,1.0,0.0
u_5002,u_5006,shared_ip,1.0,0.0
u_5002,u_5008,shared_ip,1.0,0.0
u_5002,u_5010,shared_ip,1.0,0.0
u_5002,u_5012,shared_ip,1.0,0.0
u_5002,u_5013,shared_ip,1.0,0.0
u_5003,u_5006,shared_ip,1.0,0.0
u_5003,u_5008,shared_ip,1.0,0.0
u_5003,u_5010,shared_ip,1.0,0.0
u_5003,u_5012,shared_ip,1.0,0.0
u_5003,u_5013,shared_ip,1.0,0.0
u_5006,u_5008,shared_ip,1.0,0.0
u_5006,u_5010,shared_ip,1.0,0.0
u_5006,u_5012,shared_ip,1.0,0.0
u_5006,u_5013,shared_ip,1.0,0.0
u_5008,u_5010,shared_ip,1.0,0.0
u_5008,u_5012,shared_ip,1.0,0.0
u_5008,u_5013,shared_ip,1.0,0.0
u_5010,u_5012,shared_ip,1.0,0.0
u_5010,u_5013,shared_ip,1.0,0.0
u_5012,u_5013,shared_ip,1.0,0.0
u_5014,u_5020,shared_ip,1.0,0.0
u_5014,u_5024,shared_ip,1.0,0.0
u_5020,u_5024,shared_ip,1.0,0.0
u_5015,u_5016,shared_ip,1.0,0.0
u_5015,u_5017,shared_ip,1.0,0.0
u_5015,u_5018,shared_ip,1.0,0.0
u_5015,u_5019,shared_ip,1.0,0.0
u_5015,u_5021,shared_ip,1.0,0.0
u_5015,u_5022,shared_ip,1.0,0.0
u_5015,u_5023,shared_ip,1.0,0.0
u_5016,u_5017,shared_ip,1.0,0.0
u_5016,u_5018,shared_ip,1.0,0.0
u_5016,u_5019,shared_ip,1.0,0.0
u_5016,u_5021,shared_ip,1.0,0.0
u_5016,u_5022,shared_ip,1.0,0.0
u_5016,u_5023,shared_ip,1.0,0.0
u_5017,u_5018,shared_ip,1.0,0.0
u_5017,u_5019,shared_ip,1.0,0.0
u_5017,u_5021,shared_ip,1.0,0.0
u_5017,u_5022,shared_ip,1.0,0.0
u_5017,u_5023,shared_ip,1.0,0.0
u_5018,u_5019,shared_ip,1.0,0.0
u_5018,u_5021,shared_ip,1.0,0.0
u_5018,u_5022,shared_ip,1.0,0.0
u_5018,u_5023,shared_ip,1.0,0.0
u_5019,u_5021,shared_ip,1.0,0.0
u_5019,u_5022,shared_ip,1.0,0.0
u_5019,u_5023,shared_ip,1.0,0.0
u_5021,u_5022,shared_ip,1.0,0.0
u_5021,u_5023,shared_ip,1.0,0.0
u_5022,u_5023,shared_ip,1.0,0.0
u_5025,u_5027,shared_ip,1.0,0.0
u_5025,u_5029,shared_ip,1.0,0.0
u_5025,u_5030,shared_ip,1.0,0.0
u_5025,u_5031,shared_ip,1.0,0.0
u_5025,u_5033,shared_ip,1.0,0.0
u_5025,u_5034,shared_ip,1.0,0.0
u_5025,u_5035,shared_ip,1.0,0.0
u_5025,u_5037,shared_ip,1.0,0.0
u_5025,u_5038,shared_ip,1.0,0.0
u_5027,u_5029,shared_ip,1.0,0.0
u_5027,u_5030,shared_ip,1.0,0.0
u_5027,u_5031,shared_ip,1.0,0.0
u_5027,u_5033,shared_ip,1.0,0.0
u_5027,u_5034,shared_ip,1.0,0.0
u_5027,u_5035,shared_ip,1.0,0.0
u_5027,u_5037,shared_ip,1.0,0.0
u_5027,u_5038,shared_ip,1.0,0.0
u_5029,u_5030,shared_ip,1.0,0.0
u_5029,u_5031,shared_ip,1.0,0.0
u_5029,u_5033,shared_ip,1.0,0.0
u_5029,u_5034,shared_ip,1.0,0.0
u_5029,u_5035,shared_ip,1.0,0.0
u_5029,u_5037,shared_ip,1.0,0.0
u_5029,u_5038,shared_ip,1.0,0.0
u_5030,u_5031,shared_ip,1.0,0.0
u_5030,u_5033,shared_ip,1.0,0.0
u_5030,u_5034,shared_ip,1.0,0.0
u_5030,u_5035,shared_ip,1.0,0.0
u_5030,u_5037,shared_ip,1.0,0.0
u_5030,u_5038,shared_ip,1.0,0.0
u_5031,u_5033,shared_ip,1.0,0.0
u_5031,u_5034,shared_ip,1.0,0.0
u_5031,u_5035,shared_ip,1.0,0.0
u_5031,u_5037,shared_ip,1.0,0.0
u_5031,u_5038,shared_ip,1.0,0.0
u_5033,u_5034,shared_ip,1.0,0.0
u_5033,u_5035,shared_ip,1.0,0.0
u_5033,u_5037,shared_ip,1.0,0.0
u_5033,u_5038,shared_ip,1.0,0.0
u_5034,u_5035,shared_ip,1.0,0.0
u_5034,u_5037,shared_ip,1.0,0.0
u_5034,u_5038,shared_ip,1.0,0.0
u_5035,u_5037,shared_ip,1.0,0.0
u_5035,u_5038,shared_ip,1.0,0.0
u_5037,u_5038,shared_ip,1.0,0.0
u_5026,u_5028,shared_ip,1.0,0.0
u_5026,u_5032,shared_ip,1.0,0.0
u_5026,u_5036,shared_ip,1.0,0.0
u_5028,u_5032,shared_ip,1.0,0.0
u_5028,u_5036,shared_ip,1.0,0.0
u_5032,u_5036,shared_ip,1.0,0.0
u_5042,u_5061,shared_ip,1.0,0.0
u_5044,u_5049,shared_ip,1.0,0.0
u_5062,u_5112,shared_ip,1.0,0.0
u_5067,u_5070,shared_ip,1.0,0.0
