user_id,graph_risk_score,community_id,counterfactual_drop,epidemic_decay_factor,federated_ring_detected
u_0,1.0,39,0.998,0.57,1.0
u_1,0.9408113338760429,18,0.94,0.413,1.0
u_2,0.003010110281002619,11,0.0,0.008,0.0
u_3,1.0,16,0.997,0.925,1.0
u_4,1.0,7,0.997,0.942,1.0
u_5,1.0,3,0.997,0.974,1.0
u_6,1.0,33,0.997,0.988,1.0
u_7,1.0,3,0.997,0.939,1.0
u_8,1.0,48,0.997,0.913,1.0
u_9,1.0,11,0.998,0.76,1.0
u_10,1.0,17,0.998,0.814,1.0
u_11,0.9190546274796488,3,0.916,0.914,1.0
u_12,1.0,14,0.998,0.819,1.0
u_13,0.4775866142249628,49,0.0,0.435,0.0
u_14,1.0,18,0.997,0.896,1.0
u_15,1.0,3,0.997,0.914,1.0
u_16,1.0,43,0.997,0.927,1.0
u_17,0.5173313380678441,3,0.0,0.774,0.0
u_18,1.0,23,0.998,0.709,1.0
u_19,1.0,60,0.997,0.849,1.0
u_20,1.0,46,0.997,0.982,1.0
u_21,0.46251184370308224,38,0.0,0.466,0.0
u_22,1.0,43,0.997,0.949,1.0
u_23,1.0,46,0.997,0.848,1.0
u_24,0.024373581682137446,34,0.0,0.151,0.0
u_25,1.0,3,0.997,0.977,1.0
u_26,0.723508962345348,8,0.722,0.44,1.0
u_27,0.24090148851054755,16,0.0,0.192,0.0
u_28,0.9291272040888285,31,0.927,0.829,1.0
u_29,0.983832178885127,2,0.982,0.594,1.0
u_30,0.7807691013434133,0,0.78,0.362,1.0
u_31,0.5355854500786547,18,0.0,0.375,0.0
u_32,0.3504127680226691,40,0.0,0.38,0.0
u_33,1.0,10,0.997,0.869,1.0
u_34,1.0,32,0.998,0.585,1.0
u_35,0.1285987271353088,50,0.0,0.334,0.0
u_36,0.018200963175374875,2,0.0,0.034,0.0
u_37,0.3583654910962018,19,0.0,0.403,0.0
u_38,0.9302847819472815,3,0.928,0.711,1.0
u_39,0.5178836587970534,6,0.0,0.632,0.0
u_40,0.039851712998786,68,0.0,0.127,0.0
u_41,0.4840617309037834,12,0.0,0.332,0.0
u_42,1.0,55,0.997,0.85,1.0
u_43,1.0,50,0.997,0.952,1.0
u_44,0.11992103192847271,1,0.0,0.277,0.0
u_45,1.0,37,0.997,0.98,1.0
u_46,0.8665717913682532,35,0.864,0.806,1.0
u_47,1.0,42,0.997,0.876,1.0
u_48,0.8075389173933916,6,0.806,0.661,1.0
u_49,0.07465151175313152,0,0.0,0.086,0.0
u_50,0.3491322285312463,34,0.0,0.326,0.0
u_51,1.0,6,0.997,0.987,1.0
u_52,0.41157908686909506,60,0.0,0.959,0.0
u_53,0.3338158481024939,39,0.0,0.499,0.0
u_54,0.21555755355591552,36,0.0,0.246,0.0
u_55,0.2257977151113342,7,0.0,0.292,0.0
u_56,1.0,25,0.998,0.579,1.0
u_57,0.04487987378371747,3,0.0,0.141,0.0
u_58,0.85744436879244,14,0.855,0.734,1.0
u_59,0.8686176323540082,16,0.866,0.851,1.0
u_60,0.7771607168280011,59,0.775,0.814,1.0
u_61,0.7008712482698711,23,0.698,0.851,1.0
u_62,0.32961128455082267,23,0.0,0.552,0.0
u_63,0.00019642314537892587,2,0.0,0.001,0.0
u_64,1.0,26,0.997,0.885,1.0
u_65,0.23274038606680492,12,0.0,0.303,0.0
u_66,0.17333463475330638,46,0.0,0.315,0.0
u_67,0.10972064161460746,47,0.0,0.189,0.0
u_68,0.02105757466432361,7,0.0,0.038,0.0
u_69,0.475092677948374,38,0.0,0.383,0.0
u_70,0.8852800711650864,2,0.883,0.653,1.0
u_71,0.9463457275952096,68,0.944,0.667,1.0
u_72,0.06550053032408956,7,0.0,0.111,0.0
u_73,0.7449391326905619,34,0.743,0.613,1.0
u_74,0.4065341678539924,24,0.0,0.396,0.0
u_75,0.18276119022356133,22,0.0,0.258,0.0
u_76,0.9413767242115691,1,0.939,0.713,1.0
u_77,0.7820709306290432,68,0.78,0.596,1.0
u_78,0.746590289809098,31,0.745,0.583,1.0
u_79,0.6454788903072948,49,0.0,0.634,0.0
u_80,0.5035022154141569,48,0.0,0.633,0.0
u_81,1.0,1,0.997,0.907,1.0
u_82,0.1619068952186122,3,0.0,0.379,0.0
u_83,0.1957208166053853,16,0.0,0.402,0.0
u_84,1.0,30,0.997,0.863,1.0
u_85,0.2888078437687258,35,0.0,0.242,0.0
u_86,0.06068553752436407,62,0.0,0.125,0.0
u_87,0.14179218507447414,33,0.0,0.383,0.0
u_88,0.30092745855766323,24,0.0,0.42,0.0
u_89,0.32677455066370786,19,0.0,0.38,0.0
u_90,0.08447742665670695,21,0.0,0.32,0.0
u_91,1.0,33,0.998,0.755,1.0
u_92,0.22857370211513534,35,0.0,0.29,0.0
u_93,0.7016442123084797,2,0.7,0.716,1.0
u_94,0.35848786059691745,28,0.0,0.364,0.0
u_95,0.6661362629971667,47,0.0,0.447,0.0
u_96,0.6096718014793066,6,0.0,0.996,0.0
u_97,0.9539306778789173,39,0.952,0.693,1.0
u_98,0.6064604969105271,14,0.0,0.471,0.0
u_99,0.18029567798119234,14,0.0,0.156,0.0
u_100,0.11068945645811956,24,0.0,0.111,0.0
u_101,0.36275856544510743,2,0.0,0.476,0.0
u_102,1.0,8,0.998,0.792,1.0
u_103,0.0294044876400617,8,0.0,0.025,0.0
u_104,0.14975806511945075,14,0.0,0.3,0.0
u_105,0.5963507272532026,5,0.0,0.689,0.0
u_106,0.6497089527578622,57,0.0,0.556,0.0
u_107,0.03202361257827023,25,0.0,0.083,0.0
u_108,0.21954141858775078,45,0.0,0.253,0.0
u_109,0.02113368181379633,39,0.0,0.184,0.0
u_110,0.18569216800450344,63,0.0,0.209,0.0
u_111,0.10752560646511353,36,0.0,0.251,0.0
u_112,0.042638346030044495,28,0.0,0.097,0.0
u_113,1.0,45,0.998,0.812,1.0
u_114,0.24829318518869106,34,0.0,0.372,0.0
u_115,0.8067624936093866,54,0.805,0.559,1.0
u_116,0.6511549360608838,13,0.0,0.668,0.0
u_117,1.0,27,0.998,0.766,1.0
u_118,0.09229709262367153,34,0.0,0.141,0.0
u_119,0.11463304796944457,16,0.0,0.428,0.0
u_120,0.6004495396314473,39,0.0,0.926,0.0
u_121,0.2794666722391609,3,0.0,0.575,0.0
u_122,1.0,42,0.997,0.871,1.0
u_123,0.021521302628288837,3,0.0,0.077,0.0
u_124,0.16068115430941374,3,0.0,0.722,0.0
u_125,0.3985732539233608,55,0.0,0.751,0.0
u_126,0.08896589949121743,15,0.0,0.166,0.0
u_127,0.01908525470621714,34,0.0,0.057,0.0
u_128,0.2275489952888959,14,0.0,0.302,0.0
u_129,0.2109364436175653,16,0.0,0.488,0.0
u_130,0.11308840217756835,26,0.0,0.235,0.0
u_131,0.8272464320132074,0,0.825,0.801,1.0
u_132,0.008794063504584552,39,0.0,0.018,0.0
u_133,0.050827669787554805,45,0.0,0.134,0.0
u_134,0.800173078182904,44,0.798,0.675,1.0
u_135,0.3453877697045193,58,0.0,0.701,0.0
u_136,0.23185619180276995,58,0.0,0.238,0.0
u_137,0.7670663822546154,34,0.764,0.947,1.0
u_138,0.4625888018796241,11,0.0,0.459,0.0
u_139,0.8126500833401205,32,0.81,0.889,1.0
u_140,0.015886029168311666,13,0.0,0.058,0.0
u_141,0.3082117798519481,16,0.0,0.642,0.0
u_142,0.263645231826291,35,0.0,0.6,0.0
u_143,0.03573543890146946,36,0.0,0.166,0.0
u_144,0.1644849635263874,14,0.0,0.377,0.0
u_145,0.005053861301728457,16,0.0,0.023,0.0
u_146,0.06954033658336924,16,0.0,0.219,0.0
u_147,0.2223489701398715,7,0.0,0.45,0.0
u_148,0.4747358093912172,43,0.0,0.805,0.0
u_149,0.17530559348502603,65,0.0,0.19,0.0
u_150,0.8012583130068965,22,0.799,0.854,1.0
u_151,0.15732560314364613,1,0.0,0.247,0.0
u_152,1.0,29,0.998,0.81,1.0
u_153,0.5486128191488081,10,0.0,0.737,0.0
u_154,0.1590711937167506,11,0.0,0.579,0.0
u_155,0.2248662559498052,21,0.0,0.248,0.0
u_156,1.0,2,0.997,0.916,1.0
u_157,0.1884793217902113,22,0.0,0.39,0.0
u_158,0.4059407515351244,1,0.0,0.436,0.0
u_159,0.13087994605059144,19,0.0,0.787,0.0
u_160,0.7676507409413232,34,0.765,0.953,1.0
u_161,0.6925670475498326,5,0.0,0.581,0.0
u_162,0.3621935163544703,25,0.0,0.469,0.0
u_163,0.4534464212363242,43,0.0,0.906,0.0
u_164,0.5944939375712459,33,0.0,0.94,0.0
u_165,0.4983592101075313,37,0.0,0.835,0.0
u_166,0.10514875635267366,14,0.0,0.219,0.0
u_167,0.2546200761915686,30,0.0,0.359,0.0
u_168,0.35155608550364703,64,0.0,0.538,0.0
u_169,0.2889857462760288,42,0.0,0.673,0.0
u_170,0.48754519101216026,43,0.0,0.986,0.0
u_171,0.005211366608340893,13,0.0,0.019,0.0
u_172,0.11108082693262449,68,0.0,0.331,0.0
u_173,0.10484173337175634,29,0.0,0.212,0.0
u_174,0.012251269665679928,14,0.0,0.048,0.0
u_175,0.409452180348693,8,0.0,0.63,0.0
u_176,0.06335566257165523,45,0.0,0.39,0.0
u_177,0.20396538632310862,3,0.0,0.535,0.0
u_178,0.02522649398252836,20,0.0,0.077,0.0
u_179,0.022556283029940335,33,0.0,0.086,0.0
u_180,0.030771360638914152,5,0.0,0.186,0.0
u_181,0.003591006140986903,57,0.0,0.012,0.0
u_182,0.020413436641319706,65,0.0,0.19,0.0
u_183,0.16682133963653942,22,0.0,0.233,0.0
u_184,0.20234960327688972,33,0.0,0.316,0.0
u_185,0.02732644764676631,20,0.0,0.046,0.0
u_186,0.054766013554556674,63,0.0,0.122,0.0
u_187,0.10912139275171442,49,0.0,0.402,0.0
u_188,0.4018122595403565,62,0.0,0.769,0.0
u_189,0.21194180040183846,25,0.0,0.45,0.0
u_190,0.5678244319308372,38,0.0,0.812,0.0
u_191,0.15571168482766076,13,0.0,0.205,0.0
u_192,0.6008102784394562,7,0.0,0.751,0.0
u_193,0.3365867789955005,47,0.0,0.394,0.0
u_194,0.002041108366084435,33,0.0,0.019,0.0
u_195,0.0009917752427977254,7,0.0,0.004,0.0
u_196,0.3024563690185181,55,0.0,0.823,0.0
u_197,0.4054884125357148,59,0.0,0.471,0.0
u_198,0.7280014032212307,27,0.726,0.816,1.0
u_199,1.0,15,0.998,0.735,1.0
u_200,0.021523485570054155,12,0.0,0.036,0.0
u_201,0.2535764615584641,3,0.0,0.946,0.0
u_202,0.013921867100271343,6,0.0,0.022,0.0
u_203,0.12025428949804824,45,0.0,0.224,0.0
u_204,0.15902409413025936,47,0.0,0.271,0.0
u_205,0.2667467636305301,0,0.0,0.546,0.0
u_206,0.3274806118122676,28,0.0,0.438,0.0
u_207,0.31431483905221985,17,0.0,0.567,0.0
u_208,0.4436195013581178,26,0.0,0.503,0.0
u_209,0.43589083845489973,30,0.0,0.674,0.0
u_210,0.00824067452116132,34,0.0,0.038,0.0
u_211,0.33061903051838887,58,0.0,0.664,0.0
u_212,0.012019947669550916,10,0.0,0.042,0.0
u_213,0.32844408855790097,18,0.0,0.317,0.0
u_214,0.5167425711784287,14,0.0,0.885,0.0
u_215,0.13564865887944655,29,0.0,0.863,0.0
u_216,0.2209092192236474,51,0.0,0.704,0.0
u_217,0.5769572529590999,64,0.0,0.729,0.0
u_218,0.28557450437935195,15,0.0,0.542,0.0
u_219,0.07317988782050355,32,0.0,0.229,0.0
u_220,0.16602414518566402,35,0.0,0.74,0.0
u_221,0.06086081194566702,46,0.0,0.161,0.0
u_222,0.44915878084133676,7,0.0,0.748,0.0
u_223,0.25000311232354494,18,0.0,0.467,0.0
u_224,0.21884787706338177,3,0.0,0.684,0.0
u_225,0.04078336452364013,28,0.0,0.193,0.0
u_226,0.07530812545135136,34,0.0,0.14,0.0
u_227,0.2258837473518371,13,0.0,0.422,0.0
u_228,0.1456247401479268,0,0.0,0.513,0.0
u_229,0.5052541143010181,6,0.0,0.931,0.0
u_230,0.6577530274215694,53,0.0,0.636,0.0
u_231,0.2782140082953424,26,0.0,0.882,0.0
u_232,0.22796843999888497,21,0.0,0.305,0.0
u_233,0.05323818268176591,58,0.0,0.141,0.0
u_234,0.002180691084583788,16,0.0,0.007,0.0
u_235,0.09570514849920063,26,0.0,0.197,0.0
u_236,0.004975471644935954,5,0.0,0.022,0.0
u_237,0.004267912807513934,56,0.0,0.02,0.0
u_238,0.7071294319158744,15,0.706,0.473,1.0
u_239,0.12394396389340111,58,0.0,0.549,0.0
u_240,0.5158514394723539,39,0.0,0.681,0.0
u_241,0.3164982940869588,16,0.0,0.407,0.0
u_242,0.9025474318657765,19,0.9,0.881,1.0
u_243,0.5677448103370895,20,0.0,0.805,0.0
u_244,0.08495798134275849,39,0.0,0.23,0.0
u_245,0.3261200011515218,5,0.0,0.384,0.0
u_246,0.1260228782085549,17,0.0,0.228,0.0
u_247,0.0711822905578858,11,0.0,0.226,0.0
u_248,0.06616132226969529,0,0.0,0.122,0.0
u_249,0.016331951915131558,8,0.0,0.048,0.0
u_250,0.0010999005425772433,58,0.0,0.007,0.0
u_251,0.13791641330527465,18,0.0,0.515,0.0
u_252,0.15597814074506353,62,0.0,0.218,0.0
u_253,0.19383650432023067,39,0.0,0.497,0.0
u_254,0.38123146119597706,1,0.0,0.787,0.0
u_255,0.28298239044154855,26,0.0,0.212,0.0
u_256,0.009244216732229056,25,0.0,0.022,0.0
u_257,0.10250409471735016,28,0.0,0.214,0.0
u_258,0.6044394077927218,40,0.0,0.97,0.0
u_259,0.17111763831068022,13,0.0,0.45,0.0
u_260,0.05075422840035047,59,0.0,0.106,0.0
u_261,0.017715452753408707,2,0.0,0.162,0.0
u_262,0.020454287661306685,14,0.0,0.052,0.0
u_263,0.06859336070964364,47,0.0,0.114,0.0
u_264,0.11255927506271096,16,0.0,0.254,0.0
u_265,0.000468995413691541,36,0.0,0.002,0.0
u_266,0.03419476417782212,7,0.0,0.058,0.0
u_267,0.23862583330646633,14,0.0,0.727,0.0
u_268,0.35065496538980584,30,0.0,0.599,0.0
u_269,0.3689476580155685,42,0.0,0.316,0.0
u_270,0.033388001069767206,15,0.0,0.155,0.0
u_271,0.08468016842610698,18,0.0,0.258,0.0
u_272,0.2111301537702037,19,0.0,0.753,0.0
u_273,0.20987992229823546,36,0.0,0.554,0.0
u_274,0.1748318333210184,51,0.0,0.356,0.0
u_275,0.1217349117274542,45,0.0,0.436,0.0
u_276,0.20078655818291422,2,0.0,0.742,0.0
u_277,0.00741307931974369,14,0.0,0.045,0.0
u_278,0.12718998999246728,28,0.0,0.443,0.0
u_279,0.3970392459568823,34,0.0,0.649,0.0
u_280,0.16914112799774975,12,0.0,0.521,0.0
u_281,0.9432515878833149,47,0.941,0.725,1.0
u_282,0.0006765688080472703,62,0.0,0.003,0.0
u_283,0.07009713030005162,13,0.0,0.139,0.0
u_284,0.05820159910181033,15,0.0,0.156,0.0
u_285,0.08381938967179808,2,0.0,0.155,0.0
u_286,0.14455346423100152,8,0.0,0.21,0.0
u_287,0.16076292884437934,28,0.0,0.49,0.0
u_288,0.05065180080842589,5,0.0,0.154,0.0
u_289,0.0007561980139510653,43,0.0,0.003,0.0
u_290,0.00022482496726879456,24,0.0,0.001,0.0
u_291,0.5966924390561502,2,0.0,0.794,0.0
u_292,0.12829054514829102,29,0.0,0.787,0.0
u_293,0.22801657206952924,29,0.0,0.404,0.0
u_294,0.029459864335727712,16,0.0,0.132,0.0
u_295,0.10503058675918613,43,0.0,0.28,0.0
u_296,0.12624833430121923,3,0.0,0.167,0.0
u_297,0.5308557230889228,11,0.0,0.941,0.0
u_298,0.0006546950092361484,13,0.0,0.006,0.0
u_299,0.00196704840897844,11,0.0,0.018,0.0
u_300,0.027221978491267805,13,0.0,0.072,0.0
u_301,0.4015008008901368,40,0.0,0.457,0.0
u_302,0.25744559804936934,17,0.0,0.809,0.0
u_303,0.10216495221970498,36,0.0,0.191,0.0
u_304,0.880098838401709,48,0.878,0.751,1.0
u_305,0.3064764699930073,33,0.0,0.612,0.0
u_306,0.3433970888324494,36,0.0,0.517,0.0
u_307,0.0005778747499386764,3,0.0,0.003,0.0
u_308,0.0002734193409186676,14,0.0,0.002,0.0
u_309,0.04089384532818888,17,0.0,0.085,0.0
u_310,0.004403137539855376,28,0.0,0.01,0.0
u_311,0.41098720824978174,35,0.0,0.752,0.0
u_312,0.24025522701432545,31,0.0,0.418,0.0
u_313,0.23089252814497338,66,0.0,0.823,0.0
u_314,0.6677596534481991,13,0.0,0.829,0.0
u_315,0.2974753778650312,26,0.0,0.452,0.0
u_316,0.7562613886173449,3,0.754,0.872,1.0
u_317,0.007493797979425667,33,0.0,0.034,0.0
u_318,0.2695043238031531,3,0.0,0.564,0.0
u_319,0.1900734777477378,30,0.0,0.321,0.0
u_320,0.14006472451195293,32,0.0,0.188,0.0
u_321,0.0447024035906323,14,0.0,0.139,0.0
u_322,0.4301439538171431,14,0.0,0.801,0.0
u_323,0.5190827985742507,22,0.0,0.968,0.0
u_324,0.6683277104638032,33,0.0,0.881,0.0
u_325,0.06387592941579028,32,0.0,0.099,0.0
u_326,0.03509670308510128,14,0.0,0.13,0.0
u_327,0.056457422184814234,14,0.0,0.341,0.0
u_328,0.01591175508103457,45,0.0,0.061,0.0
u_329,0.5274005018097627,8,0.0,0.823,0.0
u_330,0.1301042216813069,6,0.0,0.787,0.0
u_331,0.6532481000080071,16,0.0,0.951,0.0
u_332,0.44936976486234426,36,0.0,0.643,0.0
u_333,0.44336722898009595,40,0.0,0.981,0.0
u_334,0.19421443026003876,29,0.0,0.4,0.0
u_335,0.0017723342586762163,43,0.0,0.011,0.0
u_336,0.06501586681292838,57,0.0,0.579,0.0
u_337,0.06229581849132252,33,0.0,0.192,0.0
u_338,0.19805148361093408,63,0.0,0.619,0.0
u_339,0.021499658436780835,51,0.0,0.05,0.0
u_340,0.14861450006877566,53,0.0,0.47,0.0
u_341,0.16247970532872222,45,0.0,0.402,0.0
u_342,0.2875887998304396,55,0.0,0.57,0.0
u_343,0.09873640024896088,49,0.0,0.225,0.0
u_344,0.00951829250737994,3,0.0,0.058,0.0
u_345,0.25563234358496295,36,0.0,0.472,0.0
u_346,0.0896730559361421,42,0.0,0.347,0.0
u_347,0.04062963814071412,15,0.0,0.057,0.0
u_348,0.17288743659428035,45,0.0,0.48,0.0
u_349,1.0,27,0.997,0.856,1.0
u_350,0.26978712740742644,3,0.0,0.895,0.0
u_351,0.023348535712629268,1,0.0,0.106,0.0
u_352,0.06905388494693841,15,0.0,0.161,0.0
u_353,0.22485409200976358,56,0.0,0.822,0.0
u_354,0.030941460964749926,54,0.0,0.091,0.0
u_355,0.05767082617490665,54,0.0,0.53,0.0
u_356,0.1835891861964141,53,0.0,0.709,0.0
u_357,0.020762397797172205,43,0.0,0.1,0.0
u_358,0.15620165504767902,7,0.0,0.329,0.0
u_359,0.21743632003997915,33,0.0,0.65,0.0
u_360,0.014696503930820844,40,0.0,0.028,0.0
u_361,0.03428034495350952,65,0.0,0.213,0.0
u_362,0.027975048125217075,26,0.0,0.064,0.0
u_363,0.0381133455437826,40,0.0,0.09,0.0
u_364,0.034966815655710366,53,0.0,0.102,0.0
u_365,0.06377112243007568,37,0.0,0.278,0.0
u_366,0.342924560826254,25,0.0,0.798,0.0
u_367,0.022173476074486772,33,0.0,0.072,0.0
u_368,0.14093184146417176,2,0.0,0.238,0.0
u_369,0.6188090938555789,11,0.0,0.666,0.0
u_370,0.14210162192998313,13,0.0,0.243,0.0
u_371,0.4542287395493962,27,0.0,0.641,0.0
u_372,0.0828272296083706,29,0.0,0.514,0.0
u_373,0.6274677024367068,3,0.0,0.821,0.0
u_374,0.05005445492485125,6,0.0,0.298,0.0
u_375,0.5371284515895169,37,0.0,0.745,0.0
u_376,0.0011752795519934614,25,0.0,0.005,0.0
u_377,0.09639621523989532,56,0.0,0.138,0.0
u_378,0.00735162379215781,3,0.0,0.046,0.0
u_379,0.16682882937806895,20,0.0,0.787,0.0
u_380,0.000820205813478565,43,0.0,0.004,0.0
u_381,0.055661764724463145,6,0.0,0.105,0.0
u_382,0.1831791031006377,48,0.0,0.311,0.0
u_383,0.22807736368087766,16,0.0,0.703,0.0
u_384,0.0005551406745628886,42,0.0,0.001,0.0
u_385,0.0612164977409382,22,0.0,0.165,0.0
u_386,0.05672965526235244,14,0.0,0.265,0.0
u_387,0.005348430859657715,39,0.0,0.034,0.0
u_388,0.032455802719429334,16,0.0,0.141,0.0
u_389,0.2877857341529356,20,0.0,0.762,0.0
u_390,0.055764537744271994,11,0.0,0.131,0.0
u_391,0.0005399878254635429,18,0.0,0.002,0.0
u_392,0.13723305067247143,54,0.0,0.215,0.0
u_393,0.015010675877031438,7,0.0,0.096,0.0
u_394,0.19112651976904882,40,0.0,0.709,0.0
u_395,0.4075725294071434,44,0.0,0.841,0.0
u_396,0.042434546780679816,15,0.0,0.787,0.0
u_397,0.11907133248007185,44,0.0,0.45,0.0
u_398,0.06177756228034059,25,0.0,0.129,0.0
u_399,0.49522316943454103,5,0.0,0.81,0.0
u_400,0.1912280523136312,53,0.0,0.604,0.0
u_401,0.04964270636888353,32,0.0,0.104,0.0
u_402,0.2171526724665418,33,0.0,0.445,0.0
u_403,0.1789366601008299,15,0.0,0.299,0.0
u_404,0.0809886052649541,29,0.0,0.283,0.0
u_405,0.01974327313167838,23,0.0,0.054,0.0
u_406,0.018020059325053104,36,0.0,0.031,0.0
u_407,0.27872800973997747,33,0.0,0.639,0.0
u_408,0.057349540514310515,58,0.0,0.136,0.0
u_409,0.1438707276968611,31,0.0,0.438,0.0
u_410,0.060312175495389794,48,0.0,0.083,0.0
u_411,0.399795115618032,55,0.0,0.54,0.0
u_412,0.25390061635112326,20,0.0,0.4,0.0
u_413,0.2446158775459855,28,0.0,0.744,0.0
u_414,0.0006234948687206994,44,0.0,0.003,0.0
u_415,0.40658628206170455,33,0.0,0.94,0.0
u_416,0.00949448653524361,32,0.0,0.034,0.0
u_417,0.10647464522510713,17,0.0,0.309,0.0
u_418,0.029582838901615522,42,0.0,0.069,0.0
u_419,0.5530511629835838,0,0.0,0.918,0.0
u_420,0.030230705254150027,23,0.0,0.081,0.0
u_421,0.0315021283769278,15,0.0,0.114,0.0
u_422,0.6189786484698334,58,0.0,0.838,0.0
u_423,0.41490364229329596,0,0.0,0.698,0.0
u_424,0.10500728876568911,55,0.0,0.21,0.0
u_425,0.01107433790680342,56,0.0,0.035,0.0
u_426,0.0009446525604789993,16,0.0,0.005,0.0
u_427,0.010830424794504311,34,0.0,0.092,0.0
u_428,0.004174142060558848,25,0.0,0.011,0.0
u_429,0.007074515142055857,1,0.0,0.016,0.0
u_430,0.14825084388391707,36,0.0,0.457,0.0
u_431,0.16735815378092392,29,0.0,0.426,0.0
u_432,0.0017435546231006622,23,0.0,0.005,0.0
u_433,0.23147879553278874,47,0.0,0.688,0.0
u_434,0.12606828680022936,34,0.0,0.278,0.0
u_435,0.01701886668017855,10,0.0,0.064,0.0
u_436,0.32486501727168865,47,0.0,0.86,0.0
u_437,0.16620784175928238,12,0.0,0.496,0.0
u_438,0.5159542225416808,53,0.0,0.863,0.0
u_439,0.13051135618402535,40,0.0,0.21,0.0
u_440,0.04198261938931628,47,0.0,0.1,0.0
u_441,0.42814931121812183,26,0.0,0.586,0.0
u_442,0.039395449687987937,13,0.0,0.131,0.0
u_443,0.13550156510032205,2,0.0,0.18,0.0
u_444,0.27546131739820195,27,0.0,0.464,0.0
u_445,0.2089032152145444,51,0.0,0.949,0.0
u_446,0.08156231235434701,33,0.0,0.35,0.0
u_447,0.021992516604704603,26,0.0,0.059,0.0
u_448,0.006849434690834177,47,0.0,0.042,0.0
u_449,0.0006920247526579535,53,0.0,0.002,0.0
u_450,0.571175021974374,24,0.0,0.571,0.0
u_451,0.14892329788800487,14,0.0,0.316,0.0
u_452,0.001482864415364353,3,0.0,0.005,0.0
u_453,0.017837397265053734,36,0.0,0.056,0.0
u_454,0.3795740830558248,31,0.0,0.879,0.0
u_455,0.005976970965777145,33,0.0,0.016,0.0
u_456,0.17411093002215336,7,0.0,0.544,0.0
u_457,0.03639885201105593,39,0.0,0.065,0.0
u_458,0.19695854489956577,29,0.0,0.587,0.0
u_459,0.26018269130670524,6,0.0,0.528,0.0
u_460,0.5748366826606853,2,0.0,0.888,0.0
u_461,0.021116392981462118,6,0.0,0.078,0.0
u_462,0.00024898415226037537,2,0.0,0.002,0.0
u_463,0.43267548747823986,47,0.0,0.821,0.0
u_464,0.07846063577567605,59,0.0,0.23,0.0
u_465,0.20157142357286217,25,0.0,0.422,0.0
u_466,0.17704731210524227,40,0.0,0.827,0.0
u_467,0.2121180966984995,36,0.0,0.787,0.0
u_468,0.24903089804714088,16,0.0,0.878,0.0
u_469,0.050661868244785656,1,0.0,0.439,0.0
u_470,0.11710594431647743,48,0.0,0.312,0.0
u_471,0.003827310968141293,40,0.0,0.071,0.0
u_472,0.019309131157126836,7,0.0,0.121,0.0
u_473,0.202518129788039,33,0.0,0.911,0.0
u_474,0.07447526995204323,48,0.0,0.359,0.0
u_475,0.0005021686013823398,12,0.0,0.001,0.0
u_476,0.08692675683936602,3,0.0,0.787,0.0
u_477,0.17275814123946925,26,0.0,0.644,0.0
u_478,0.2056390676040151,65,0.0,0.542,0.0
u_479,0.32557804497726744,1,0.0,0.652,0.0
u_480,0.12596820384699242,31,0.0,0.787,0.0
u_481,0.2616545942095568,0,0.0,0.376,0.0
u_482,0.1906918127750099,40,0.0,0.287,0.0
u_483,0.031111293983369148,32,0.0,0.082,0.0
u_484,0.03486742345844186,47,0.0,0.108,0.0
u_485,0.00213364558148431,46,0.0,0.02,0.0
u_486,0.460368204333433,15,0.0,0.775,0.0
u_487,0.3363755592546555,50,0.0,0.532,0.0
u_488,0.14165274272768277,68,0.0,0.324,0.0
u_489,0.0023706250412242657,33,0.0,0.011,0.0
u_490,0.1924525107529343,35,0.0,0.399,0.0
u_491,0.14088856711581874,33,0.0,0.569,0.0
u_492,0.07365190824387152,34,0.0,0.46,0.0
u_493,0.19842537188169734,37,0.0,0.373,0.0
u_494,0.17221053757994143,14,0.0,0.522,0.0
u_495,0.07531506112568641,25,0.0,0.199,0.0
u_496,0.29384200521891674,1,0.0,0.667,0.0
u_497,0.13037400365065518,32,0.0,0.787,0.0
u_498,0.03602609388847114,22,0.0,0.111,0.0
u_499,0.0051148615814149406,15,0.0,0.025,0.0
u_500,0.1114701877577312,46,0.0,0.969,0.0
u_501,0.00033383950922062037,2,0.0,0.002,0.0
u_502,0.009875951407371087,26,0.0,0.183,0.0
u_503,0.03949283926808565,16,0.0,0.182,0.0
u_504,0.08981844661719425,28,0.0,0.276,0.0
u_505,0.0006848964558382215,24,0.0,0.002,0.0
u_506,0.22119885341229384,13,0.0,0.787,0.0
u_507,0.16385506951161752,58,0.0,0.76,0.0
u_508,0.0009415521632628547,30,0.0,0.004,0.0
u_509,0.27822532414688383,56,0.0,0.725,0.0
u_510,0.0065830077926584225,29,0.0,0.012,0.0
u_511,0.0023791039603964005,34,0.0,0.011,0.0
u_512,0.0484700364078625,55,0.0,0.114,0.0
u_513,0.019216620879991902,50,0.0,0.081,0.0
u_514,0.01427085337672922,14,0.0,0.09,0.0
u_515,0.19917680169106344,19,0.0,0.536,0.0
u_516,0.3114678414669516,28,0.0,0.915,0.0
u_517,0.048073889884223946,57,0.0,0.112,0.0
u_518,0.02697797631623291,42,0.0,0.245,0.0
u_519,0.00022834463303633655,15,0.0,0.004,0.0
u_520,0.0064784959679786485,26,0.0,0.03,0.0
u_521,0.4361601311340574,25,0.0,0.435,0.0
u_522,0.001035200348496618,18,0.0,0.004,0.0
u_523,0.08573546562142127,29,0.0,0.787,0.0
u_524,0.02935010461297464,32,0.0,0.054,0.0
u_525,0.00125850836436461,46,0.0,0.004,0.0
u_526,0.008638538765589067,12,0.0,0.054,0.0
u_527,0.00026872633418549205,63,0.0,0.001,0.0
u_528,0.08325652441305342,55,0.0,0.245,0.0
u_529,0.04121488702472373,14,0.0,0.153,0.0
u_530,0.08065147420804704,25,0.0,0.167,0.0
u_531,0.2466403478822543,31,0.0,0.73,0.0
u_532,0.1004138901186195,3,0.0,0.298,0.0
u_533,0.013264286381814823,56,0.0,0.05,0.0
u_534,0.6490995110311923,51,0.0,0.837,0.0
u_535,0.001182598962610535,24,0.0,0.022,0.0
u_536,0.13850368369259036,18,0.0,0.787,0.0
u_537,0.005654714934875804,36,0.0,0.052,0.0
u_538,0.08367222953021684,3,0.0,0.787,0.0
u_539,0.4285525198593787,33,0.0,0.78,0.0
u_540,0.006285194974473646,58,0.0,0.024,0.0
u_541,0.17336854500382376,32,0.0,0.4,0.0
u_542,0.0,-1,0.0,,
u_543,0.06661735822150099,35,0.0,0.177,0.0
u_544,0.039265801329059775,60,0.0,0.114,0.0
u_545,0.0017852492793525526,28,0.0,0.008,0.0
u_546,0.6310522297375563,30,0.0,0.995,0.0
u_547,0.04683219664455152,14,0.0,0.097,0.0
u_548,0.00237680371758258,7,0.0,0.006,0.0
u_549,0.08704494181262236,3,0.0,0.295,0.0
u_550,0.0045321164513779065,8,0.0,0.04,0.0
u_551,0.22699986964056681,38,0.0,0.697,0.0
u_552,0.033193337388603986,46,0.0,0.211,0.0
u_553,0.025081892605200513,33,0.0,0.092,0.0
u_554,0.07371819214184096,26,0.0,0.223,0.0
u_555,0.0010901878450852854,25,0.0,0.004,0.0
u_556,0.03308756924571261,15,0.0,0.086,0.0
u_557,0.13879723024948826,39,0.0,0.617,0.0
u_558,0.001475075629033558,39,0.0,0.006,0.0
u_559,0.0007329046755011173,40,0.0,0.007,0.0
u_560,0.012186926694485125,55,0.0,0.033,0.0
u_561,0.2032012053923997,22,0.0,0.938,0.0
u_562,0.001136261948522854,10,0.0,0.004,0.0
u_563,0.20769578441287173,38,0.0,0.787,0.0
u_564,0.02173175735663988,43,0.0,0.098,0.0
u_565,0.005576144401993946,39,0.0,0.027,0.0
u_566,0.0006569963366285458,31,0.0,0.003,0.0
u_567,0.4030809113381758,16,0.0,0.435,0.0
u_568,0.002597256836139605,14,0.0,0.012,0.0
u_569,0.21863513976949717,58,0.0,0.785,0.0
u_570,0.14187446062983894,50,0.0,0.178,0.0
u_571,0.007704457861716605,35,0.0,0.023,0.0
u_572,0.0014731747393186218,18,0.0,0.013,0.0
u_573,0.41934613840625556,43,0.0,0.789,0.0
u_574,0.09730036099706968,26,0.0,0.24,0.0
u_575,0.18963139149276173,33,0.0,0.36,0.0
u_576,0.0858929182626745,54,0.0,0.55,0.0
u_577,0.22469583850890004,6,0.0,0.417,0.0
u_578,0.056703787969932064,57,0.0,0.177,0.0
u_579,0.014531449972196943,39,0.0,0.086,0.0
u_580,0.42270318038892646,11,0.0,0.856,0.0
u_581,0.01719469880014325,40,0.0,0.063,0.0
u_582,0.34520982922085597,3,0.0,0.968,0.0
u_583,0.14282697668227284,50,0.0,0.46,0.0
u_584,0.004559182422597427,31,0.0,0.028,0.0
u_585,0.07245072662312152,16,0.0,0.276,0.0
u_586,0.1285348928327352,3,0.0,0.787,0.0
u_587,0.043705867536553686,1,0.0,0.787,0.0
u_588,0.0005123920560373695,26,0.0,0.009,0.0
u_589,0.007898893939256095,23,0.0,0.037,0.0
u_590,0.002807138436687989,19,0.0,0.006,0.0
u_591,0.0976591630856639,31,0.0,0.294,0.0
u_592,0.25495100791051184,23,0.0,0.532,0.0
u_593,0.007976285274273777,24,0.0,0.036,0.0
u_594,0.015333937373107325,1,0.0,0.091,0.0
u_595,0.0,-1,0.0,,
u_596,0.07171279678267181,42,0.0,0.146,0.0
u_597,0.01030498706536264,36,0.0,0.055,0.0
u_598,0.02197872399388909,36,0.0,0.081,0.0
u_599,0.46379207898430597,40,0.0,0.954,0.0
u_600,0.00015961652148398548,46,0.0,0.001,0.0
u_601,0.2889057855634873,46,0.0,0.534,0.0
u_602,0.04213829306710211,58,0.0,0.386,0.0
u_603,0.017950355071811967,3,0.0,0.053,0.0
u_604,0.06705780969645139,42,0.0,0.208,0.0
u_605,0.02818926535273626,12,0.0,0.059,0.0
u_606,0.25462237963444584,6,0.0,0.541,0.0
u_607,0.002253218974395159,47,0.0,0.014,0.0
u_608,0.005907325706904721,6,0.0,0.016,0.0
u_609,0.04388510085441128,0,0.0,0.163,0.0
u_610,0.2170363780908179,26,0.0,0.49,0.0
u_611,0.009562881395098317,31,0.0,0.025,0.0
u_612,0.13546814615419953,5,0.0,0.365,0.0
u_613,0.06963808626977071,2,0.0,0.648,0.0
u_614,0.06448325044868174,23,0.0,0.293,0.0
u_615,0.018741621469266823,62,0.0,0.042,0.0
u_616,0.13262764464425364,33,0.0,0.63,0.0
u_617,0.16891096060674296,49,0.0,0.454,0.0
u_618,0.03886238421336235,59,0.0,0.1,0.0
u_619,0.12341541888010066,68,0.0,0.385,0.0
u_620,0.32393283475375556,20,0.0,0.767,0.0
u_621,0.007036697663193143,39,0.0,0.065,0.0
u_622,0.028719275063679994,8,0.0,0.181,0.0
u_623,0.0005653035805970239,14,0.0,0.005,0.0
u_624,0.08138690833549594,36,0.0,0.306,0.0
u_625,0.021652499153145467,2,0.0,0.126,0.0
u_626,0.4591074402280881,43,0.0,0.712,0.0
u_627,0.0030545287168748493,19,0.0,0.009,0.0
u_628,0.014856635608231198,42,0.0,0.04,0.0
u_629,0.22643197048585773,68,0.0,0.592,0.0
u_630,0.005055692983983962,3,0.0,0.03,0.0
u_631,0.00043121170628300645,29,0.0,0.003,0.0
u_632,0.04244314162869977,3,0.0,0.787,0.0
u_633,0.012137964738429388,33,0.0,0.055,0.0
u_634,0.07932324406927364,17,0.0,0.206,0.0
u_635,0.360867061510487,54,0.0,0.924,0.0
u_636,0.016097960599588165,17,0.0,0.099,0.0
u_637,0.002008847663183114,19,0.0,0.013,0.0
u_638,0.005202275297484931,26,0.0,0.019,0.0
u_639,0.14070204683348,12,0.0,0.284,0.0
u_640,0.009299178176354436,27,0.0,0.043,0.0
u_641,0.0302189600971967,14,0.0,0.143,0.0
u_642,0.00047500191625202,7,0.0,0.003,0.0
u_643,0.03017454695099186,36,0.0,0.111,0.0
u_644,0.17164577517545543,43,0.0,0.787,0.0
u_645,0.042898678038333,14,0.0,0.206,0.0
u_646,0.0032242276517270986,22,0.0,0.009,0.0
u_647,0.3218520058469818,12,0.0,0.736,0.0
u_648,0.04471026275021092,2,0.0,0.165,0.0
u_649,0.11661997219466361,16,0.0,0.297,0.0
u_650,0.3362300426042393,44,0.0,0.787,0.0
u_651,0.01384340273515751,57,0.0,0.03,0.0
u_652,0.3811073215373978,23,0.0,0.885,0.0
u_653,0.2022434721073243,15,0.0,0.928,0.0
u_654,0.083315498916176,33,0.0,0.79,0.0
u_655,0.1831516870055744,3,0.0,0.819,0.0
u_656,0.06873555884208445,25,0.0,0.218,0.0
u_657,0.0024386565005459987,13,0.0,0.009,0.0
u_658,0.01482820091686706,46,0.0,0.068,0.0
u_659,0.00151895456146243,14,0.0,0.01,0.0
u_660,0.13169722138445364,26,0.0,0.489,0.0
u_661,0.20513956421966031,37,0.0,0.896,0.0
u_662,0.0023854709090868776,45,0.0,0.015,0.0
u_663,0.060256193504671145,14,0.0,0.229,0.0
u_664,0.00034826832622301393,14,0.0,0.002,0.0
u_665,0.17175316533924406,6,0.0,0.787,0.0
u_666,0.0008333254730445239,49,0.0,0.003,0.0
u_667,0.011817304030637302,3,0.0,0.056,0.0
u_668,0.011132649971975557,24,0.0,0.033,0.0
u_669,0.02277806668126451,20,0.0,0.087,0.0
u_670,0.0012102877732908142,27,0.0,0.004,0.0
u_671,0.2802588844197328,15,0.0,0.514,0.0
u_672,0.0379697159697668,12,0.0,0.07,0.0
u_673,0.000987082069461079,15,0.0,0.004,0.0
u_674,0.06062732936075343,53,0.0,0.101,0.0
u_675,0.11870571853689788,43,0.0,0.579,0.0
u_676,0.004630125364582274,40,0.0,0.021,0.0
u_677,0.03890480030637034,12,0.0,0.241,0.0
u_678,0.15178153344945722,32,0.0,0.256,0.0
u_679,0.33249519129690913,48,0.0,0.774,0.0
u_680,0.025058675169346505,39,0.0,0.07,0.0
u_681,0.18961957932130916,40,0.0,0.601,0.0
u_682,0.2003539387074891,38,0.0,0.759,0.0
u_683,0.22118744539768634,6,0.0,0.787,0.0
u_684,0.023948971146239704,20,0.0,0.059,0.0
u_685,0.11878176700202837,63,0.0,0.24,0.0
u_686,0.17528875151550416,31,0.0,0.548,0.0
u_687,0.006515418662783927,11,0.0,0.03,0.0
u_688,0.3504416456386358,19,0.0,0.908,0.0
u_689,0.00029771004104001434,23,0.0,0.002,0.0
u_690,0.3574590755682554,47,0.0,0.889,0.0
u_691,0.016368323335365004,30,0.0,0.149,0.0
u_692,0.0020835609111373296,47,0.0,0.008,0.0
u_693,0.18707649058962855,22,0.0,0.706,0.0
u_694,0.20824832254368664,34,0.0,0.528,0.0
u_695,0.061415467921895284,5,0.0,0.227,0.0
u_696,0.14334213782220845,25,0.0,0.524,0.0
u_697,0.0038214278458603757,28,0.0,0.006,0.0
u_698,0.2989419446181094,15,0.0,0.804,0.0
u_699,0.04134476792705879,31,0.0,0.144,0.0
u_700,0.0016875949896466731,65,0.0,0.01,0.0
u_701,0.02965192917198012,17,0.0,0.182,0.0
u_702,0.01951316753710659,31,0.0,0.058,0.0
u_703,0.0028749627257441705,40,0.0,0.01,0.0
u_704,0.039588901143879154,59,0.0,0.192,0.0
u_705,0.03072142719989971,16,0.0,0.114,0.0
u_706,0.31806323535622655,51,0.0,0.363,0.0
u_707,0.286343777872163,3,0.0,0.908,0.0
u_708,0.017073549128452183,59,0.0,0.105,0.0
u_709,0.3918966475348884,44,0.0,0.901,0.0
u_710,0.0,-1,0.0,,
u_711,0.12592455890473667,15,0.0,0.787,0.0
u_712,0.08078579172045848,26,0.0,0.37,0.0
u_713,0.004528278933923081,19,0.0,0.043,0.0
u_714,0.017301934357598726,16,0.0,0.062,0.0
u_715,0.035594385326335645,49,0.0,0.167,0.0
u_716,0.1447171476049513,28,0.0,0.829,0.0
u_717,0.08705731194458212,43,0.0,0.787,0.0
u_718,0.10507432665188982,1,0.0,0.273,0.0
u_719,0.13038872336515306,15,0.0,0.787,0.0
u_720,0.21433733413973655,44,0.0,0.787,0.0
u_721,0.16807031539586967,28,0.0,0.519,0.0
u_722,0.031611585457284944,42,0.0,0.195,0.0
u_723,0.001869928785123258,33,0.0,0.009,0.0
u_724,0.4143577804809867,39,0.0,0.854,0.0
u_725,0.26498143234647326,64,0.0,0.627,0.0
u_726,0.03129895730217905,14,0.0,0.072,0.0
u_727,0.24091976365592355,7,0.0,0.73,0.0
u_728,0.01256060091776351,54,0.0,0.078,0.0
u_729,0.2809816663069074,35,0.0,0.7,0.0
u_730,0.32473953465043,25,0.0,0.739,0.0
u_731,0.08441240300987808,8,0.0,0.227,0.0
u_732,0.4220683495069008,18,0.0,0.788,0.0
u_733,0.14465164479809245,12,0.0,0.543,0.0
u_734,0.0003668673255180679,40,0.0,0.003,0.0
u_735,0.010863255706912702,24,0.0,0.029,0.0
u_736,0.37628706218195196,44,0.0,0.624,0.0
u_737,0.02816140856505388,58,0.0,0.098,0.0
u_738,0.06492175166706637,2,0.0,0.171,0.0
u_739,0.0032013408349704847,11,0.0,0.009,0.0
u_740,0.0003301010221582687,63,0.0,0.002,0.0
u_741,0.005986751688098756,29,0.0,0.037,0.0
u_742,0.0898365310505906,8,0.0,0.787,0.0
u_743,0.1307680120322146,11,0.0,0.787,0.0
u_744,0.24244833727603182,49,0.0,0.623,0.0
u_745,0.042557471270088076,3,0.0,0.787,0.0
u_746,0.04428776113516972,3,0.0,0.787,0.0
u_747,0.0005351586851256374,18,0.0,0.002,0.0
u_748,0.21925346637977117,40,0.0,0.404,0.0
u_749,0.055303982941440524,30,0.0,0.328,0.0
u_750,0.18094413829973968,18,0.0,0.426,0.0
u_751,0.02132607791589324,3,0.0,0.199,0.0
u_752,0.0015064715028660614,43,0.0,0.007,0.0
u_753,0.07728410845291146,6,0.0,0.269,0.0
u_754,0.021386618249234837,51,0.0,0.101,0.0
u_755,0.009686827684489153,53,0.0,0.056,0.0
u_756,0.1724435323294443,48,0.0,0.291,0.0
u_757,0.06827035066280858,27,0.0,0.184,0.0
u_758,0.12955204581827856,7,0.0,0.787,0.0
u_759,0.30464250206726184,53,0.0,0.787,0.0
u_760,0.15793875970719626,16,0.0,0.588,0.0
u_761,0.0005122067559785396,45,0.0,0.004,0.0
u_762,0.06519935552665344,57,0.0,0.229,0.0
u_763,0.05378055879167714,62,0.0,0.121,0.0
u_764,0.1663528120094174,30,0.0,0.304,0.0
u_765,0.04150602790406385,16,0.0,0.13,0.0
u_766,0.18997207902009175,45,0.0,0.433,0.0
u_767,0.12630647947255716,32,0.0,0.743,0.0
u_768,0.17449576921069593,11,0.0,0.613,0.0
u_769,0.011167669756359761,65,0.0,0.098,0.0
u_770,0.009981126891966039,33,0.0,0.023,0.0
u_771,0.005382150495572868,26,0.0,0.017,0.0
u_772,0.3892987134267466,25,0.0,0.804,0.0
u_773,0.01985191793976949,42,0.0,0.046,0.0
u_774,0.0004566602954469583,25,0.0,0.001,0.0
u_775,0.19572164952184112,6,0.0,0.821,0.0
u_776,0.025148044269088034,19,0.0,0.046,0.0
u_777,0.007405363801262181,11,0.0,0.027,0.0
u_778,0.0037907883944310176,30,0.0,0.018,0.0
u_779,0.0714427316918373,57,0.0,0.217,0.0
u_780,0.03386733823169529,63,0.0,0.106,0.0
u_781,0.007504523692310273,39,0.0,0.046,0.0
u_782,0.005195842171376331,26,0.0,0.024,0.0
u_783,0.2938970017403841,51,0.0,0.544,0.0
u_784,0.30059528426125687,24,0.0,0.798,0.0
u_785,0.0009423792120000254,33,0.0,0.003,0.0
u_786,0.017454569989710223,15,0.0,0.044,0.0
u_787,0.2492017185255838,20,0.0,0.733,0.0
u_788,0.005061402519399643,3,0.0,0.03,0.0
u_789,0.15466004512648948,33,0.0,0.735,0.0
u_790,0.018961052328414957,38,0.0,0.071,0.0
u_791,0.02072812195426173,33,0.0,0.188,0.0
u_792,0.03304417767993988,26,0.0,0.152,0.0
u_793,0.0014453776515665527,66,0.0,0.013,0.0
u_794,0.0907729315907036,24,0.0,0.787,0.0
u_795,0.0006003907354471982,40,0.0,0.003,0.0
u_796,0.18665726210180977,11,0.0,0.787,0.0
u_797,0.44695125905835237,31,0.0,0.503,0.0
u_798,0.009713001563146558,25,0.0,0.029,0.0
u_799,0.01299761032964273,30,0.0,0.046,0.0
u_800,0.09846426695004787,11,0.0,0.787,0.0
u_801,0.026413917487540933,44,0.0,0.122,0.0
u_802,0.0006853724137377908,6,0.0,0.003,0.0
u_803,0.13763532154488473,40,0.0,0.495,0.0
u_804,0.04033147172902499,40,0.0,0.242,0.0
u_805,0.09955646970753006,51,0.0,0.227,0.0
u_806,0.24923763951928318,48,0.0,0.744,0.0
u_807,0.2699279098258022,27,0.0,0.612,0.0
u_808,0.1597634918693139,46,0.0,0.413,0.0
u_809,0.004254452513568966,7,0.0,0.013,0.0
u_810,0.0024803201790049387,33,0.0,0.005,0.0
u_811,0.31925689542503066,22,0.0,0.826,0.0
u_812,0.08310196525876856,5,0.0,0.787,0.0
u_813,0.43442433932206587,14,0.0,0.641,0.0
u_814,0.016126945062057862,0,0.0,0.043,0.0
u_815,0.002360138713751935,28,0.0,0.021,0.0
u_816,0.028749306795467867,43,0.0,0.052,0.0
u_817,0.1319551196440194,68,0.0,0.349,0.0
u_818,0.01889871029720031,3,0.0,0.17,0.0
u_819,0.17395716279091913,32,0.0,0.787,0.0
u_820,0.0001579898006081293,27,0.0,0.001,0.0
u_821,0.08956148264600332,46,0.0,0.429,0.0
u_822,0.1963198626611654,38,0.0,0.913,0.0
u_823,0.0009262946729724774,39,0.0,0.006,0.0
u_824,0.12813622596342034,1,0.0,0.787,0.0
u_825,0.10502667106727022,3,0.0,0.498,0.0
u_826,0.054015107626117144,48,0.0,0.256,0.0
u_827,9.921523822573301e-05,39,0.0,0.001,0.0
u_828,0.14531924937224558,25,0.0,0.307,0.0
u_829,0.09781560608435558,17,0.0,0.366,0.0
u_830,0.009341389532765724,24,0.0,0.029,0.0
u_831,0.008514992318692774,3,0.0,0.04,0.0
u_832,0.014349277288154647,18,0.0,0.063,0.0
u_833,0.004875009164456811,34,0.0,0.031,0.0
u_834,0.25529972695849024,45,0.0,0.786,0.0
u_835,0.13077688821788597,14,0.0,0.787,0.0
u_836,0.016300884630887864,2,0.0,0.073,0.0
u_837,0.11401895867407838,54,0.0,0.509,0.0
u_838,0.05258953536999657,8,0.0,0.167,0.0
u_839,0.1723927829730647,7,0.0,0.787,0.0
u_840,0.0006550291543437291,3,0.0,0.003,0.0
u_841,0.03656128891019313,46,0.0,0.161,0.0
u_842,0.024433313212868714,14,0.0,0.093,0.0
u_843,0.045512840265217014,11,0.0,0.787,0.0
u_844,0.06734479441718927,45,0.0,0.127,0.0
u_845,0.0036030938419303942,12,0.0,0.022,0.0
u_846,0.002735541680064408,33,0.0,0.009,0.0
u_847,0.0004826115259760873,23,0.0,0.003,0.0
u_848,0.1435028249629281,64,0.0,0.668,0.0
u_849,0.17662335334193163,34,0.0,0.649,0.0
u_850,0.14318702630669558,15,0.0,0.81,0.0
u_851,0.08838895996253719,54,0.0,0.787,0.0
u_852,0.0032399933458205753,28,0.0,0.012,0.0
u_853,0.08198221886909117,35,0.0,0.382,0.0
u_854,0.0006843996700492532,3,0.0,0.011,0.0
u_855,0.0010095681591616196,39,0.0,0.009,0.0
u_856,0.02820546152542761,43,0.0,0.075,0.0
u_857,0.01705047649973625,53,0.0,0.078,0.0
u_858,0.11878325728968776,68,0.0,0.405,0.0
u_859,0.0038053456490058694,39,0.0,0.023,0.0
u_860,0.03635815934370847,50,0.0,0.209,0.0
u_861,0.012948430348156889,36,0.0,0.058,0.0
u_862,0.0016932514637237365,24,0.0,0.006,0.0
u_863,0.15661228293968618,65,0.0,0.497,0.0
u_864,0.0018813781700352146,45,0.0,0.006,0.0
u_865,0.003654640658357449,28,0.0,0.012,0.0
u_866,0.011491316826499917,31,0.0,0.028,0.0
u_867,0.0002842166475902075,26,0.0,0.002,0.0
u_868,0.0052514389426046556,13,0.0,0.019,0.0
u_869,0.27423497777310696,1,0.0,0.856,0.0
u_870,0.012933200080397838,0,0.0,0.041,0.0
u_871,0.05248025436362754,13,0.0,0.31,0.0
u_872,0.10346027443287989,8,0.0,0.97,0.0
u_873,0.1617203115875412,33,0.0,0.745,0.0
u_874,0.10454788148536531,1,0.0,0.656,0.0
u_875,0.1064201328711316,12,0.0,0.395,0.0
u_876,0.09675012791166446,0,0.0,0.417,0.0
u_877,0.0007251753028035929,54,0.0,0.005,0.0
u_878,0.01591278812115413,19,0.0,0.026,0.0
u_879,0.08366843312146771,28,0.0,0.787,0.0
u_880,0.08749908793486323,17,0.0,0.787,0.0
u_881,0.03343857697177791,33,0.0,0.306,0.0
u_882,0.020370275417463054,45,0.0,0.075,0.0
u_883,0.07360059038912996,42,0.0,0.108,0.0
u_884,0.29804236894146874,21,0.0,0.513,0.0
u_885,0.0,-1,0.0,,
u_886,0.2510205938137466,35,0.0,0.931,0.0
u_887,0.11235356377803071,57,0.0,0.173,0.0
u_888,0.21218409958552445,29,0.0,0.787,0.0
u_889,0.13518630146004396,16,0.0,0.504,0.0
u_890,0.07615621206567208,28,0.0,0.266,0.0
u_891,0.00038485475019687344,5,0.0,0.002,0.0
u_892,0.08139884104969378,38,0.0,0.298,0.0
u_893,0.001461677583011418,34,0.0,0.005,0.0
u_894,0.35558047475957927,11,0.0,0.836,0.0
u_895,0.00023759867262139667,47,0.0,0.002,0.0
u_896,0.20069070059540048,17,0.0,0.468,0.0
u_897,0.21138189626220594,45,0.0,0.798,0.0
u_898,0.15189124677347515,27,0.0,0.525,0.0
u_899,0.07951444815293722,16,0.0,0.161,0.0
u_900,0.005303127937887008,6,0.0,0.034,0.0
u_901,0.08054121599253884,31,0.0,0.302,0.0
u_902,0.12970951398502426,45,0.0,0.787,0.0
u_903,0.00018953205343358851,42,0.0,0.001,0.0
u_904,0.007590422766749717,29,0.0,0.021,0.0
u_905,0.00038077463790146257,34,0.0,0.002,0.0
u_906,0.0013386870225704625,28,0.0,0.004,0.0
u_907,0.01087710973239817,16,0.0,0.05,0.0
u_908,0.3877870138053337,28,0.0,0.887,0.0
u_909,0.00014585768723776875,1,0.0,0.001,0.0
u_910,0.18561391309916955,35,0.0,0.86,0.0
u_911,0.06595409573709965,14,0.0,0.304,0.0
u_912,0.017209830522703307,56,0.0,0.322,0.0
u_913,0.005979182122548338,12,0.0,0.034,0.0
u_914,0.15675512479014944,56,0.0,0.683,0.0
u_915,0.019489515533547885,56,0.0,0.073,0.0
u_916,0.0002201343705847162,57,0.0,0.001,0.0
u_917,0.020554872549280127,25,0.0,0.078,0.0
u_918,0.08607237484970624,13,0.0,0.787,0.0
u_919,0.3076654664853919,11,0.0,0.817,0.0
u_920,0.05255473746075662,14,0.0,0.232,0.0
u_921,0.21702144595517991,46,0.0,0.565,0.0
u_922,0.08299288697863995,2,0.0,0.396,0.0
u_923,0.09588927241508699,60,0.0,0.579,0.0
u_924,0.001642790350480419,44,0.0,0.015,0.0
u_925,0.06522267385624808,12,0.0,0.134,0.0
u_926,0.12307978037139243,8,0.0,0.747,0.0
u_927,0.0616187026234283,65,0.0,0.115,0.0
u_928,0.13363317785023493,40,0.0,0.787,0.0
u_929,0.033196730894968066,34,0.0,0.147,0.0
u_930,0.034058408044643544,31,0.0,0.088,0.0
u_931,0.16300020969449808,18,0.0,0.71,0.0
u_932,0.10672986658748643,14,0.0,0.63,0.0
u_933,0.005156771339056152,33,0.0,0.019,0.0
u_934,0.08208932410091115,2,0.0,0.316,0.0
u_935,0.17128727265534435,8,0.0,0.787,0.0
u_936,0.050929181829470864,63,0.0,0.159,0.0
u_937,0.022581403872472226,17,0.0,0.139,0.0
u_938,0.04076863833472585,38,0.0,0.083,0.0
u_939,0.24361329176439322,49,0.0,0.912,0.0
u_940,0.013873152992329562,10,0.0,0.052,0.0
u_941,0.13492427491039424,58,0.0,0.627,0.0
u_942,0.003950350628347096,34,0.0,0.036,0.0
u_943,0.0011081702634333725,12,0.0,0.007,0.0
u_944,0.00034592775471033383,22,0.0,0.002,0.0
u_945,0.43727168609653955,38,0.0,0.698,0.0
u_946,0.018413047745014753,3,0.0,0.17,0.0
u_947,0.29580527685053687,3,0.0,0.918,0.0
u_948,0.08243140016296804,35,0.0,0.787,0.0
u_949,0.008747343137970157,35,0.0,0.023,0.0
u_950,0.003777008460889156,45,0.0,0.012,0.0
u_951,0.04514347346850543,33,0.0,0.104,0.0
u_952,0.28583229595158255,14,0.0,0.637,0.0
u_953,0.12792953474957444,43,0.0,0.787,0.0
u_954,0.07715155956742924,40,0.0,0.282,0.0
u_955,0.002088718786741903,19,0.0,0.005,0.0
u_956,0.07252872350918788,19,0.0,0.325,0.0
u_957,0.2091990334500697,22,0.0,0.548,0.0
u_958,0.12869542281194402,1,0.0,0.757,0.0
u_959,0.0008779720016481284,28,0.0,0.003,0.0
u_960,0.41551100463856216,15,0.0,0.938,0.0
u_961,0.04244852867758798,43,0.0,0.787,0.0
u_962,0.1064931354496649,68,0.0,0.243,0.0
u_963,0.1530405510105516,34,0.0,0.567,0.0
u_964,0.16062556876732537,20,0.0,0.593,0.0
u_965,0.002605665096058423,14,0.0,0.024,0.0
u_966,0.12516182735576697,26,0.0,0.252,0.0
u_967,0.0022229032989838256,27,0.0,0.01,0.0
u_968,0.2296180598434952,49,0.0,0.724,0.0
u_969,0.002551733161861793,5,0.0,0.016,0.0
u_970,0.009846184351999427,39,0.0,0.038,0.0
u_971,0.010411698755537992,6,0.0,0.066,0.0
u_972,0.010497690059730216,43,0.0,0.033,0.0
u_973,0.0055648543778657,2,0.0,0.025,0.0
u_974,0.018732239327389242,25,0.0,0.087,0.0
u_975,0.01048295476828915,20,0.0,0.028,0.0
u_976,0.00030736723354483816,30,0.0,0.002,0.0
u_977,0.007336221666042831,30,0.0,0.067,0.0
u_978,0.0022597938828423578,33,0.0,0.014,0.0
u_979,0.02733236438367545,15,0.0,0.105,0.0
u_980,0.03338579844320042,11,0.0,0.156,0.0
u_981,0.2557670948677581,42,0.0,0.695,0.0
u_982,0.11906773664810015,7,0.0,0.278,0.0
u_983,0.0756858840601631,34,0.0,0.178,0.0
u_984,0.2938239801113262,7,0.0,0.471,0.0
u_985,8.568942532549876e-05,18,0.0,0.001,0.0
u_986,0.2834581980977361,57,0.0,0.529,0.0
u_987,0.001123002626861868,24,0.0,0.006,0.0
u_988,0.16254075217357736,2,0.0,0.382,0.0
u_989,0.010771042437310325,13,0.0,0.022,0.0
u_990,0.009243129472738539,8,0.0,0.058,0.0
u_991,0.010559070437063072,68,0.0,0.099,0.0
u_992,0.12744305124824812,26,0.0,0.383,0.0
u_993,0.004973424638230634,25,0.0,0.031,0.0
u_994,0.0034596023802866602,22,0.0,0.022,0.0
u_995,0.03085798864616837,3,0.0,0.072,0.0
u_996,0.005791653824757212,30,0.0,0.106,0.0
u_997,0.044925353550398776,3,0.0,0.787,0.0
u_998,0.08293311032546154,18,0.0,0.796,0.0
u_999,0.27129560747192855,34,0.0,0.699,0.0
u_1000,0.37789391687725404,42,0.0,0.642,0.0
u_1001,0.03751228749989074,11,0.0,0.237,0.0
u_1002,0.0006524998248987514,43,0.0,0.004,0.0
u_1003,0.03662130439987888,62,0.0,0.072,0.0
u_1004,0.003528738552212576,11,0.0,0.032,0.0
u_1005,0.04321680655458188,3,0.0,0.787,0.0
u_1006,0.0011106855182332418,7,0.0,0.011,0.0
u_1007,0.0008606668678008185,29,0.0,0.005,0.0
u_1008,0.035588825062453394,2,0.0,0.325,0.0
u_1009,0.1772954959931114,39,0.0,0.558,0.0
u_1010,0.06884804035862188,45,0.0,0.323,0.0
u_1011,0.04095718563850925,2,0.0,0.129,0.0
u_1012,0.2487643030944603,18,0.0,0.916,0.0
u_1013,0.0044336379972782,11,0.0,0.026,0.0
u_1014,0.003206940186382962,30,0.0,0.03,0.0
u_1015,0.00669916692878608,16,0.0,0.021,0.0
u_1016,0.19198516589173711,20,0.0,0.884,0.0
u_1017,0.008813811394685232,1,0.0,0.164,0.0
u_1018,0.011940968741052646,24,0.0,0.053,0.0
u_1019,0.0017075272692492454,35,0.0,0.006,0.0
u_1020,0.01172559333378825,42,0.0,0.055,0.0
u_1021,0.029276410354490478,42,0.0,0.106,0.0
u_1022,0.008116241350366569,7,0.0,0.026,0.0
u_1023,0.001439541514653941,34,0.0,0.007,0.0
u_1024,0.20181292203331463,19,0.0,0.927,0.0
u_1025,0.08381337051020057,0,0.0,0.787,0.0
u_1026,0.00037751960448324226,47,0.0,0.001,0.0
u_1027,0.15056317158663016,34,0.0,0.475,0.0
u_1028,0.12271993395272318,29,0.0,0.435,0.0
u_1029,0.00808923067814755,53,0.0,0.038,0.0
u_1030,0.24075205310185452,33,0.0,0.497,0.0
u_1031,0.000940410762035362,18,0.0,0.003,0.0
u_1032,0.04213577182924544,38,0.0,0.787,0.0
u_1033,9.30592676963019e-05,25,0.0,0.001,0.0
u_1034,0.011556458997349733,45,0.0,0.055,0.0
u_1035,0.2670740591443641,26,0.0,0.823,0.0
u_1036,0.06697407450034931,6,0.0,0.235,0.0
u_1037,0.1857873905561186,26,0.0,0.574,0.0
u_1038,0.02987480262394354,64,0.0,0.189,0.0
u_1039,0.05608696554595265,46,0.0,0.261,0.0
u_1040,0.017113989699593702,58,0.0,0.105,0.0
u_1041,0.008667684104054897,47,0.0,0.055,0.0
u_1042,0.0006714918401056625,11,0.0,0.004,0.0
u_1043,0.011337017372832388,54,0.0,0.042,0.0
u_1044,0.04365552379862699,31,0.0,0.205,0.0
u_1045,0.041847321892442585,18,0.0,0.189,0.0
u_1046,0.020048612147411105,3,0.0,0.064,0.0
u_1047,0.0006788117659937317,15,0.0,0.003,0.0
u_1048,0.002138761269083344,14,0.0,0.007,0.0
u_1049,0.003759326169020586,45,0.0,0.022,0.0
u_1050,0.0020416860890598654,35,0.0,0.008,0.0
u_1051,0.020285233938886562,46,0.0,0.194,0.0
u_1052,0.0728379732104843,43,0.0,0.228,0.0
u_1053,0.02807061808575005,65,0.0,0.083,0.0
u_1054,0.38231667778067296,33,0.0,0.983,0.0
u_1055,0.034327751457269684,18,0.0,0.106,0.0
u_1056,0.2006233847173728,10,0.0,0.407,0.0
u_1057,0.5532562661172316,30,0.0,0.688,0.0
u_1058,0.1282428725464402,7,0.0,0.482,0.0
u_1059,0.0005433419893150855,50,0.0,0.002,0.0
u_1060,0.08997663362509538,40,0.0,0.283,0.0
u_1061,0.04850910571202934,31,0.0,0.126,0.0
u_1062,0.20077736790761702,29,0.0,0.964,0.0
u_1063,0.33830256779030327,16,0.0,0.696,0.0
u_1064,0.12133416805578139,36,0.0,0.333,0.0
u_1065,0.0002566284035851962,3,0.0,0.001,0.0
u_1066,0.241324918809087,42,0.0,0.735,0.0
u_1067,0.03369361968564383,34,0.0,0.155,0.0
u_1068,0.1575720503285717,65,0.0,0.727,0.0
u_1069,0.015156457326238706,2,0.0,0.093,0.0
u_1070,0.0005587652389700747,64,0.0,0.002,0.0
u_1071,0.019502362923479934,32,0.0,0.05,0.0
u_1072,0.0006817401790188997,10,0.0,0.006,0.0
u_1073,0.008857800966158577,57,0.0,0.031,0.0
u_1074,0.12704797968044768,40,0.0,0.393,0.0
u_1075,0.42243228141791145,16,0.0,0.759,0.0
u_1076,0.091405830130492,48,0.0,0.787,0.0
u_1077,0.0022296701022540086,33,0.0,0.019,0.0
u_1078,0.0013024382248713912,24,0.0,0.012,0.0
u_1079,0.25749516732052413,2,0.0,0.809,0.0
u_1080,0.012432788362892402,40,0.0,0.057,0.0
u_1081,0.00016971330720952506,39,0.0,0.002,0.0
u_1082,0.01663210118786318,22,0.0,0.074,0.0
u_1083,0.20336639957340474,32,0.0,0.768,0.0
u_1084,0.16033057576485732,14,0.0,0.755,0.0
u_1085,0.06073538337468863,25,0.0,0.575,0.0
u_1086,0.07415045061028865,35,0.0,0.234,0.0
u_1087,0.15724726375777784,43,0.0,0.689,0.0
u_1088,0.009851682825493632,48,0.0,0.186,0.0
u_1089,0.0011376346068151023,57,0.0,0.003,0.0
u_1090,0.03533895562528625,12,0.0,0.132,0.0
u_1091,0.006119321688083572,29,0.0,0.039,0.0
u_1092,0.1139915841786059,3,0.0,0.539,0.0
u_1093,0.004305721331396497,32,0.0,0.015,0.0
u_1094,0.003590240161316198,47,0.0,0.017,0.0
u_1095,0.040978938335585455,3,0.0,0.191,0.0
u_1096,0.24261878063784229,46,0.0,0.631,0.0
u_1097,0.00016391461010769562,20,0.0,0.001,0.0
u_1098,0.13435477177539204,0,0.0,0.63,0.0
u_1099,0.1584111629302966,25,0.0,0.561,0.0
u_1100,0.06379933122374021,14,0.0,0.148,0.0
u_1101,0.004074079985675577,40,0.0,0.019,0.0
u_1102,0.0017021189769739944,7,0.0,0.005,0.0
u_1103,0.000680577342864271,11,0.0,0.004,0.0
u_1104,0.0534613182065611,42,0.0,0.098,0.0
u_1105,0.014479612955362405,19,0.0,0.036,0.0
u_1106,0.012365541891506732,53,0.0,0.112,0.0
u_1107,0.003348282351339745,33,0.0,0.012,0.0
u_1108,0.006171769016197281,40,0.0,0.036,0.0
u_1109,0.006708485421042844,7,0.0,0.026,0.0
u_1110,0.024939536788191857,30,0.0,0.116,0.0
u_1111,0.0029143310072561723,1,0.0,0.008,0.0
u_1112,0.08400933117786794,22,0.0,0.787,0.0
u_1113,0.108968665109141,48,0.0,0.41,0.0
u_1114,0.0008202178212964597,42,0.0,0.002,0.0
u_1115,0.0012829249107758685,54,0.0,0.004,0.0
u_1116,0.023139895365168667,48,0.0,0.148,0.0
u_1117,0.07413063897559874,32,0.0,0.47,0.0
u_1118,0.34480943205346226,58,0.0,0.944,0.0
u_1119,0.0011868955009015378,3,0.0,0.021,0.0
u_1120,0.00026138777530553247,20,0.0,0.002,0.0
u_1121,0.16534132178136945,32,0.0,0.998,0.0
u_1122,0.0026927034001696317,25,0.0,0.013,0.0
u_1123,0.04375853773445467,1,0.0,0.787,0.0
u_1124,0.013178978434896332,11,0.0,0.041,0.0
u_1125,0.27326598480622105,11,0.0,0.989,0.0
u_1126,0.1662832529331917,39,0.0,0.787,0.0
u_1127,0.20576165813222808,3,0.0,0.787,0.0
u_1128,0.011494534354778586,29,0.0,0.025,0.0
u_1129,0.08086050782015992,3,0.0,0.296,0.0
u_1130,0.44949015109025137,65,0.0,0.913,0.0
u_1131,0.03387886258492748,58,0.0,0.213,0.0
u_1132,0.00020008045548548364,31,0.0,0.001,0.0
u_1133,0.33789056359369324,43,0.0,0.892,0.0
u_1134,0.001188564843498065,27,0.0,0.006,0.0
u_1135,0.09091102341778606,2,0.0,0.787,0.0
u_1136,0.0,-1,0.0,,
u_1137,0.0073972299333181545,40,0.0,0.028,0.0
u_1138,0.01852070775502351,21,0.0,0.032,0.0
u_1139,0.10654706015966578,7,0.0,0.608,0.0
u_1140,0.0815591708234521,0,0.0,0.787,0.0
u_1141,0.17189903544444543,21,0.0,0.787,0.0
u_1142,0.0030828750042029038,27,0.0,0.01,0.0
u_1143,0.0002696568127650157,24,0.0,0.003,0.0
u_1144,0.0015639867865397865,38,0.0,0.007,0.0
u_1145,0.15671007507356857,62,0.0,0.573,0.0
u_1146,0.03002150571913218,16,0.0,0.135,0.0
u_1147,0.18808913435234492,6,0.0,0.635,0.0
u_1148,0.15818022281164507,49,0.0,0.33,0.0
u_1149,0.08439090673494017,6,0.0,0.787,0.0
u_1150,0.00043126716323655393,63,0.0,0.003,0.0
u_1151,0.10908080344336042,16,0.0,0.601,0.0
u_1152,0.01840302855397212,0,0.0,0.086,0.0
u_1153,0.013391379112851477,50,0.0,0.122,0.0
u_1154,0.020630150928089366,0,0.0,0.096,0.0
u_1155,0.00019764863481774368,43,0.0,0.001,0.0
u_1156,0.0021093403978098752,51,0.0,0.019,0.0
u_1157,7.887903434277284e-05,48,0.0,0.001,0.0
u_1158,0.0976247512093061,53,0.0,0.442,0.0
u_1159,0.0236505638851185,53,0.0,0.045,0.0
u_1160,0.12372906196621028,24,0.0,0.787,0.0
u_1161,0.06514985963162448,42,0.0,0.283,0.0
u_1162,0.3476639505803346,1,0.0,0.927,0.0
u_1163,0.12759994991982998,43,0.0,0.787,0.0
u_1164,0.032871010518680834,7,0.0,0.071,0.0
u_1165,0.022532550871030604,23,0.0,0.194,0.0
u_1166,0.5058482308027583,36,0.0,0.859,0.0
u_1167,0.01619128913688868,43,0.0,0.059,0.0
u_1168,0.2208795042666064,46,0.0,0.787,0.0
u_1169,0.24774243871087628,6,0.0,0.918,0.0
u_1170,0.02132300826695265,1,0.0,0.065,0.0
u_1171,0.03700222556032327,12,0.0,0.332,0.0
u_1172,0.4197968354587812,53,0.0,0.699,0.0
u_1173,0.18538563310900197,33,0.0,0.816,0.0
u_1174,0.007314000828747693,68,0.0,0.066,0.0
u_1175,0.2605187445776879,12,0.0,0.7,0.0
u_1176,0.08396969020464481,19,0.0,0.787,0.0
u_1177,8.789718694041824e-05,28,0.0,0.001,0.0
u_1178,0.09537850401761552,14,0.0,0.574,0.0
u_1179,0.02686324125481166,17,0.0,0.234,0.0
u_1180,0.17297115374407876,54,0.0,0.54,0.0
u_1181,0.18079991258498077,12,0.0,0.585,0.0
u_1182,0.017105668318829044,42,0.0,0.281,0.0
u_1183,0.07184056851641923,22,0.0,0.333,0.0
u_1184,0.19341360414595343,45,0.0,0.709,0.0
u_1185,0.0009283381959144286,34,0.0,0.004,0.0
u_1186,0.002199298355499266,35,0.0,0.019,0.0
u_1187,0.049120535044154146,14,0.0,0.402,0.0
u_1188,0.20216627336814727,35,0.0,0.622,0.0
u_1189,0.052658088213856875,7,0.0,0.192,0.0
u_1190,0.03723928865538864,14,0.0,0.142,0.0
u_1191,0.08239125268260589,51,0.0,0.304,0.0
u_1192,0.12323125455081949,3,0.0,0.787,0.0
u_1193,0.08042705318990898,7,0.0,0.295,0.0
u_1194,0.04053874036338437,3,0.0,0.384,0.0
u_1195,0.038666917282726275,36,0.0,0.104,0.0
u_1196,0.03856110792427405,55,0.0,0.091,0.0
u_1197,0.006693086862939257,48,0.0,0.058,0.0
u_1198,0.03039939820228302,40,0.0,0.069,0.0
u_1199,0.03425410657500383,10,0.0,0.201,0.0
u_1200,0.0438401975266358,3,0.0,0.138,0.0
u_1201,0.00021070453880120207,21,0.0,0.001,0.0
u_1202,0.0003863385209742588,68,0.0,0.004,0.0
u_1203,0.15762245836458869,50,0.0,0.704,0.0
u_1204,0.043262312692718706,14,0.0,0.787,0.0
u_1205,0.2869096416067168,47,0.0,0.869,0.0
u_1206,0.02906208544725839,10,0.0,0.177,0.0
u_1207,0.10069773129651755,5,0.0,0.465,0.0
u_1208,0.010588475545867383,3,0.0,0.065,0.0
u_1209,0.000234892960758485,30,0.0,0.001,0.0
u_1210,0.027415863838767093,30,0.0,0.056,0.0
u_1211,0.08612953660581908,36,0.0,0.787,0.0
u_1212,0.014139552435621136,38,0.0,0.029,0.0
u_1213,0.08460658607552816,24,0.0,0.787,0.0
u_1214,0.08278151269792294,13,0.0,0.787,0.0
u_1215,0.008495163309356636,0,0.0,0.041,0.0
u_1216,0.08798053785598783,40,0.0,0.787,0.0
u_1217,0.11052611729757167,44,0.0,0.324,0.0
u_1218,0.05690393644275469,59,0.0,0.344,0.0
u_1219,0.06537703662236728,36,0.0,0.2,0.0
u_1220,0.04855530332757049,39,0.0,0.147,0.0
u_1221,0.003669634691056469,32,0.0,0.033,0.0
u_1222,0.1346518818846369,2,0.0,0.311,0.0
u_1223,0.2788119376010506,14,0.0,0.816,0.0
u_1224,0.004574432323026158,1,0.0,0.027,0.0
u_1225,0.02303141029009076,1,0.0,0.083,0.0
u_1226,0.05827324811899963,22,0.0,0.364,0.0
u_1227,0.07211492371125076,49,0.0,0.338,0.0
u_1228,0.05753833300545124,0,0.0,0.147,0.0
u_1229,0.2958040255463995,43,0.0,0.77,0.0
u_1230,0.05094768817272739,8,0.0,0.787,0.0
u_1231,0.017270097518186853,65,0.0,0.318,0.0
u_1232,0.04503468886108264,11,0.0,0.373,0.0
u_1233,0.13418561476110483,13,0.0,0.482,0.0
u_1234,0.21476261520530263,1,0.0,0.986,0.0
u_1235,0.053884313028073325,63,0.0,0.254,0.0
u_1236,0.0004918026586541955,46,0.0,0.003,0.0
u_1237,0.259259502160773,54,0.0,0.914,0.0
u_1238,0.33035349217642174,44,0.0,0.982,0.0
u_1239,0.15863849235146604,57,0.0,0.598,0.0
u_1240,0.21434383240618096,24,0.0,0.791,0.0
u_1241,0.002711587537724867,26,0.0,0.012,0.0
u_1242,0.0004639945868591588,47,0.0,0.004,0.0
u_1243,0.21307490599664466,40,0.0,0.787,0.0
u_1244,0.11581000652998596,14,0.0,0.686,0.0
u_1245,0.1274081771997562,22,0.0,0.787,0.0
u_1246,0.0003140128609250085,34,0.0,0.001,0.0
u_1247,0.018805534641670393,49,0.0,0.044,0.0
u_1248,0.04668703499751516,46,0.0,0.28,0.0
u_1249,0.007181350676244539,27,0.0,0.045,0.0
u_1250,0.005507954870619019,21,0.0,0.01,0.0
u_1251,0.012280455927956483,16,0.0,0.112,0.0
u_1252,0.0007459149644094653,19,0.0,0.005,0.0
u_1253,0.2441957242145687,66,0.0,0.893,0.0
u_1254,0.03267643469214389,26,0.0,0.102,0.0
u_1255,0.23386944218631253,68,0.0,0.859,0.0
u_1256,0.11740148981200417,8,0.0,0.421,0.0
u_1257,0.038580271357332496,53,0.0,0.217,0.0
u_1258,0.14845288173895274,47,0.0,0.924,0.0
u_1259,0.0005714474008617768,62,0.0,0.004,0.0
u_1260,0.014028864774284621,60,0.0,0.054,0.0
u_1261,0.08467986028846618,36,0.0,0.787,0.0
u_1262,0.008489282895901347,47,0.0,0.051,0.0
u_1263,0.016648511482878405,0,0.0,0.147,0.0
u_1264,0.08631498290810836,39,0.0,0.787,0.0
u_1265,0.002676100391566208,2,0.0,0.012,0.0
u_1266,0.008789597846461382,31,0.0,0.031,0.0
u_1267,0.08637953468230057,19,0.0,0.787,0.0
u_1268,0.03859974577854527,53,0.0,0.167,0.0
u_1269,0.10552576919860913,0,0.0,0.991,0.0
u_1270,0.14891863409124906,15,0.0,0.388,0.0
u_1271,0.005836129808027366,13,0.0,0.022,0.0
u_1272,0.08923549611422023,34,0.0,0.424,0.0
u_1273,0.0016007912528612383,32,0.0,0.01,0.0
u_1274,0.006798762400872781,60,0.0,0.062,0.0
u_1275,0.00010622965581544764,66,0.0,0.001,0.0
u_1276,0.0018114650702937267,62,0.0,0.033,0.0
u_1277,0.001350667247748134,14,0.0,0.006,0.0
u_1278,0.09316364390436904,2,0.0,0.787,0.0
u_1279,0.13064735503782807,48,0.0,0.787,0.0
u_1280,0.0018791251563326495,33,0.0,0.017,0.0
u_1281,0.09387708373995689,30,0.0,0.787,0.0
u_1282,0.11084229549423215,40,0.0,0.787,0.0
u_1283,0.000808336420902589,0,0.0,0.008,0.0
u_1284,0.10759580089147149,48,0.0,0.41,0.0
u_1285,0.1675156757567615,48,0.0,0.787,0.0
u_1286,0.003705442598729011,22,0.0,0.021,0.0
u_1287,0.16767088952454962,32,0.0,0.787,0.0
u_1288,0.009973442273333761,3,0.0,0.021,0.0
u_1289,0.025043950292750652,66,0.0,0.088,0.0
u_1290,0.127157908597219,7,0.0,0.787,0.0
u_1291,0.029556897969624376,43,0.0,0.278,0.0
u_1292,0.0019691567503037203,2,0.0,0.009,0.0
u_1293,0.014939172773243617,15,0.0,0.055,0.0
u_1294,0.0037678174373399803,17,0.0,0.017,0.0
u_1295,0.0027644878746855926,2,0.0,0.017,0.0
u_1296,0.15565225951767794,33,0.0,0.573,0.0
u_1297,0.001761570736262871,42,0.0,0.008,0.0
u_1298,0.3865092475225114,30,0.0,0.806,0.0
u_1299,0.42675138470325863,57,0.0,0.878,0.0
u_1300,0.0052311937173130955,10,0.0,0.019,0.0
u_1301,0.0005428049540755218,50,0.0,0.005,0.0
u_1302,0.0251094712458715,13,0.0,0.233,0.0
u_1303,0.14575977057744657,7,0.0,0.442,0.0
u_1304,0.007641372574036586,8,0.0,0.035,0.0
u_1305,0.467119253382836,46,0.0,0.844,0.0
u_1306,0.14242031484007373,45,0.0,0.518,0.0
u_1307,0.00018450844920493578,14,0.0,0.002,0.0
u_1308,0.04936568031635819,0,0.0,0.156,0.0
u_1309,0.004298709740346138,30,0.0,0.027,0.0
u_1310,7.189276327798256e-05,10,0.0,0.001,0.0
u_1311,0.1419771722629089,30,0.0,0.505,0.0
u_1312,0.13482665619377096,40,0.0,0.787,0.0
u_1313,0.015689785837544837,28,0.0,0.056,0.0
u_1314,0.0882919821955514,42,0.0,0.314,0.0
u_1315,0.022106904192910278,7,0.0,0.059,0.0
u_1316,0.05865753733239548,33,0.0,0.265,0.0
u_1317,0.0003509148534160221,3,0.0,0.003,0.0
u_1318,0.008953916627878348,48,0.0,0.055,0.0
u_1319,0.004929134546362299,13,0.0,0.031,0.0
u_1320,0.040445643408102375,0,0.0,0.375,0.0
u_1321,0.07041299862895005,39,0.0,0.321,0.0
u_1322,0.00011996726062134799,28,0.0,0.001,0.0
u_1323,0.05038766432563313,43,0.0,0.132,0.0
u_1324,0.042691557128859636,1,0.0,0.787,0.0
u_1325,0.0006591097580420028,14,0.0,0.004,0.0
u_1326,0.09074797878531954,34,0.0,0.233,0.0
u_1327,0.00030128692741636105,1,0.0,0.002,0.0
u_1328,0.17477071458075064,63,0.0,0.787,0.0
u_1329,0.010771221619824455,40,0.0,0.05,0.0
u_1330,0.05012568366446111,40,0.0,0.219,0.0
u_1331,0.13460783903656476,34,0.0,0.497,0.0
u_1332,0.0007514527196665184,0,0.0,0.003,0.0
u_1333,0.0861550988988007,53,0.0,0.787,0.0
u_1334,0.010007114728991255,27,0.0,0.087,0.0
u_1335,0.0001637128229496623,49,0.0,0.001,0.0
u_1336,0.001389054675279019,43,0.0,0.005,0.0
u_1337,0.031616755975728494,3,0.0,0.143,0.0
u_1338,0.3315006705514091,22,0.0,0.849,0.0
u_1339,0.1389753477385347,47,0.0,0.853,0.0
u_1340,0.1461850612604319,68,0.0,0.544,0.0
u_1341,0.0012164664257944564,38,0.0,0.005,0.0
u_1342,0.022146728819728404,55,0.0,0.06,0.0
u_1343,0.0007459400386145155,25,0.0,0.007,0.0
u_1344,0.17165489776772305,6,0.0,0.623,0.0
u_1345,0.04813133851514,19,0.0,0.182,0.0
u_1346,0.009431333314538475,3,0.0,0.059,0.0
u_1347,0.006798692533031507,14,0.0,0.04,0.0
u_1348,0.010987739388471345,64,0.0,0.07,0.0
u_1349,0.045017888272876706,16,0.0,0.787,0.0
u_1350,9.757456869971218e-05,47,0.0,0.001,0.0
u_1351,0.0008131317113906537,36,0.0,0.004,0.0
u_1352,0.005469613623681644,21,0.0,0.016,0.0
u_1353,0.13139112966427322,65,0.0,0.787,0.0
u_1354,0.006624745395789796,48,0.0,0.031,0.0
u_1355,0.0,-1,0.0,,
u_1356,0.17091968942568464,40,0.0,0.633,0.0
u_1357,0.0925443581379751,21,0.0,0.847,0.0
u_1358,0.0036512319318345752,27,0.0,0.066,0.0
u_1359,0.00024059651093469875,44,0.0,0.002,0.0
u_1360,0.008072499636002177,2,0.0,0.038,0.0
u_1361,0.008905492542575083,66,0.0,0.054,0.0
u_1362,0.013481805383493424,45,0.0,0.048,0.0
u_1363,0.04540510898244663,66,0.0,0.428,0.0
u_1364,0.021870136827429477,11,0.0,0.081,0.0
u_1365,0.008646686191788919,46,0.0,0.153,0.0
u_1366,0.00498991733299841,8,0.0,0.019,0.0
u_1367,0.12639682822976636,24,0.0,0.787,0.0
u_1368,0.0334289983935271,44,0.0,0.147,0.0
u_1369,0.25863871594871074,39,0.0,0.787,0.0
u_1370,0.0012814810031126448,46,0.0,0.005,0.0
u_1371,0.0567303140360046,42,0.0,0.358,0.0
u_1372,0.037184715129368336,45,0.0,0.341,0.0
u_1373,0.009622382925370128,6,0.0,0.059,0.0
u_1374,0.01713760537776096,33,0.0,0.157,0.0
u_1375,0.027108465868656093,34,0.0,0.17,0.0
u_1376,0.0009417127176404403,33,0.0,0.006,0.0
u_1377,0.08326837000798518,16,0.0,0.787,0.0
u_1378,0.0008366390178933227,7,0.0,0.008,0.0
u_1379,0.07597164447366138,25,0.0,0.337,0.0
u_1380,0.10357458982144531,39,0.0,0.274,0.0
u_1381,0.03482733352363544,48,0.0,0.316,0.0
u_1382,0.0014304670762382845,37,0.0,0.027,0.0
u_1383,0.04774527273191276,10,0.0,0.18,0.0
u_1384,0.08327117285511862,26,0.0,0.211,0.0
u_1385,0.006583628474423069,7,0.0,0.062,0.0
u_1386,0.012478655864596703,48,0.0,0.045,0.0
u_1387,0.0030875349543687505,68,0.0,0.017,0.0
u_1388,0.001374703824003215,57,0.0,0.008,0.0
u_1389,0.04490598046723829,46,0.0,0.787,0.0
u_1390,0.003515819483823892,46,0.0,0.031,0.0
u_1391,0.15554886200662735,8,0.0,0.572,0.0
u_1392,0.1346743783056497,35,0.0,0.787,0.0
u_1393,0.08261740092828386,37,0.0,0.787,0.0
u_1394,0.10508970794818187,53,0.0,0.658,0.0
u_1395,0.08100847779086583,25,0.0,0.787,0.0
u_1396,0.0332617312105529,12,0.0,0.099,0.0
u_1397,0.11686526287888443,37,0.0,0.741,0.0
u_1398,0.3012416149123066,36,0.0,0.787,0.0
u_1399,0.14725347753798562,53,0.0,0.787,0.0
u_1400,0.0021100052692259535,3,0.0,0.013,0.0
u_1401,0.162033193218104,3,0.0,0.686,0.0
u_1402,0.21673481446838083,3,0.0,0.488,0.0
u_1403,0.00257664376433123,45,0.0,0.017,0.0
u_1404,0.0012320862520249522,15,0.0,0.006,0.0
u_1405,0.041309569811650806,23,0.0,0.383,0.0
u_1406,0.0008604882833112901,45,0.0,0.003,0.0
u_1407,0.00025659181861076237,5,0.0,0.001,0.0
u_1408,0.0004452100412591453,3,0.0,0.008,0.0
u_1409,0.002078203473484215,50,0.0,0.019,0.0
u_1410,0.026769578707906194,3,0.0,0.25,0.0
u_1411,0.124966631425212,10,0.0,0.367,0.0
u_1412,0.08226892940106895,35,0.0,0.787,0.0
u_1413,0.002294462367531299,18,0.0,0.009,0.0
u_1414,0.012496142086133567,34,0.0,0.056,0.0
u_1415,0.08862310132573437,12,0.0,0.787,0.0
u_1416,0.2134748456116198,2,0.0,0.787,0.0
u_1417,0.04401585323533997,3,0.0,0.13,0.0
u_1418,0.12520912199403167,63,0.0,0.787,0.0
u_1419,0.16281870621411831,60,0.0,0.949,0.0
u_1420,0.09880292022371745,17,0.0,0.602,0.0
u_1421,0.0008364976739136624,59,0.0,0.007,0.0
u_1422,0.1566182040231576,35,0.0,1.0,0.0
u_1423,0.03833503568234092,16,0.0,0.097,0.0
u_1424,0.5544762220384708,37,0.0,0.807,0.0
u_1425,0.057930122844956966,25,0.0,0.185,0.0
u_1426,0.024745819985381324,16,0.0,0.065,0.0
u_1427,0.04264000795520548,16,0.0,0.787,0.0
u_1428,0.029114952883202712,54,0.0,0.18,0.0
u_1429,0.10774144365934697,32,0.0,0.289,0.0
u_1430,0.004153512286195294,42,0.0,0.026,0.0
u_1431,0.061371077402211004,33,0.0,0.225,0.0
u_1432,0.002198676204818143,30,0.0,0.006,0.0
u_1433,0.012639128728535726,40,0.0,0.047,0.0
u_1434,0.01081571110914432,3,0.0,0.049,0.0
u_1435,0.016668314117053346,58,0.0,0.153,0.0
u_1436,0.011074864594771765,6,0.0,0.067,0.0
u_1437,0.0008596401642807454,3,0.0,0.002,0.0
u_1438,0.00339752914739643,0,0.0,0.021,0.0
u_1439,0.021037967171618068,13,0.0,0.096,0.0
u_1440,0.04217651538028063,21,0.0,0.787,0.0
u_1441,0.01509798868558333,58,0.0,0.093,0.0
u_1442,0.047342715874458714,0,0.0,0.787,0.0
u_1443,0.000325152690722304,3,0.0,0.002,0.0
u_1444,0.13453739898192402,26,0.0,0.787,0.0
u_1445,0.00010667477235519367,39,0.0,0.001,0.0
u_1446,0.08226937374339888,15,0.0,0.787,0.0
u_1447,0.11863347289147488,12,0.0,0.355,0.0
u_1448,0.00023037282592807483,3,0.0,0.001,0.0
u_1449,0.14582463066176446,68,0.0,0.552,0.0
u_1450,0.025722128912605148,51,0.0,0.095,0.0
u_1451,0.04354787071635589,36,0.0,0.787,0.0
u_1452,0.045424749125932314,39,0.0,0.787,0.0
u_1453,0.18434811754497057,48,0.0,0.689,0.0
u_1454,0.014274821993639341,35,0.0,0.054,0.0
u_1455,0.018865767223002216,39,0.0,0.085,0.0
u_1456,0.008802277944052566,27,0.0,0.039,0.0
u_1457,0.03161350740507324,28,0.0,0.253,0.0
u_1458,0.00017812417765442718,58,0.0,0.001,0.0
u_1459,0.008244322239374496,63,0.0,0.024,0.0
u_1460,0.3399838356888219,42,0.0,0.74,0.0
u_1461,0.08981358332236951,31,0.0,0.787,0.0
u_1462,0.00046530384306804346,25,0.0,0.007,0.0
u_1463,0.021970561977378716,33,0.0,0.104,0.0
u_1464,0.19912826170131046,48,0.0,0.714,0.0
u_1465,0.001804775937500477,24,0.0,0.008,0.0
u_1466,0.003137554524171365,28,0.0,0.029,0.0
u_1467,0.006105238267942453,11,0.0,0.028,0.0
u_1468,9.727739770249833e-05,39,0.0,0.001,0.0
u_1469,0.007419247856199932,2,0.0,0.044,0.0
u_1470,0.024206976071594895,40,0.0,0.153,0.0
u_1471,0.0007272013053423781,14,0.0,0.002,0.0
u_1472,0.047592005526899975,50,0.0,0.787,0.0
u_1473,0.0003403596172759269,28,0.0,0.002,0.0
u_1474,0.024006049793942934,48,0.0,0.379,0.0
u_1475,0.14446309808506694,3,0.0,0.515,0.0
u_1476,0.06972821708692471,14,0.0,0.164,0.0
u_1477,0.0018262013410864737,20,0.0,0.007,0.0
u_1478,0.19555130951905436,7,0.0,0.944,0.0
u_1479,0.0014448339542895595,15,0.0,0.009,0.0
u_1480,0.03851962968862457,8,0.0,0.241,0.0
u_1481,0.0003235362913192574,3,0.0,0.002,0.0
u_1482,0.0007597763706247204,50,0.0,0.007,0.0
u_1483,0.0004954246044498328,30,0.0,0.002,0.0
u_1484,0.08195504815344616,68,0.0,0.787,0.0
u_1485,0.13489363225811773,7,0.0,0.595,0.0
u_1486,0.0011428087530843773,26,0.0,0.01,0.0
u_1487,0.2129835221139437,44,0.0,0.99,0.0
u_1488,0.11826928341627248,58,0.0,0.76,0.0
u_1489,0.012145857519617385,43,0.0,0.07,0.0
u_1490,0.006157242197597647,3,0.0,0.039,0.0
u_1491,0.021801094454752028,60,0.0,0.139,0.0
u_1492,0.031193226189924924,62,0.0,0.2,0.0
u_1493,0.11968020297590667,11,0.0,0.658,0.0
u_1494,0.0002704829900583038,33,0.0,0.002,0.0
u_1495,0.11566852937870067,63,0.0,0.31,0.0
u_1496,0.0011070864266901448,53,0.0,0.005,0.0
u_1497,0.0006954971296880295,31,0.0,0.003,0.0
u_1498,0.3434870632624046,11,0.0,0.905,0.0
u_1499,0.18960175778250296,62,0.0,0.707,0.0
u_1500,0.025045134750098407,44,0.0,0.086,0.0
u_1501,0.09009242654401069,58,0.0,0.139,0.0
u_1502,4.334023955586523e-05,12,0.0,0.001,0.0
u_1503,0.15958865704357442,10,0.0,0.59,0.0
u_1504,0.22528070826744392,39,0.0,0.696,0.0
u_1505,0.06177239678108119,33,0.0,0.185,0.0
u_1506,0.0015524940591658206,25,0.0,0.027,0.0
u_1507,0.00027072431846612426,42,0.0,0.002,0.0
u_1508,0.09827501066781884,45,0.0,0.848,0.0
u_1509,0.088774045400999,42,0.0,0.787,0.0
u_1510,0.09988632821269287,3,0.0,0.297,0.0
u_1511,0.0001268554340631615,11,0.0,0.002,0.0
u_1512,0.0079894901629991,0,0.0,0.076,0.0
u_1513,0.020990010953450763,46,0.0,0.131,0.0
u_1514,0.039620085568829316,16,0.0,0.146,0.0
u_1515,6.841421162363409e-05,32,0.0,0.001,0.0
u_1516,0.005034094515412167,49,0.0,0.024,0.0
u_1517,0.17152620826530507,6,0.0,0.65,0.0
u_1518,0.04690779412457951,68,0.0,0.171,0.0
u_1519,0.002777286367759794,21,0.0,0.01,0.0
u_1520,0.17094239047971005,32,0.0,0.787,0.0
u_1521,0.15559838484177954,30,0.0,0.575,0.0
u_1522,0.033970428809907485,31,0.0,0.153,0.0
u_1523,0.1628175249425785,3,0.0,0.498,0.0
u_1524,0.12917475331457964,68,0.0,0.787,0.0
u_1525,0.0898653125783262,42,0.0,0.787,0.0
u_1526,0.002863482573786656,47,0.0,0.013,0.0
u_1527,0.3008575022634599,15,0.0,0.581,0.0
u_1528,0.05630808118652282,68,0.0,0.356,0.0
u_1529,0.004453047862605183,45,0.0,0.016,0.0
u_1530,0.0239963472601003,14,0.0,0.431,0.0
u_1531,0.0,-1,0.0,,
u_1532,0.011418680939229058,29,0.0,0.035,0.0
u_1533,0.0009865052973263002,16,0.0,0.006,0.0
u_1534,0.01425107110388038,50,0.0,0.257,0.0
u_1535,0.10508361482643262,57,0.0,0.275,0.0
u_1536,0.05042764087833401,3,0.0,0.242,0.0
u_1537,0.08637110601454659,30,0.0,0.787,0.0
u_1538,0.0008972670264889551,16,0.0,0.008,0.0
u_1539,0.00010313867525785735,2,0.0,0.002,0.0
u_1540,0.13179688294278435,38,0.0,0.454,0.0
u_1541,0.003975341765340598,36,0.0,0.018,0.0
u_1542,0.047567436829892215,43,0.0,0.787,0.0
u_1543,0.005719271057264442,39,0.0,0.054,0.0
u_1544,0.1674183779753676,35,0.0,0.787,0.0
u_1545,0.06716082455471577,30,0.0,0.158,0.0
u_1546,0.012476933505152731,36,0.0,0.078,0.0
u_1547,0.02444516644269443,45,0.0,0.093,0.0
u_1548,0.0014835275551332773,44,0.0,0.005,0.0
u_1549,0.026602060505270468,48,0.0,0.061,0.0
u_1550,0.08502014316995482,31,0.0,0.4,0.0
u_1551,0.07887427317066321,48,0.0,0.274,0.0
u_1552,0.10046269202180416,26,0.0,0.787,0.0
u_1553,0.0016002700850905483,56,0.0,0.007,0.0
u_1554,0.01066774552452318,40,0.0,0.1,0.0
u_1555,0.1991786044241504,3,0.0,0.889,0.0
u_1556,0.012806374500589081,42,0.0,0.054,0.0
u_1557,0.0004869532503881389,26,0.0,0.003,0.0
u_1558,0.08558534548713133,32,0.0,0.787,0.0
u_1559,0.3204897397659693,63,0.0,0.986,0.0
u_1560,0.12719743986682197,39,0.0,0.787,0.0
u_1561,0.009279653070049208,7,0.0,0.17,0.0
u_1562,0.0048600415788360865,3,0.0,0.087,0.0
u_1563,0.2279994864404183,59,0.0,0.693,0.0
u_1564,0.16697836641276495,0,0.0,0.753,0.0
u_1565,0.00015072360577569077,23,0.0,0.001,0.0
u_1566,0.04414791582515279,1,0.0,0.787,0.0
u_1567,0.0021913945008405207,45,0.0,0.01,0.0
u_1568,0.0034885341997123874,26,0.0,0.022,0.0
u_1569,0.0007977300372319642,43,0.0,0.005,0.0
u_1570,0.03575239670307028,0,0.0,0.165,0.0
u_1571,0.004632570405247441,16,0.0,0.016,0.0
u_1572,0.03191445135293462,55,0.0,0.117,0.0
u_1573,0.050712978203476755,23,0.0,0.154,0.0
u_1574,0.0059311687661093675,38,0.0,0.056,0.0
u_1575,0.5800988729064878,27,0.0,0.827,0.0
u_1576,0.07398303050694355,60,0.0,0.153,0.0
u_1577,0.40919749508371195,23,0.0,0.825,0.0
u_1578,0.002099907866217818,53,0.0,0.013,0.0
u_1579,0.047651205669178014,33,0.0,0.888,0.0
u_1580,0.048960137299513,48,0.0,0.787,0.0
u_1581,0.10056749716005858,36,0.0,0.31,0.0
u_1582,0.03880845251339027,33,0.0,0.118,0.0
u_1583,0.1861003083792765,7,0.0,0.485,0.0
u_1584,0.12144075649849893,14,0.0,0.775,0.0
u_1585,0.0701227746485512,18,0.0,0.308,0.0
u_1586,0.029998172790728753,23,0.0,0.135,0.0
u_1587,0.15366016868896495,17,0.0,0.548,0.0
u_1588,0.1341709235355303,45,0.0,0.787,0.0
u_1589,0.08324124123017039,5,0.0,0.195,0.0
u_1590,0.00374354898747196,15,0.0,0.023,0.0
u_1591,0.1419197774267979,32,0.0,0.787,0.0
u_1592,0.08618017126363615,66,0.0,0.172,0.0
u_1593,0.004832041542360466,19,0.0,0.022,0.0
u_1594,0.13932703530527676,57,0.0,0.355,0.0
u_1595,0.12965754106832403,21,0.0,0.787,0.0
u_1596,0.08979809254599852,6,0.0,0.561,0.0
u_1597,0.04977004216170724,33,0.0,0.151,0.0
u_1598,0.0003993991516359879,45,0.0,0.003,0.0
u_1599,0.02550417876941113,23,0.0,0.16,0.0
u_1600,0.04714908450510056,25,0.0,0.787,0.0
u_1601,0.12776283308904982,37,0.0,0.787,0.0
u_1602,0.0859902707288062,29,0.0,0.787,0.0
u_1603,0.007710048897615222,15,0.0,0.027,0.0
u_1604,0.046782116575266125,45,0.0,0.787,0.0
u_1605,0.1891695146639719,46,0.0,0.878,0.0
u_1606,0.004818454874754,3,0.0,0.044,0.0
u_1607,0.04400365652161425,40,0.0,0.267,0.0
u_1608,0.018630985391316437,44,0.0,0.083,0.0
u_1609,0.18388566422261385,53,0.0,0.7,0.0
u_1610,0.0004032227173630969,43,0.0,0.001,0.0
u_1611,0.13010115300631714,11,0.0,0.787,0.0
u_1612,0.007334180439617603,6,0.0,0.046,0.0
u_1613,0.038430774622071125,14,0.0,0.115,0.0
u_1614,0.13146130403241496,30,0.0,0.3,0.0
u_1615,0.26427858324365583,36,0.0,0.959,0.0
u_1616,0.2659557917515376,31,0.0,0.843,0.0
u_1617,0.010806776281559835,12,0.0,0.094,0.0
u_1618,0.23422442394374132,0,0.0,0.737,0.0
u_1619,0.05010803382241467,3,0.0,0.44,0.0
u_1620,0.08297329779987998,8,0.0,0.787,0.0
u_1621,0.03249261882987024,13,0.0,0.205,0.0
u_1622,0.001364534356940094,58,0.0,0.008,0.0
u_1623,0.00908580957002988,25,0.0,0.033,0.0
u_1624,0.0868410421266051,31,0.0,0.787,0.0
u_1625,0.09391074224805288,56,0.0,0.787,0.0
u_1626,0.0697527059186329,65,0.0,0.263,0.0
u_1627,0.012236186672008,15,0.0,0.047,0.0
u_1628,0.12533732555718216,48,0.0,0.723,0.0
u_1629,0.010408096881057967,57,0.0,0.039,0.0
u_1630,0.03451984164958882,13,0.0,0.092,0.0
u_1631,0.033954714252519204,31,0.0,0.151,0.0
u_1632,0.08975632507541326,38,0.0,0.336,0.0
u_1633,0.003922774929551005,26,0.0,0.024,0.0
u_1634,0.08348373259432844,68,0.0,0.787,0.0
u_1635,0.011031919367683747,49,0.0,0.068,0.0
u_1636,0.0004667062368567609,42,0.0,0.004,0.0
u_1637,0.00031836137837037206,27,0.0,0.002,0.0
u_1638,0.033630802736981165,7,0.0,0.098,0.0
u_1639,0.2262031927541292,7,0.0,0.773,0.0
u_1640,0.03161618168604273,7,0.0,0.094,0.0
u_1641,0.0,-1,0.0,,
u_1642,0.1707054374054867,1,0.0,0.787,0.0
u_1643,0.006218472324359842,8,0.0,0.019,0.0
u_1644,0.0005423053235970062,56,0.0,0.003,0.0
u_1645,0.0004973753671966715,62,0.0,0.003,0.0
u_1646,0.0047385602676542965,57,0.0,0.017,0.0
u_1647,0.04589960796791516,7,0.0,0.787,0.0
u_1648,0.0006786528893631532,31,0.0,0.004,0.0
u_1649,0.09230316293856734,58,0.0,0.787,0.0
u_1650,0.14524782862208804,39,0.0,0.664,0.0
u_1651,0.006240815858295179,38,0.0,0.024,0.0
u_1652,0.00014268636688449156,39,0.0,0.001,0.0
u_1653,0.010330411803434544,42,0.0,0.039,0.0
u_1654,0.00019087549386841957,48,0.0,0.001,0.0
u_1655,0.003570656106821632,26,0.0,0.022,0.0
u_1656,0.22143228470132695,45,0.0,0.688,0.0
u_1657,0.051841209410789076,31,0.0,0.184,0.0
u_1658,0.22384061920265658,3,0.0,0.851,0.0
u_1659,0.13279900569533706,3,0.0,0.787,0.0
u_1660,0.043706828232356346,17,0.0,0.787,0.0
u_1661,0.020998498040059054,25,0.0,0.387,0.0
u_1662,0.2468111335334658,16,0.0,0.637,0.0
u_1663,0.2043731832739573,33,0.0,0.787,0.0
u_1664,0.05331165086183057,6,0.0,0.243,0.0
u_1665,0.12127019990254105,3,0.0,0.558,0.0
u_1666,0.0006310749109357265,37,0.0,0.002,0.0
u_1667,0.16591232116236607,21,0.0,0.787,0.0
u_1668,0.07057083125908394,17,0.0,0.317,0.0
u_1669,0.0023883716044460932,16,0.0,0.009,0.0
u_1670,0.04495490482131807,3,0.0,0.821,0.0
u_1671,0.009374862632767895,40,0.0,0.042,0.0
u_1672,0.018605184365584542,57,0.0,0.043,0.0
u_1673,0.0023956434890985557,3,0.0,0.044,0.0
u_1674,0.0574305969575825,36,0.0,0.536,0.0
u_1675,0.08771051849705738,31,0.0,0.787,0.0
u_1676,0.05516774047114323,40,0.0,0.2,0.0
u_1677,0.05251410202542156,2,0.0,0.198,0.0
u_1678,0.051797444531962146,33,0.0,0.324,0.0
u_1679,0.44901402346546326,32,0.0,0.922,0.0
u_1680,0.00027004629991051853,55,0.0,0.002,0.0
u_1681,0.11277101185254337,13,0.0,0.396,0.0
u_1682,0.21023461791329676,1,0.0,0.992,0.0
u_1683,0.002271270766623933,57,0.0,0.012,0.0
u_1684,0.0015192329504169445,53,0.0,0.007,0.0
u_1685,0.22408671942412756,1,0.0,0.594,0.0
u_1686,0.0035702862782752013,15,0.0,0.021,0.0
u_1687,0.007159397844922459,8,0.0,0.017,0.0
u_1688,0.16812172706687756,24,0.0,0.787,0.0
u_1689,0.009489842574915903,47,0.0,0.032,0.0
u_1690,0.15360285327229733,3,0.0,0.948,0.0
u_1691,0.08595949526661995,29,0.0,0.309,0.0
u_1692,0.0182343643693346,1,0.0,0.116,0.0
u_1693,0.04344324223782428,42,0.0,0.787,0.0
u_1694,0.0876155288080114,16,0.0,0.238,0.0
u_1695,0.036657187288082156,29,0.0,0.228,0.0
u_1696,0.0031621571856329488,38,0.0,0.015,0.0
u_1697,0.0042891813710609905,16,0.0,0.027,0.0
u_1698,0.13302534499103716,3,0.0,0.787,0.0
u_1699,0.0016072304784259456,33,0.0,0.028,0.0
u_1700,0.024277532624879448,6,0.0,0.151,0.0
u_1701,0.0002383092955769984,3,0.0,0.002,0.0
u_1702,0.00019194399313551098,64,0.0,0.001,0.0
u_1703,0.026216266812363,43,0.0,0.115,0.0
u_1704,0.2323364950852036,58,0.0,0.475,0.0
u_1705,0.00033178884556556187,51,0.0,0.001,0.0
u_1706,0.2030393446976052,68,0.0,0.787,0.0
u_1707,0.21120292298740392,2,0.0,0.959,0.0
u_1708,0.00791903627473024,27,0.0,0.05,0.0
u_1709,0.0,-1,0.0,,
u_1710,0.20866482063036149,3,0.0,0.603,0.0
u_1711,0.0011363548326749598,13,0.0,0.011,0.0
u_1712,0.010761348614721333,8,0.0,0.041,0.0
u_1713,0.24072994222266908,26,0.0,0.358,0.0
u_1714,0.004468243239789453,58,0.0,0.042,0.0
u_1715,0.16904684827750532,11,0.0,0.612,0.0
u_1716,0.04212707323567172,63,0.0,0.787,0.0
u_1717,0.0637815174872565,36,0.0,0.278,0.0
u_1718,0.1288598633076821,2,0.0,0.787,0.0
u_1719,0.016436406481628,11,0.0,0.056,0.0
u_1720,0.05163951582304269,42,0.0,0.316,0.0
u_1721,0.05880510744616892,13,0.0,0.266,0.0
u_1722,0.12359057981238918,33,0.0,0.787,0.0
u_1723,0.009335780226342074,45,0.0,0.082,0.0
u_1724,0.0038067872056727547,31,0.0,0.017,0.0
u_1725,0.005747386895016345,3,0.0,0.037,0.0
u_1726,0.0019930604197428716,42,0.0,0.019,0.0
u_1727,0.08296660091525443,7,0.0,0.17,0.0
u_1728,0.08940644909786229,28,0.0,0.493,0.0
u_1729,0.1711225266484138,31,0.0,0.787,0.0
u_1730,0.00670478148123404,33,0.0,0.031,0.0
u_1731,0.011228750741771574,13,0.0,0.049,0.0
u_1732,0.0025306294153121817,65,0.0,0.046,0.0
u_1733,0.004470702997811953,55,0.0,0.026,0.0
u_1734,0.06962806804459581,58,0.0,0.653,0.0
u_1735,0.0930614006047726,68,0.0,0.564,0.0
u_1736,0.0,-1,0.0,,
u_1737,0.15859926943386624,7,0.0,0.969,0.0
u_1738,0.004040746887698981,39,0.0,0.019,0.0
u_1739,0.07044198296527732,13,0.0,0.306,0.0
u_1740,0.0003213440686119757,58,0.0,0.006,0.0
u_1741,0.0,-1,0.0,,
u_1742,0.08856629198488605,2,0.0,0.787,0.0
u_1743,0.003806675171125136,48,0.0,0.012,0.0
u_1744,0.0016941196412100761,18,0.0,0.01,0.0
u_1745,0.0003171592938378588,14,0.0,0.003,0.0
u_1746,0.1552975958233074,35,0.0,0.393,0.0
u_1747,0.0006297256425440114,48,0.0,0.003,0.0
u_1748,0.08665246945284844,21,0.0,0.304,0.0
u_1749,0.02187881691568684,46,0.0,0.104,0.0
u_1750,0.06354897153993204,27,0.0,0.403,0.0
u_1751,0.009031603760646358,2,0.0,0.08,0.0
u_1752,0.20690818059819435,16,0.0,0.787,0.0
u_1753,0.08625290715980083,33,0.0,0.787,0.0
u_1754,0.08426915128466708,16,0.0,0.787,0.0
u_1755,0.03695155983113808,16,0.0,0.227,0.0
u_1756,0.22801424836938936,42,0.0,0.529,0.0
u_1757,0.025059613723260366,43,0.0,0.227,0.0
u_1758,0.12294467088465726,18,0.0,0.787,0.0
u_1759,0.03206374832156683,42,0.0,0.116,0.0
u_1760,0.02078095627961311,59,0.0,0.08,0.0
u_1761,0.0008857531625015553,7,0.0,0.008,0.0
u_1762,0.07066334393722647,31,0.0,0.19,0.0
u_1763,0.09434882119721393,39,0.0,0.274,0.0
u_1764,0.034460949088645464,30,0.0,0.16,0.0
u_1765,0.001360254898036065,18,0.0,0.007,0.0
u_1766,0.00011145959083628188,65,0.0,0.001,0.0
u_1767,0.07459076955009018,11,0.0,0.233,0.0
u_1768,0.002751966517270185,57,0.0,0.016,0.0
u_1769,0.0005795353279114075,14,0.0,0.003,0.0
u_1770,0.02995656528672593,46,0.0,0.142,0.0
u_1771,0.0010642875548542488,30,0.0,0.005,0.0
u_1772,0.0025409307058644162,44,0.0,0.022,0.0
u_1773,0.1485416083966932,58,0.0,0.923,0.0
u_1774,0.010700064723592561,34,0.0,0.065,0.0
u_1775,0.30629733433234985,13,0.0,0.984,0.0
u_1776,0.012692135618665695,6,0.0,0.059,0.0
u_1777,0.006489485174223905,6,0.0,0.058,0.0
u_1778,0.08249066156406137,14,0.0,0.787,0.0
u_1779,0.08762300276429415,7,0.0,0.787,0.0
u_1780,0.0006572886930469595,39,0.0,0.004,0.0
u_1781,0.0002501399156243457,14,0.0,0.002,0.0
u_1782,0.00914809719054425,7,0.0,0.058,0.0
u_1783,0.023004986712443873,45,0.0,0.087,0.0
u_1784,0.0006912476071118956,8,0.0,0.006,0.0
u_1785,0.0035418949077763526,25,0.0,0.033,0.0
u_1786,0.001620007167229424,3,0.0,0.015,0.0
u_1787,0.000625406329373362,48,0.0,0.006,0.0
u_1788,0.08411763110015562,54,0.0,0.787,0.0
u_1789,0.07254233327434789,25,0.0,0.255,0.0
u_1790,0.0009083023922212283,17,0.0,0.004,0.0
u_1791,0.13591118866907512,6,0.0,0.506,0.0
u_1792,0.004536994140190649,43,0.0,0.041,0.0
u_1793,0.15394964957479784,13,0.0,0.707,0.0
u_1794,0.028923851674615343,39,0.0,0.102,0.0
u_1795,0.022751313916282018,16,0.0,0.109,0.0
u_1796,0.04873689159335473,13,0.0,0.148,0.0
u_1797,0.04515018542664884,7,0.0,0.207,0.0
u_1798,0.10621155077159174,16,0.0,0.653,0.0
u_1799,0.21417354876348213,27,0.0,0.99,0.0
u_1800,0.03625504388334944,8,0.0,0.343,0.0
u_1801,0.001196715380229461,15,0.0,0.011,0.0
u_1802,0.006730932263087985,42,0.0,0.062,0.0
u_1803,0.0003735496846949257,46,0.0,0.002,0.0
u_1804,0.013129709544706963,19,0.0,0.119,0.0
u_1805,0.000626646075404074,58,0.0,0.006,0.0
u_1806,0.0016245262993043197,3,0.0,0.009,0.0
u_1807,0.0004955828505684,32,0.0,0.002,0.0
u_1808,0.042723960112579666,33,0.0,0.787,0.0
u_1809,0.0012753091124395484,37,0.0,0.015,0.0
u_1810,0.0010825576005799047,3,0.0,0.005,0.0
u_1811,0.12572769535211709,56,0.0,0.464,0.0
u_1812,0.04667786325348621,5,0.0,0.787,0.0
u_1813,0.12702010798514207,28,0.0,0.787,0.0
u_1814,0.140430785213816,35,0.0,0.64,0.0
u_1815,0.09518887388041072,47,0.0,0.55,0.0
u_1816,0.12699574651748427,42,0.0,0.759,0.0
u_1817,0.00019312344442823747,16,0.0,0.001,0.0
u_1818,0.0004798438498167221,43,0.0,0.003,0.0
u_1819,0.06770124230656711,15,0.0,0.431,0.0
u_1820,0.05712282600748587,3,0.0,0.216,0.0
u_1821,0.002361614305173667,2,0.0,0.014,0.0
u_1822,0.2589851624692003,2,0.0,0.81,0.0
u_1823,4.31318864539564e-05,46,0.0,0.001,0.0
u_1824,0.1938752118814449,14,0.0,0.907,0.0
u_1825,0.3067579120962394,3,0.0,0.816,0.0
u_1826,0.1320741187096322,18,0.0,0.789,0.0
u_1827,0.04286126620749707,1,0.0,0.268,0.0
u_1828,0.011510254600989724,20,0.0,0.044,0.0
u_1829,0.0011460923372750601,40,0.0,0.007,0.0
u_1830,0.04785142169856681,3,0.0,0.184,0.0
u_1831,0.02143677826645269,32,0.0,0.067,0.0
u_1832,0.004089686932046699,39,0.0,0.018,0.0
u_1833,0.06976218843944032,0,0.0,0.618,0.0
u_1834,0.06479018361783104,21,0.0,0.289,0.0
u_1835,0.0017235525890233474,18,0.0,0.007,0.0
u_1836,0.08801667719086427,51,0.0,0.787,0.0
u_1837,0.048982832777679175,47,0.0,0.299,0.0
u_1838,0.12375698393852158,10,0.0,0.787,0.0
u_1839,0.04161199649352386,14,0.0,0.265,0.0
u_1840,0.00492513951039483,11,0.0,0.032,0.0
u_1841,0.10325786504123846,12,0.0,0.902,0.0
u_1842,0.006580770316356991,32,0.0,0.03,0.0
u_1843,0.07498643504144911,15,0.0,0.276,0.0
u_1844,0.0009532100609292215,2,0.0,0.009,0.0
u_1845,0.003850931648564761,3,0.0,0.017,0.0
u_1846,0.15776086843166387,57,0.0,0.712,0.0
u_1847,0.002363381246243217,33,0.0,0.009,0.0
u_1848,0.008535000421159665,7,0.0,0.052,0.0
u_1849,0.002139471228341124,55,0.0,0.019,0.0
u_1850,0.04666841499899378,31,0.0,0.221,0.0
u_1851,0.09664260648278244,3,0.0,0.431,0.0
u_1852,0.041859680887680197,12,0.0,0.787,0.0
u_1853,0.07062081042103242,48,0.0,0.413,0.0
u_1854,0.11314108309919943,15,0.0,0.505,0.0
u_1855,0.03865568381057199,55,0.0,0.172,0.0
u_1856,0.02601054099435827,38,0.0,0.233,0.0
u_1857,0.004734658350308733,68,0.0,0.041,0.0
u_1858,0.03703405242421757,16,0.0,0.138,0.0
u_1859,0.005913749946499728,32,0.0,0.037,0.0
u_1860,0.051104450415139224,49,0.0,0.469,0.0
u_1861,0.0660471124943541,55,0.0,0.208,0.0
u_1862,0.03105326819426221,23,0.0,0.176,0.0
u_1863,0.011150313684419547,24,0.0,0.033,0.0
u_1864,0.03138062875096713,42,0.0,0.117,0.0
u_1865,0.003703576363850695,32,0.0,0.034,0.0
u_1866,0.19897795996893394,51,0.0,0.88,0.0
u_1867,0.02279319560121028,58,0.0,0.107,0.0
u_1868,0.0325723497284966,43,0.0,0.098,0.0
u_1869,0.01409107289820021,58,0.0,0.079,0.0
u_1870,0.023319815969806108,16,0.0,0.144,0.0
u_1871,0.003414494716287618,7,0.0,0.013,0.0
u_1872,0.0029779964649862298,16,0.0,0.011,0.0
u_1873,0.04522343816292631,20,0.0,0.787,0.0
u_1874,0.0013412450708609985,2,0.0,0.004,0.0
u_1875,0.22866121300253595,66,0.0,0.865,0.0
u_1876,0.006358343385922449,47,0.0,0.04,0.0
u_1877,0.09778573569054556,53,0.0,0.787,0.0
u_1878,0.046467498420891616,45,0.0,0.438,0.0
u_1879,0.0457630759848848,30,0.0,0.172,0.0
u_1880,0.27082717746947,43,0.0,0.79,0.0
u_1881,0.003594164173446682,47,0.0,0.065,0.0
u_1882,0.33032665736037753,22,0.0,0.997,0.0
u_1883,0.08949548238439053,53,0.0,0.415,0.0
u_1884,0.005022573528672518,40,0.0,0.042,0.0
u_1885,0.01483749893959728,15,0.0,0.128,0.0
u_1886,0.022606727153532777,16,0.0,0.083,0.0
u_1887,0.045957487706872864,45,0.0,0.167,0.0
u_1888,0.001632988499060468,54,0.0,0.01,0.0
u_1889,0.0004796100853850681,15,0.0,0.008,0.0
u_1890,0.013019316431891218,5,0.0,0.084,0.0
u_1891,0.10718037417911258,33,0.0,0.377,0.0
u_1892,0.004979245457518161,44,0.0,0.045,0.0
u_1893,0.0040679798977510655,44,0.0,0.025,0.0
u_1894,0.0027339483320434213,49,0.0,0.017,0.0
u_1895,0.027064583835904488,24,0.0,0.17,0.0
u_1896,0.12092710240832788,6,0.0,0.536,0.0
u_1897,0.192517554675707,45,0.0,0.816,0.0
u_1898,0.0013367736860952649,13,0.0,0.013,0.0
u_1899,0.20627121780359342,35,0.0,0.61,0.0
u_1900,0.13490616640572295,31,0.0,0.778,0.0
u_1901,0.03321829295691599,22,0.0,0.155,0.0
u_1902,0.12226731483192256,34,0.0,0.747,0.0
u_1903,0.13407549395875087,2,0.0,0.62,0.0
u_1904,0.08931145237752303,1,0.0,0.787,0.0
u_1905,0.20657805152353234,53,0.0,0.787,0.0
u_1906,0.015351612130984078,40,0.0,0.084,0.0
u_1907,0.000630086176316074,27,0.0,0.003,0.0
u_1908,0.10212607901328993,2,0.0,0.462,0.0
u_1909,0.12667316175229415,3,0.0,0.787,0.0
u_1910,0.14133274067659632,30,0.0,0.504,0.0
u_1911,0.02485880128150259,33,0.0,0.234,0.0
u_1912,0.004040599661560569,38,0.0,0.015,0.0
u_1913,0.014764698228986234,57,0.0,0.27,0.0
u_1914,0.02220281002523834,25,0.0,0.394,0.0
u_1915,0.1118352106402341,43,0.0,0.407,0.0
u_1916,0.0017532221673584657,12,0.0,0.016,0.0
u_1917,0.09539118679090994,27,0.0,0.338,0.0
u_1918,0.12844774685226856,5,0.0,0.787,0.0
u_1919,0.08280978297784342,43,0.0,0.787,0.0
u_1920,0.014413193341175605,12,0.0,0.087,0.0
u_1921,0.00045656425170218434,14,0.0,0.003,0.0
u_1922,0.07798910424814182,55,0.0,0.482,0.0
u_1923,0.010420748795266176,25,0.0,0.04,0.0
u_1924,0.3219009960692452,48,0.0,0.748,0.0
u_1925,0.017781785932712825,0,0.0,0.067,0.0
u_1926,0.03092649562478018,59,0.0,0.141,0.0
u_1927,0.05545414301589253,47,0.0,0.317,0.0
u_1928,0.19904310782868528,45,0.0,0.621,0.0
u_1929,0.0001564882263639982,28,0.0,0.001,0.0
u_1930,0.04899601606055287,39,0.0,0.232,0.0
u_1931,0.0838898994331605,44,0.0,0.787,0.0
u_1932,0.03777249160092757,42,0.0,0.167,0.0
u_1933,0.00033847833212204213,14,0.0,0.002,0.0
u_1934,0.01240635709308054,33,0.0,0.049,0.0
u_1935,0.0,-1,0.0,,
u_1936,0.021229165164863225,46,0.0,0.098,0.0
u_1937,0.18401057452350447,7,0.0,0.852,0.0
u_1938,0.24998630293184762,44,0.0,0.925,0.0
u_1939,0.08996598358479022,65,0.0,0.574,0.0
u_1940,0.1714073023885916,8,0.0,0.787,0.0
u_1941,0.08553523141039937,57,0.0,0.787,0.0
u_1942,0.020255921382075527,6,0.0,0.098,0.0
u_1943,0.004075880662489597,45,0.0,0.018,0.0
u_1944,0.0002537069620205639,26,0.0,0.002,0.0
u_1945,0.04495048223506216,63,0.0,0.787,0.0
u_1946,0.06197760590418432,55,0.0,0.281,0.0
u_1947,0.017521642105661872,35,0.0,0.079,0.0
u_1948,0.0010115871673502834,7,0.0,0.009,0.0
u_1949,0.013811361735094778,0,0.0,0.132,0.0
u_1950,0.013538205046227141,27,0.0,0.082,0.0
u_1951,0.0210528123034075,0,0.0,0.132,0.0
u_1952,0.04016981981229578,42,0.0,0.38,0.0
u_1953,0.020933621792761706,19,0.0,0.172,0.0
u_1954,0.008580700490657237,45,0.0,0.031,0.0
u_1955,0.08338678358403544,3,0.0,0.787,0.0
u_1956,0.1240894256650315,3,0.0,0.373,0.0
u_1957,0.059458579645996414,11,0.0,0.215,0.0
u_1958,0.0031356027318779887,29,0.0,0.011,0.0
u_1959,0.016507298212850054,39,0.0,0.08,0.0
u_1960,0.009576447761857083,30,0.0,0.044,0.0
u_1961,0.00015853896567495198,10,0.0,0.002,0.0
u_1962,0.042924070903697764,7,0.0,0.787,0.0
u_1963,0.053939973163712754,16,0.0,0.254,0.0
u_1964,0.12578478654570255,27,0.0,0.787,0.0
u_1965,0.009968294087378206,3,0.0,0.093,0.0
u_1966,0.06227746308903825,40,0.0,0.384,0.0
u_1967,0.0007142905934669597,40,0.0,0.003,0.0
u_1968,0.06348411749003187,39,0.0,0.293,0.0
u_1969,0.004666093437411048,65,0.0,0.029,0.0
u_1970,0.2528343298807661,32,0.0,0.895,0.0
u_1971,0.07699409595554961,8,0.0,0.262,0.0
u_1972,0.08135989258108334,37,0.0,0.384,0.0
u_1973,0.048302100638163856,63,0.0,0.291,0.0
u_1974,0.04321307804668992,49,0.0,0.787,0.0
u_1975,0.0522074648297009,65,0.0,0.334,0.0
u_1976,0.02924729620486856,25,0.0,0.168,0.0
u_1977,0.029224072433532373,34,0.0,0.17,0.0
u_1978,0.10790692208837604,58,0.0,0.396,0.0
u_1979,0.015815658706079882,43,0.0,0.072,0.0
u_1980,0.02960882508799142,19,0.0,0.169,0.0
u_1981,0.12955837202438086,33,0.0,0.477,0.0
u_1982,0.12802260370124813,7,0.0,0.787,0.0
u_1983,0.011080990301743891,34,0.0,0.05,0.0
u_1984,0.03162156602686673,3,0.0,0.196,0.0
u_1985,0.0197165095112904,33,0.0,0.126,0.0
u_1986,0.011630694583387367,18,0.0,0.106,0.0
u_1987,0.03536884785397484,63,0.0,0.125,0.0
u_1988,0.002861189309184023,25,0.0,0.01,0.0
u_1989,0.12853906804804766,34,0.0,0.384,0.0
u_1990,0.008159363458342518,19,0.0,0.03,0.0
u_1991,0.12558171289219286,40,0.0,0.787,0.0
u_1992,0.0011612043585068096,22,0.0,0.005,0.0
u_1993,0.16510899850266986,63,0.0,0.726,0.0
u_1994,0.005822819206035343,16,0.0,0.034,0.0
u_1995,0.006118166361079304,38,0.0,0.027,0.0
u_1996,0.0008754402295720186,28,0.0,0.005,0.0
u_1997,0.08895798902830197,13,0.0,0.787,0.0
u_1998,0.000267867020937946,15,0.0,0.002,0.0
u_1999,0.15897533207291525,24,0.0,0.986,0.0
u_2000,0.028797586291420558,66,0.0,0.182,0.0
u_2001,0.013988753353447831,10,0.0,0.052,0.0
u_2002,0.0013131316275185635,34,0.0,0.008,0.0
u_2003,6.032397495615217e-05,35,0.0,0.001,0.0
u_2004,0.025405206670031575,46,0.0,0.152,0.0
u_2005,0.004005487139758709,46,0.0,0.025,0.0
u_2006,0.0010438796370069996,13,0.0,0.005,0.0
u_2007,0.014892609762581752,19,0.0,0.088,0.0
u_2008,0.0020389842419586413,48,0.0,0.019,0.0
u_2009,0.00018524731083494102,32,0.0,0.001,0.0
u_2010,0.13101803414527954,47,0.0,0.787,0.0
u_2011,0.09051680134189384,11,0.0,0.787,0.0
u_2012,0.045065813683756686,18,0.0,0.787,0.0
u_2013,0.08507482826451129,10,0.0,0.301,0.0
u_2014,0.00021871604842786148,39,0.0,0.001,0.0
u_2015,0.0899810269355337,3,0.0,0.561,0.0
u_2016,0.09783233957522901,2,0.0,0.259,0.0
u_2017,0.05580139370809976,27,0.0,0.256,0.0
u_2018,0.13820584330511948,3,0.0,0.787,0.0
u_2019,0.16878441270914402,26,0.0,0.787,0.0
u_2020,0.14133906951058295,0,0.0,0.862,0.0
u_2021,0.11493783926788419,55,0.0,0.368,0.0
u_2022,0.015594477474174678,19,0.0,0.085,0.0
u_2023,0.21335164632509468,11,0.0,0.971,0.0
u_2024,0.04332804864946726,42,0.0,0.255,0.0
u_2025,0.0834438867798509,27,0.0,0.787,0.0
u_2026,0.1315321299988437,40,0.0,0.63,0.0
u_2027,0.004975957243463563,46,0.0,0.023,0.0
u_2028,0.016997139825909297,35,0.0,0.148,0.0
u_2029,0.002594590053588451,51,0.0,0.024,0.0
u_2030,0.22492611406338747,7,0.0,0.995,0.0
u_2031,0.140619510149605,54,0.0,0.787,0.0
u_2032,0.0010483944498278033,33,0.0,0.007,0.0
u_2033,0.0025642770958993065,3,0.0,0.024,0.0
u_2034,0.04971062357812377,14,0.0,0.445,0.0
u_2035,0.0007587484227481638,33,0.0,0.003,0.0
u_2036,0.028186527489187308,29,0.0,0.085,0.0
u_2037,0.04167588442263647,48,0.0,0.787,0.0
u_2038,0.0011135089702844212,8,0.0,0.005,0.0
u_2039,0.00016406451911203497,59,0.0,0.002,0.0
u_2040,0.22703809993863577,43,0.0,0.604,0.0
u_2041,0.15796091406704224,45,0.0,0.58,0.0
u_2042,0.0006092786464503704,24,0.0,0.003,0.0
u_2043,0.008565467177149393,3,0.0,0.041,0.0
u_2044,0.005634088535380311,36,0.0,0.036,0.0
u_2045,0.060503365127861634,20,0.0,0.569,0.0
u_2046,0.1647766974269876,35,0.0,0.787,0.0
u_2047,0.1391047861581279,3,0.0,0.849,0.0
u_2048,0.2168340480767241,19,0.0,0.773,0.0
u_2049,0.0022981255273929672,39,0.0,0.021,0.0
u_2050,0.0004435022524772797,68,0.0,0.004,0.0
u_2051,0.0015261385648016328,63,0.0,0.005,0.0
u_2052,0.07755152447789991,62,0.0,0.446,0.0
u_2053,0.021088464718681185,16,0.0,0.13,0.0
u_2054,0.04321560644894563,13,0.0,0.787,0.0
u_2055,0.08638232261644807,3,0.0,0.787,0.0
u_2056,0.002238361409258687,2,0.0,0.02,0.0
u_2057,0.005294683755209743,47,0.0,0.024,0.0
u_2058,0.0380230518074276,3,0.0,0.182,0.0
u_2059,0.11127759569674901,12,0.0,0.528,0.0
u_2060,0.0,-1,0.0,,
u_2061,0.000270583586083874,23,0.0,0.005,0.0
u_2062,0.0001377091117421019,59,0.0,0.001,0.0
u_2063,0.0026669190258907867,33,0.0,0.012,0.0
u_2064,0.12492504714879618,1,0.0,0.447,0.0
u_2065,0.04566608813948532,13,0.0,0.103,0.0
u_2066,0.1781166115212619,63,0.0,0.789,0.0
u_2067,0.1276970979448106,14,0.0,0.787,0.0
u_2068,0.008514803432928385,14,0.0,0.158,0.0
u_2069,0.013058872914611035,35,0.0,0.073,0.0
u_2070,0.013412007351586486,40,0.0,0.223,0.0
u_2071,0.003104710286850679,16,0.0,0.011,0.0
u_2072,0.012841234088937465,56,0.0,0.113,0.0
u_2073,0.09284597685136543,25,0.0,0.421,0.0
u_2074,0.11239243767863336,34,0.0,0.505,0.0
u_2075,0.07417841386009977,38,0.0,0.35,0.0
u_2076,0.04733425988621856,16,0.0,0.295,0.0
u_2077,0.000277701143445013,29,0.0,0.005,0.0
u_2078,0.0021060368020176545,14,0.0,0.019,0.0
u_2079,0.013615430538403072,0,0.0,0.031,0.0
u_2080,0.08664337185870633,39,0.0,0.787,0.0
u_2081,0.10567226587053241,25,0.0,0.787,0.0
u_2082,0.1263177265064824,57,0.0,0.787,0.0
u_2083,0.07867935526267514,7,0.0,0.714,0.0
u_2084,0.14770919018102663,57,0.0,0.544,0.0
u_2085,0.0011670925149707878,27,0.0,0.003,0.0
u_2086,0.0964515334779949,6,0.0,0.604,0.0
u_2087,0.005065730120562291,7,0.0,0.032,0.0
u_2088,0.019098899312007436,16,0.0,0.088,0.0
u_2089,0.0021768838072439966,5,0.0,0.014,0.0
u_2090,0.00046309011522060735,59,0.0,0.002,0.0
u_2091,0.0862090175019634,43,0.0,0.787,0.0
u_2092,0.04266040227210707,14,0.0,0.787,0.0
u_2093,0.020457345763832666,66,0.0,0.074,0.0
u_2094,0.007476236237591269,40,0.0,0.047,0.0
u_2095,0.16558322004061468,39,0.0,0.628,0.0
u_2096,0.08303063131104559,42,0.0,0.787,0.0
u_2097,0.0002606695361348156,58,0.0,0.001,0.0
u_2098,0.002997012327681763,14,0.0,0.027,0.0
u_2099,0.06680313104766893,0,0.0,0.203,0.0
u_2100,0.022210012731242113,43,0.0,0.057,0.0
u_2101,0.009630140661379008,47,0.0,0.046,0.0
u_2102,0.0006105000162609657,64,0.0,0.006,0.0
u_2103,0.09091197338348067,11,0.0,0.216,0.0
u_2104,0.0002457547687256355,35,0.0,0.002,0.0
u_2105,0.04116063517799404,25,0.0,0.243,0.0
u_2106,0.0077553702274465374,7,0.0,0.02,0.0
u_2107,0.17864337018852694,49,0.0,0.787,0.0
u_2108,0.14197627262187218,53,0.0,0.675,0.0
u_2109,0.08041165546099303,30,0.0,0.497,0.0
u_2110,0.0469195954724599,43,0.0,0.787,0.0
u_2111,0.037465484671735785,12,0.0,0.178,0.0
u_2112,0.0010454929415631574,66,0.0,0.009,0.0
u_2113,0.035605080851720844,16,0.0,0.224,0.0
u_2114,0.016888717177171688,23,0.0,0.31,0.0
u_2115,0.00652246379147843,43,0.0,0.12,0.0
u_2116,0.04483648155181257,2,0.0,0.787,0.0
u_2117,0.0007985389760239506,14,0.0,0.005,0.0
u_2118,0.09131334303353666,8,0.0,0.787,0.0
u_2119,0.1288687925396087,34,0.0,0.787,0.0
u_2120,0.11628328381282624,17,0.0,0.745,0.0
u_2121,0.04462544182781833,6,0.0,0.414,0.0
u_2122,0.23476434858917147,2,0.0,0.568,0.0
u_2123,0.19874701072734835,14,0.0,0.92,0.0
u_2124,0.006677655783666833,21,0.0,0.062,0.0
u_2125,0.0036210564401106824,54,0.0,0.034,0.0
u_2126,0.08149442263389801,11,0.0,0.255,0.0
u_2127,0.1233512323410882,47,0.0,0.787,0.0
u_2128,0.0023426313254490023,27,0.0,0.011,0.0
u_2129,0.04782785265494171,16,0.0,0.301,0.0
u_2130,0.09849043076908769,11,0.0,0.374,0.0
u_2131,0.08951021496806934,11,0.0,0.787,0.0
u_2132,0.15219242169262967,40,0.0,0.524,0.0
u_2133,0.021477997757934235,19,0.0,0.375,0.0
u_2134,0.17597762413446258,13,0.0,0.783,0.0
u_2135,0.002135326210733686,3,0.0,0.013,0.0
u_2136,0.014244266182197903,30,0.0,0.089,0.0
u_2137,0.08777442458108442,16,0.0,0.787,0.0
u_2138,0.15729322357097825,27,0.0,0.465,0.0
u_2139,0.04588453897422953,65,0.0,0.175,0.0
u_2140,0.0010744703386808253,17,0.0,0.006,0.0
u_2141,0.0,-1,0.0,,
u_2142,0.1358443473800119,3,0.0,0.629,0.0
u_2143,0.0,-1,0.0,,
u_2144,0.20284429652409428,46,0.0,0.953,0.0
u_2145,0.09637126193899215,66,0.0,0.787,0.0
u_2146,0.1957136754226196,43,0.0,0.869,0.0
u_2147,0.018813676102680813,40,0.0,0.089,0.0
u_2148,0.1246039299484161,33,0.0,0.787,0.0
u_2149,0.0020700402241637236,58,0.0,0.011,0.0
u_2150,0.000695120192110515,16,0.0,0.005,0.0
u_2151,0.13468372000160433,25,0.0,0.787,0.0
u_2152,0.019137365589241586,57,0.0,0.079,0.0
u_2153,0.02453142438247206,65,0.0,0.11,0.0
u_2154,0.08074057828127842,8,0.0,0.771,0.0
u_2155,0.0038227288289660755,3,0.0,0.022,0.0
u_2156,0.0014129972550104347,7,0.0,0.006,0.0
u_2157,0.03994923565193911,17,0.0,0.182,0.0
u_2158,0.05919497812621835,50,0.0,0.215,0.0
u_2159,0.0035799354164941914,53,0.0,0.033,0.0
u_2160,0.1257532718976537,11,0.0,0.787,0.0
u_2161,0.13275510020153566,47,0.0,0.79,0.0
u_2162,0.007833514257045981,8,0.0,0.046,0.0
u_2163,0.08221304870223888,51,0.0,0.787,0.0
u_2164,0.0010663274214308784,26,0.0,0.005,0.0
u_2165,0.003072360184340048,48,0.0,0.019,0.0
u_2166,9.280219122741586e-05,50,0.0,0.001,0.0
u_2167,0.02620201030474534,36,0.0,0.082,0.0
u_2168,0.021859068667263323,12,0.0,0.127,0.0
u_2169,0.0,-1,0.0,,
u_2170,0.16306745714329132,39,0.0,0.573,0.0
u_2171,0.01594458338191776,7,0.0,0.076,0.0
u_2172,0.005183506110966791,6,0.0,0.025,0.0
u_2173,0.1381983288049012,22,0.0,0.787,0.0
u_2174,0.021472512493368245,51,0.0,0.133,0.0
u_2175,0.0035818259406481703,68,0.0,0.022,0.0
u_2176,0.004825776165826341,8,0.0,0.045,0.0
u_2177,0.07324088476463872,16,0.0,0.271,0.0
u_2178,0.1401356479687657,3,0.0,0.537,0.0
u_2179,0.14270892937536722,31,0.0,0.859,0.0
u_2180,0.0040721495915117594,53,0.0,0.059,0.0
u_2181,0.0037893313115502903,15,0.0,0.024,0.0
u_2182,0.00045634156283747696,43,0.0,0.002,0.0
u_2183,0.002257281822781377,30,0.0,0.014,0.0
u_2184,0.005426450373326411,16,0.0,0.051,0.0
u_2185,0.006125656553651946,68,0.0,0.028,0.0
u_2186,0.03405536921097012,29,0.0,0.209,0.0
u_2187,0.05658954926156317,53,0.0,0.346,0.0
u_2188,0.0031932253759385455,43,0.0,0.03,0.0
u_2189,0.023488929726323212,55,0.0,0.145,0.0
u_2190,0.00034671428470882436,34,0.0,0.003,0.0
u_2191,0.060508327409430074,68,0.0,0.382,0.0
u_2192,0.008791889456888089,58,0.0,0.052,0.0
u_2193,0.027630912822822137,35,0.0,0.174,0.0
u_2194,0.09362479894996602,66,0.0,0.441,0.0
u_2195,0.0015225299024267732,3,0.0,0.01,0.0
u_2196,0.041557522266896456,38,0.0,0.123,0.0
u_2197,0.07712600292057153,15,0.0,0.732,0.0
u_2198,0.003999708069269542,17,0.0,0.019,0.0
u_2199,0.041675436643115474,16,0.0,0.787,0.0
u_2200,0.17707514453502343,24,0.0,0.787,0.0
u_2201,0.12735986712164868,8,0.0,0.787,0.0
u_2202,0.09015292908810582,33,0.0,0.291,0.0
u_2203,0.12502585239790404,16,0.0,0.787,0.0
u_2204,0.0047278723195504305,55,0.0,0.043,0.0
u_2205,0.017758292490255366,14,0.0,0.086,0.0
u_2206,0.059735409197811194,34,0.0,0.56,0.0
u_2207,0.006316841965750989,13,0.0,0.03,0.0
u_2208,0.02635768132229997,20,0.0,0.096,0.0
u_2209,0.107021915174579,6,0.0,0.668,0.0
u_2210,0.26076268758917176,3,0.0,0.956,0.0
u_2211,0.01804408332480958,48,0.0,0.057,0.0
u_2212,0.0014625851829106905,63,0.0,0.013,0.0
u_2213,0.06807437390118763,65,0.0,0.585,0.0
u_2214,0.004195400771447694,29,0.0,0.04,0.0
u_2215,0.1768882673399584,22,0.0,0.787,0.0
u_2216,0.00033623732937345063,68,0.0,0.001,0.0
u_2217,0.006279760685684728,30,0.0,0.03,0.0
u_2218,0.05628683819457399,40,0.0,0.328,0.0
u_2219,0.11904275900230728,2,0.0,0.503,0.0
u_2220,0.04567819047371792,47,0.0,0.282,0.0
u_2221,0.05439124752211191,57,0.0,0.991,0.0
u_2222,0.043888568539051286,15,0.0,0.412,0.0
u_2223,0.001624764773162211,20,0.0,0.015,0.0
u_2224,0.004944256173417901,25,0.0,0.023,0.0
u_2225,0.009817719856261814,39,0.0,0.044,0.0
u_2226,0.0008191990173235171,21,0.0,0.014,0.0
u_2227,0.002841344125532939,7,0.0,0.026,0.0
u_2228,0.004373616433192234,42,0.0,0.026,0.0
u_2229,0.009656038675567559,14,0.0,0.047,0.0
u_2230,0.00010504251309663787,53,0.0,0.002,0.0
u_2231,0.004611537636300479,57,0.0,0.02,0.0
u_2232,0.0024194087609162797,51,0.0,0.022,0.0
u_2233,0.13507130772741396,47,0.0,0.787,0.0
u_2234,0.1813112086560866,2,0.0,0.787,0.0
u_2235,0.04211571521461445,5,0.0,0.787,0.0
u_2236,0.016057087327610433,53,0.0,0.071,0.0
u_2237,0.02882482898403111,8,0.0,0.164,0.0
u_2238,0.02774887288984433,37,0.0,0.256,0.0
u_2239,0.012149328881392536,37,0.0,0.057,0.0
u_2240,0.006450906252590519,31,0.0,0.03,0.0
u_2241,0.016843952654860127,7,0.0,0.063,0.0
u_2242,0.022740180296289242,30,0.0,0.212,0.0
u_2243,0.07216087886023805,54,0.0,0.628,0.0
u_2244,0.03624721102597035,57,0.0,0.323,0.0
u_2245,0.08434033067292984,33,0.0,0.787,0.0
u_2246,0.028016568060013205,27,0.0,0.122,0.0
u_2247,0.09912273289597236,30,0.0,0.616,0.0
u_2248,0.05947480183903574,11,0.0,0.978,0.0
u_2249,0.002515205752509465,58,0.0,0.024,0.0
u_2250,0.195385059461795,3,0.0,0.908,0.0
u_2251,0.03729464655376004,45,0.0,0.35,0.0
u_2252,0.12249701123568159,14,0.0,0.721,0.0
u_2253,0.0002717324468795194,11,0.0,0.001,0.0
u_2254,0.04410210966609232,43,0.0,0.787,0.0
u_2255,0.043627459006878366,20,0.0,0.787,0.0
u_2256,0.04469677621391352,51,0.0,0.787,0.0
u_2257,0.016201278707491835,14,0.0,0.093,0.0
u_2258,0.016241673032316845,49,0.0,0.093,0.0
u_2259,0.05051197681946561,65,0.0,0.227,0.0
u_2260,0.08583302880397736,14,0.0,0.787,0.0
u_2261,0.00384366787589416,15,0.0,0.025,0.0
u_2262,0.15105240297985761,43,0.0,0.564,0.0
u_2263,0.003768090664009727,15,0.0,0.014,0.0
u_2264,0.047436349945610336,49,0.0,0.787,0.0
u_2265,0.0034804483743371066,23,0.0,0.032,0.0
u_2266,0.002430740900452973,47,0.0,0.015,0.0
u_2267,0.08372138664526155,6,0.0,0.787,0.0
u_2268,0.11433998567091276,30,0.0,0.438,0.0
u_2269,0.1518730708620515,66,0.0,0.522,0.0
u_2270,0.00040746328938586363,46,0.0,0.003,0.0
u_2271,0.07491167299719405,11,0.0,0.279,0.0
u_2272,0.06901545798330937,26,0.0,0.614,0.0
u_2273,0.26475826355458004,58,0.0,0.924,0.0
u_2274,0.003167151527559397,3,0.0,0.019,0.0
u_2275,0.005714472800239521,5,0.0,0.037,0.0
u_2276,0.007323403876458601,32,0.0,0.061,0.0
u_2277,0.08476636958512906,68,0.0,0.522,0.0
u_2278,0.04068665543555105,58,0.0,0.261,0.0
u_2279,0.1763265095820461,33,0.0,0.37,0.0
u_2280,0.08608808102102157,57,0.0,0.787,0.0
u_2281,0.0002896950240445755,43,0.0,0.003,0.0
u_2282,0.014017702470062173,23,0.0,0.088,0.0
u_2283,0.02673776406888649,34,0.0,0.127,0.0
u_2284,0.02513847473657037,0,0.0,0.118,0.0
u_2285,0.03444304187365316,62,0.0,0.129,0.0
u_2286,0.22085303360724623,32,0.0,0.953,0.0
u_2287,0.009017472556302008,5,0.0,0.056,0.0
u_2288,0.0013019719913619373,21,0.0,0.008,0.0
u_2289,0.12072196289696528,3,0.0,0.382,0.0
u_2290,0.0012964090364409077,13,0.0,0.008,0.0
u_2291,0.009234320040086242,30,0.0,0.082,0.0
u_2292,0.0844559574777726,31,0.0,0.723,0.0
u_2293,0.005024323791884967,43,0.0,0.032,0.0
u_2294,0.041231322666508946,5,0.0,0.245,0.0
u_2295,0.11307080384458043,18,0.0,0.787,0.0
u_2296,0.0162370394904637,7,0.0,0.1,0.0
u_2297,0.09099142653241472,0,0.0,0.787,0.0
u_2298,0.001358148204653474,6,0.0,0.008,0.0
u_2299,0.020158203395034414,43,0.0,0.077,0.0
u_2300,0.00010040421485098055,23,0.0,0.001,0.0
u_2301,0.2578552045968638,5,0.0,0.797,0.0
u_2302,0.015414710518256165,12,0.0,0.069,0.0
u_2303,0.0911388615170637,16,0.0,0.399,0.0
u_2304,0.047068489944303446,38,0.0,0.787,0.0
u_2305,0.03604256157347781,21,0.0,0.133,0.0
u_2306,0.002313211220245291,3,0.0,0.021,0.0
u_2307,0.014962712442280666,33,0.0,0.067,0.0
u_2308,0.0004718213319374627,3,0.0,0.004,0.0
u_2309,0.23282088240777707,29,0.0,0.881,0.0
u_2310,0.02042606162604063,43,0.0,0.095,0.0
u_2311,0.05697112808870939,16,0.0,0.538,0.0
u_2312,0.24444442441287315,7,0.0,0.734,0.0
u_2313,0.039005658855216535,16,0.0,0.145,0.0
u_2314,0.09224483360831584,3,0.0,0.444,0.0
u_2315,0.004268315153973835,28,0.0,0.028,0.0
u_2316,0.00035641028821607463,38,0.0,0.002,0.0
u_2317,0.00025526573936971103,39,0.0,0.002,0.0
u_2318,0.17534718521485101,66,0.0,0.436,0.0
u_2319,0.12487063361814162,8,0.0,0.787,0.0
u_2320,0.010603013063331248,42,0.0,0.091,0.0
u_2321,0.0010478342902596346,19,0.0,0.004,0.0
u_2322,0.08494745053216467,3,0.0,0.787,0.0
u_2323,0.03143230774516397,60,0.0,0.195,0.0
u_2324,0.12564301926170085,42,0.0,0.787,0.0
u_2325,0.000526875349659409,3,0.0,0.003,0.0
u_2326,0.001180629912626437,60,0.0,0.007,0.0
u_2327,0.0388853792660722,2,0.0,0.14,0.0
u_2328,0.036439288821685636,21,0.0,0.224,0.0
u_2329,0.004336164453848664,7,0.0,0.038,0.0
u_2330,0.06037480940051175,27,0.0,0.379,0.0
u_2331,0.00036589581012793086,15,0.0,0.003,0.0
u_2332,0.015284376060519482,39,0.0,0.095,0.0
u_2333,0.0477804035330502,2,0.0,0.787,0.0
u_2334,0.04325200607881639,28,0.0,0.389,0.0
u_2335,0.17339899549611631,49,0.0,0.619,0.0
u_2336,0.0005352473854912635,11,0.0,0.005,0.0
u_2337,0.013941316587036831,34,0.0,0.064,0.0
u_2338,0.15183440847453242,31,0.0,0.695,0.0
u_2339,0.14341708090382138,45,0.0,0.886,0.0
u_2340,0.06833458267717846,16,0.0,0.629,0.0
u_2341,0.00020573367556811118,45,0.0,0.002,0.0
u_2342,0.0016030931918643327,3,0.0,0.015,0.0
u_2343,0.041950523615415694,47,0.0,0.787,0.0
u_2344,0.08567873724884009,57,0.0,0.787,0.0
u_2345,0.007118688134332243,40,0.0,0.026,0.0
u_2346,0.0004836261524866338,24,0.0,0.002,0.0
u_2347,0.05084371054732171,40,0.0,0.787,0.0
u_2348,0.0025375711336211243,11,0.0,0.011,0.0
u_2349,0.06290821798717308,26,0.0,0.228,0.0
u_2350,0.00042816041271421634,26,0.0,0.004,0.0
u_2351,0.00011637246475328667,39,0.0,0.001,0.0
u_2352,0.0007297425640227726,23,0.0,0.007,0.0
u_2353,0.0018743071029014098,35,0.0,0.012,0.0
u_2354,0.15767759124104289,17,0.0,0.279,0.0
u_2355,0.14980128130287437,35,0.0,0.899,0.0
u_2356,0.0003589668609295265,31,0.0,0.002,0.0
u_2357,0.007968119150769856,33,0.0,0.145,0.0
u_2358,0.148698716402684,0,0.0,0.705,0.0
u_2359,0.004724952014174129,2,0.0,0.032,0.0
u_2360,0.044497996727438274,14,0.0,0.398,0.0
u_2361,0.013584799668505131,39,0.0,0.124,0.0
u_2362,0.05398173725204437,12,0.0,0.197,0.0
u_2363,0.12474422963305432,37,0.0,0.787,0.0
u_2364,0.010873123480527328,42,0.0,0.194,0.0
u_2365,7.504422286970957e-05,42,0.0,0.001,0.0
u_2366,0.13969929594786687,55,0.0,0.851,0.0
u_2367,0.0013080069193627786,55,0.0,0.013,0.0
u_2368,0.018990879763719687,7,0.0,0.15,0.0
u_2369,0.06010439973022507,16,0.0,0.335,0.0
u_2370,0.046274935966753465,18,0.0,0.204,0.0
u_2371,0.006175518810382558,64,0.0,0.03,0.0
u_2372,0.08234243272536784,51,0.0,0.787,0.0
u_2373,0.16581695900745433,45,0.0,0.516,0.0
u_2374,0.0031801319202864973,13,0.0,0.015,0.0
u_2375,0.04749669256832876,7,0.0,0.787,0.0
u_2376,0.0014859999863259398,59,0.0,0.014,0.0
u_2377,0.0006845814290634329,0,0.0,0.004,0.0
u_2378,0.0036401663972326272,17,0.0,0.067,0.0
u_2379,0.1596931631288319,2,0.0,0.746,0.0
u_2380,0.006719737170713961,16,0.0,0.063,0.0
u_2381,0.001083052592648989,3,0.0,0.019,0.0
u_2382,0.012603074608875189,23,0.0,0.058,0.0
u_2383,0.0054933935376301896,65,0.0,0.05,0.0
u_2384,0.0004960327793152392,57,0.0,0.004,0.0
u_2385,0.04003032186792789,13,0.0,0.239,0.0
u_2386,0.1270920761212013,45,0.0,0.787,0.0
u_2387,0.0,-1,0.0,,
u_2388,0.1353044724118104,5,0.0,0.637,0.0
u_2389,0.1674171505287428,48,0.0,0.787,0.0
u_2390,0.09379424338187649,63,0.0,0.787,0.0
u_2391,0.030337137702486153,38,0.0,0.139,0.0
u_2392,0.0018602184358793028,16,0.0,0.017,0.0
u_2393,0.09397142990015665,25,0.0,0.591,0.0
u_2394,0.010895650436769795,30,0.0,0.049,0.0
u_2395,0.0027914307461830473,45,0.0,0.027,0.0
u_2396,0.05019422739934474,31,0.0,0.787,0.0
u_2397,0.1111623349870947,32,0.0,0.498,0.0
u_2398,0.03311336364404268,32,0.0,0.123,0.0
u_2399,0.1334654670969951,3,0.0,0.787,0.0
u_2400,0.04631971149564519,16,0.0,0.282,0.0
u_2401,0.0007010840250710276,18,0.0,0.003,0.0
u_2402,0.04283092767164021,24,0.0,0.787,0.0
u_2403,0.0477661873618057,35,0.0,0.787,0.0
u_2404,0.08176653767326947,0,0.0,0.787,0.0
u_2405,0.0009723501313530408,10,0.0,0.008,0.0
u_2406,0.04901908371660264,42,0.0,0.878,0.0
u_2407,0.04375261122964741,66,0.0,0.787,0.0
u_2408,0.002067555956085514,2,0.0,0.038,0.0
u_2409,0.0003379677285796226,30,0.0,0.002,0.0
u_2410,0.0035485369087272295,38,0.0,0.015,0.0
u_2411,0.08665329220601453,55,0.0,0.787,0.0
u_2412,0.04369819744931478,28,0.0,0.787,0.0
u_2413,0.0005235281280005054,36,0.0,0.003,0.0
u_2414,0.09166732992043457,33,0.0,0.787,0.0
u_2415,0.00020628715548806734,43,0.0,0.002,0.0
u_2416,0.03939272061686559,35,0.0,0.18,0.0
u_2417,0.1317252686819549,39,0.0,0.787,0.0
u_2418,0.015433656225920106,54,0.0,0.134,0.0
u_2419,0.0006978516574849359,48,0.0,0.003,0.0
u_2420,0.0442444721610153,57,0.0,0.787,0.0
u_2421,0.019302274543881066,12,0.0,0.106,0.0
u_2422,0.0022178977076003576,32,0.0,0.013,0.0
u_2423,0.08972774436483764,55,0.0,0.787,0.0
u_2424,0.10189801705737067,5,0.0,0.362,0.0
u_2425,0.039552735114917095,13,0.0,0.239,0.0
u_2426,0.1311695749151541,68,0.0,0.392,0.0
u_2427,0.015184393960376031,30,0.0,0.069,0.0
u_2428,0.004018791548867879,14,0.0,0.036,0.0
u_2429,0.0003658037072763448,2,0.0,0.007,0.0
u_2430,0.0003236061312174996,39,0.0,0.002,0.0
u_2431,0.002001946302045372,26,0.0,0.019,0.0
u_2432,0.07324743515066733,21,0.0,0.594,0.0
u_2433,0.13083511699719777,33,0.0,0.611,0.0
u_2434,0.0014645374859363627,2,0.0,0.014,0.0
u_2435,0.0003205248961545046,58,0.0,0.003,0.0
u_2436,0.03879616618446783,18,0.0,0.373,0.0
u_2437,0.002388772647760077,3,0.0,0.012,0.0
u_2438,0.004572415826662113,25,0.0,0.026,0.0
u_2439,0.10049249734851658,1,0.0,0.471,0.0
u_2440,0.03464652277411863,43,0.0,0.321,0.0
u_2441,0.001224367273099075,32,0.0,0.011,0.0
u_2442,0.0015018478695172396,24,0.0,0.006,0.0
u_2443,0.08397611283244535,45,0.0,0.787,0.0
u_2444,0.09472902552321537,46,0.0,0.6,0.0
u_2445,0.012150919086536918,57,0.0,0.052,0.0
u_2446,0.13805769878185065,12,0.0,0.787,0.0
u_2447,0.0016442658955137374,17,0.0,0.03,0.0
u_2448,0.00018950221187616646,47,0.0,0.001,0.0
u_2449,0.10085481134623427,33,0.0,0.478,0.0
u_2450,0.0687561368825057,34,0.0,0.308,0.0
u_2451,0.16424237689095467,17,0.0,0.787,0.0
u_2452,0.1549896653079081,55,0.0,0.99,0.0
u_2453,0.04037564099916364,12,0.0,0.189,0.0
u_2454,0.0710718504926562,13,0.0,0.182,0.0
u_2455,0.0005051848705315089,1,0.0,0.002,0.0
u_2456,0.007548405220965549,30,0.0,0.046,0.0
u_2457,0.0002582833669854601,6,0.0,0.002,0.0
u_2458,0.08454538787258298,57,0.0,0.787,0.0
u_2459,0.002146726222633042,21,0.0,0.013,0.0
u_2460,0.023179654297120395,7,0.0,0.211,0.0
u_2461,0.017202497409774708,38,0.0,0.102,0.0
u_2462,0.0008932730065721571,39,0.0,0.016,0.0
u_2463,0.004144958379202777,17,0.0,0.026,0.0
u_2464,0.014073290105518454,37,0.0,0.084,0.0
u_2465,0.0004283717643932904,14,0.0,0.002,0.0
u_2466,0.004976391009473183,3,0.0,0.023,0.0
u_2467,0.06107970569383558,56,0.0,0.384,0.0
u_2468,0.0077136522291158275,39,0.0,0.036,0.0
u_2469,0.002225746090665523,14,0.0,0.013,0.0
u_2470,0.04784725314081846,58,0.0,0.298,0.0
u_2471,0.007904761141829898,37,0.0,0.048,0.0
u_2472,0.02559174339312882,30,0.0,0.157,0.0
u_2473,0.0002669739474005963,65,0.0,0.001,0.0
u_2474,0.08359955243888377,1,0.0,0.5,0.0
u_2475,0.12765450818544738,1,0.0,0.787,0.0
u_2476,0.06996172722737203,15,0.0,0.554,0.0
u_2477,0.0006743391536439766,35,0.0,0.004,0.0
u_2478,0.04399851907302552,2,0.0,0.787,0.0
u_2479,0.0003289100769464635,14,0.0,0.002,0.0
u_2480,0.0036831213482675937,53,0.0,0.024,0.0
u_2481,0.004877597808201927,47,0.0,0.027,0.0
u_2482,0.0215124414546788,17,0.0,0.368,0.0
u_2483,0.0,-1,0.0,,
u_2484,0.09763350744060813,26,0.0,0.614,0.0
u_2485,0.36170508878715263,49,0.0,0.838,0.0
u_2486,0.09243036847021772,34,0.0,0.547,0.0
u_2487,0.045229071186321794,30,0.0,0.787,0.0
u_2488,0.09593899864887392,12,0.0,0.584,0.0
u_2489,0.00014509842351381443,53,0.0,0.001,0.0
u_2490,0.0,-1,0.0,,
u_2491,0.0022487983889338987,19,0.0,0.011,0.0
u_2492,0.08196806702235211,44,0.0,0.694,0.0
u_2493,0.05824400278902932,42,0.0,0.356,0.0
u_2494,0.0,-1,0.0,,
u_2495,0.00020119188970041857,2,0.0,0.002,0.0
u_2496,0.00013727673596416098,25,0.0,0.003,0.0
u_2497,0.002884178095806264,28,0.0,0.052,0.0
u_2498,0.11047353962941354,26,0.0,0.65,0.0
u_2499,0.05646878166644148,31,0.0,0.258,0.0
u_2500,0.08656047044787119,1,0.0,0.787,0.0
u_2501,0.16721407913499434,25,0.0,0.787,0.0
u_2502,0.10228416174319947,51,0.0,0.627,0.0
u_2503,0.12977679110375567,59,0.0,0.787,0.0
u_2504,0.04615018743146435,32,0.0,0.22,0.0
u_2505,0.0003292120431234651,2,0.0,0.003,0.0
u_2506,0.04299777673185666,68,0.0,0.787,0.0
u_2507,0.0002604763799534001,3,0.0,0.002,0.0
u_2508,0.021851724450762753,10,0.0,0.056,0.0
u_2509,0.023541359365387596,45,0.0,0.082,0.0
u_2510,0.011114472658992337,53,0.0,0.068,0.0
u_2511,0.004609038715576892,40,0.0,0.039,0.0
u_2512,0.0027266702144149333,3,0.0,0.025,0.0
u_2513,0.011288406852359805,32,0.0,0.064,0.0
u_2514,0.01161559304696086,0,0.0,0.07,0.0
u_2515,0.045434144312933675,2,0.0,0.787,0.0
u_2516,0.04625386267007556,0,0.0,0.787,0.0
u_2517,0.1644029086079689,12,0.0,0.604,0.0
u_2518,0.005293305239862881,68,0.0,0.033,0.0
u_2519,0.04458955892577,19,0.0,0.207,0.0
u_2520,0.00043170190050731747,21,0.0,0.003,0.0
u_2521,0.00029008498649447175,31,0.0,0.003,0.0
u_2522,0.0200776901311608,35,0.0,0.054,0.0
u_2523,0.1267349534351033,65,0.0,0.787,0.0
u_2524,0.13376202974742513,14,0.0,0.595,0.0
u_2525,0.003914015344679191,6,0.0,0.036,0.0
u_2526,0.13680527783073765,48,0.0,0.826,0.0
u_2527,0.1320488128316355,5,0.0,0.787,0.0
u_2528,0.07396975343378646,39,0.0,0.341,0.0
u_2529,0.004456150817848282,58,0.0,0.029,0.0
u_2530,0.18079797994101582,2,0.0,0.679,0.0
u_2531,0.010274395702076899,63,0.0,0.038,0.0
u_2532,0.04704913369091464,47,0.0,0.787,0.0
u_2533,0.00029296948146247283,57,0.0,0.002,0.0
u_2534,0.0,-1,0.0,,
u_2535,0.12339544398434729,30,0.0,0.453,0.0
u_2536,0.009496395927214376,14,0.0,0.056,0.0
u_2537,0.0001107311317926085,33,0.0,0.001,0.0
u_2538,0.0001668736039518816,0,0.0,0.001,0.0
u_2539,0.13277203992024522,55,0.0,0.782,0.0
u_2540,0.09706054252224541,31,0.0,0.619,0.0
u_2541,0.1727549660547426,48,0.0,0.787,0.0
u_2542,0.00029320168966624624,54,0.0,0.003,0.0
u_2543,0.16001240277429185,45,0.0,0.971,0.0
u_2544,0.05445310567412429,36,0.0,0.249,0.0
u_2545,0.132030240379425,35,0.0,0.787,0.0
u_2546,0.013566156764946009,18,0.0,0.088,0.0
u_2547,0.0,-1,0.0,,
u_2548,0.009203484776203315,19,0.0,0.057,0.0
u_2549,0.004871874992043404,47,0.0,0.03,0.0
u_2550,0.09662093098246796,43,0.0,0.57,0.0
u_2551,0.0,-1,0.0,,
u_2552,0.03133148845799552,45,0.0,0.19,0.0
u_2553,0.004621197318443398,0,0.0,0.018,0.0
u_2554,0.04260178034233239,3,0.0,0.787,0.0
u_2555,0.00522533075650409,50,0.0,0.019,0.0
u_2556,0.10796599305990583,3,0.0,0.686,0.0
u_2557,0.018608105427849245,39,0.0,0.304,0.0
u_2558,0.08724625431979462,47,0.0,0.787,0.0
u_2559,0.11748446654128625,47,0.0,0.534,0.0
u_2560,0.02921156436984653,52,0.0,0.418,0.0
u_2561,0.1781138727880789,2,0.0,0.814,0.0
u_2562,0.0028663287730651913,7,0.0,0.017,0.0
u_2563,0.04295180969726022,44,0.0,0.203,0.0
u_2564,0.07095011311418291,0,0.0,0.164,0.0
u_2565,0.037583890237566316,43,0.0,0.172,0.0
u_2566,0.08464515587645456,16,0.0,0.787,0.0
u_2567,0.12136653390150982,44,0.0,0.778,0.0
u_2568,0.003204936945103471,33,0.0,0.015,0.0
u_2569,0.01648257248073295,34,0.0,0.074,0.0
u_2570,0.009604282880078838,21,0.0,0.056,0.0
u_2571,0.045587968047306415,48,0.0,0.787,0.0
u_2572,0.0042357943493071745,38,0.0,0.023,0.0
u_2573,0.004661507813962088,46,0.0,0.043,0.0
u_2574,0.0006154093819575164,14,0.0,0.005,0.0
u_2575,0.024609463305863305,12,0.0,0.149,0.0
u_2576,0.0024467341735013343,13,0.0,0.016,0.0
u_2577,0.03240939692772078,24,0.0,0.26,0.0
u_2578,0.0003845234935734287,14,0.0,0.002,0.0
u_2579,0.0002046558568870442,60,0.0,0.001,0.0
u_2580,0.08291089389163152,68,0.0,0.395,0.0
u_2581,0.0005195702832662101,19,0.0,0.003,0.0
u_2582,0.013696798773763869,16,0.0,0.051,0.0
u_2583,0.06608644425272946,18,0.0,0.245,0.0
u_2584,0.0033220577111395993,47,0.0,0.062,0.0
u_2585,0.0838244066779136,54,0.0,0.787,0.0
u_2586,0.0006422472825811617,42,0.0,0.006,0.0
u_2587,0.039362411417081924,3,0.0,0.172,0.0
u_2588,0.006811312054846234,14,0.0,0.03,0.0
u_2589,0.09130506134314022,32,0.0,0.559,0.0
u_2590,0.03917563993980527,34,0.0,0.148,0.0
u_2591,0.04318205063730592,32,0.0,0.272,0.0
u_2592,0.06017852859858515,7,0.0,0.569,0.0
u_2593,5.92027163885379e-05,7,0.0,0.001,0.0
u_2594,0.08293956521339411,5,0.0,0.787,0.0
u_2595,0.0360680647644429,25,0.0,0.156,0.0
u_2596,0.04367092894178915,65,0.0,0.271,0.0
u_2597,0.00017004789456332993,39,0.0,0.002,0.0
u_2598,0.12399661931929555,34,0.0,0.787,0.0
u_2599,0.016193944970480118,63,0.0,0.149,0.0
u_2600,0.012409579770061295,33,0.0,0.077,0.0
u_2601,0.0007109939861222969,57,0.0,0.004,0.0
u_2602,0.027402633690106697,7,0.0,0.17,0.0
u_2603,0.006310591909107792,54,0.0,0.019,0.0
u_2604,0.01381328793515937,42,0.0,0.065,0.0
u_2605,0.09223794811561788,48,0.0,0.859,0.0
u_2606,0.09003464655296992,3,0.0,0.754,0.0
u_2607,0.08169750451747491,17,0.0,0.518,0.0
u_2608,0.001410400170301767,10,0.0,0.004,0.0
u_2609,0.0021785263887762227,58,0.0,0.014,0.0
u_2610,0.0028807753102790515,18,0.0,0.027,0.0
u_2611,0.12940882580701138,0,0.0,0.787,0.0
u_2612,0.0004300196529847248,24,0.0,0.002,0.0
u_2613,0.0003024889010572417,39,0.0,0.003,0.0
u_2614,0.045103624620836724,42,0.0,0.811,0.0
u_2615,0.0007114226132960446,32,0.0,0.005,0.0
u_2616,0.00267115017590274,16,0.0,0.049,0.0
u_2617,0.027916432973059235,53,0.0,0.124,0.0
u_2618,0.1674895490348425,43,0.0,0.611,0.0
u_2619,0.0014817723896229948,33,0.0,0.026,0.0
u_2620,0.014498489332859398,18,0.0,0.068,0.0
u_2621,0.14575224687330188,37,0.0,0.432,0.0
u_2622,0.00010068163471944492,39,0.0,0.001,0.0
u_2623,0.02497638666016188,8,0.0,0.149,0.0
u_2624,0.00902578505105408,27,0.0,0.16,0.0
u_2625,0.000270134920268085,40,0.0,0.001,0.0
u_2626,0.02777807602879291,62,0.0,0.129,0.0
u_2627,0.014853375306683687,3,0.0,0.14,0.0
u_2628,0.047153542859916554,8,0.0,0.787,0.0
u_2629,0.0004535188518385826,16,0.0,0.002,0.0
u_2630,0.02840027886298408,40,0.0,0.161,0.0
u_2631,0.007092281602109974,26,0.0,0.043,0.0
u_2632,0.07050074564676712,21,0.0,0.441,0.0
u_2633,0.0976690400377493,11,0.0,0.925,0.0
u_2634,0.04751620951641935,40,0.0,0.226,0.0
u_2635,0.04167630420168731,30,0.0,0.787,0.0
u_2636,0.0028389036839910884,22,0.0,0.017,0.0
u_2637,0.12701983705406605,66,0.0,0.787,0.0
u_2638,0.08497684888663501,8,0.0,0.787,0.0
u_2639,0.004309459007235966,6,0.0,0.019,0.0
u_2640,0.00064328649800689,33,0.0,0.006,0.0
u_2641,0.0011057914661621124,33,0.0,0.007,0.0
u_2642,0.000571346751072083,14,0.0,0.005,0.0
u_2643,0.01845619101024534,35,0.0,0.175,0.0
u_2644,0.039350664414004935,55,0.0,0.248,0.0
u_2645,0.13228382981838266,3,0.0,0.787,0.0
u_2646,0.0300394430358873,13,0.0,0.264,0.0
u_2647,0.11905789573745525,5,0.0,0.223,0.0
u_2648,0.04679208656927399,54,0.0,0.787,0.0
u_2649,0.011637419035892854,30,0.0,0.104,0.0
u_2650,0.12456985582127486,62,0.0,0.787,0.0
u_2651,0.0004059427184052916,19,0.0,0.004,0.0
u_2652,0.21757555536687398,36,0.0,0.787,0.0
u_2653,0.07831282031899638,33,0.0,0.371,0.0
u_2654,0.08810144052312609,44,0.0,0.787,0.0
u_2655,0.013614688017865724,32,0.0,0.124,0.0
u_2656,0.0005546252033635824,3,0.0,0.003,0.0
u_2657,0.04562611433116103,68,0.0,0.787,0.0
u_2658,0.09361114226460779,16,0.0,0.597,0.0
u_2659,0.0007715597932281356,22,0.0,0.012,0.0
u_2660,0.004241228016851608,7,0.0,0.04,0.0
u_2661,0.007041708367458198,2,0.0,0.044,0.0
u_2662,0.071049341012972,33,0.0,0.452,0.0
u_2663,0.024102859975093333,45,0.0,0.137,0.0
u_2664,0.03014137087490446,31,0.0,0.182,0.0
u_2665,0.08378219861937558,11,0.0,0.787,0.0
u_2666,0.005120519331178266,0,0.0,0.023,0.0
u_2667,0.005911686253430409,3,0.0,0.038,0.0
u_2668,0.043206836049696426,63,0.0,0.787,0.0
u_2669,0.04682748892522469,5,0.0,0.211,0.0
u_2670,0.04167557738753155,45,0.0,0.787,0.0
u_2671,0.006986985469132762,66,0.0,0.03,0.0
u_2672,0.01731985062520296,44,0.0,0.106,0.0
u_2673,0.03236631225465163,54,0.0,0.15,0.0
u_2674,0.11219933482244293,8,0.0,0.916,0.0
u_2675,0.04064502719489275,0,0.0,0.335,0.0
u_2676,0.001173537182919781,1,0.0,0.005,0.0
u_2677,0.08757237001022235,14,0.0,0.787,0.0
u_2678,6.466307318224772e-05,10,0.0,0.001,0.0
u_2679,0.04335843848273758,15,0.0,0.787,0.0
u_2680,0.004956365913313669,65,0.0,0.03,0.0
u_2681,0.21214090934025864,16,0.0,0.999,0.0
u_2682,0.0005022894333497062,5,0.0,0.003,0.0
u_2683,7.454891176654196e-05,22,0.0,0.001,0.0
u_2684,0.22174887590647363,18,0.0,0.846,0.0
u_2685,0.028877351075884246,0,0.0,0.266,0.0
u_2686,0.0014810449308162192,15,0.0,0.014,0.0
u_2687,0.0011360048492379128,26,0.0,0.005,0.0
u_2688,0.08183545403472009,27,0.0,0.787,0.0
u_2689,0.004414514646666046,30,0.0,0.04,0.0
u_2690,0.0025869307906911695,3,0.0,0.012,0.0
u_2691,0.16592848099069168,46,0.0,0.787,0.0
u_2692,0.08283610072055587,66,0.0,0.787,0.0
u_2693,0.12294177832990492,35,0.0,0.581,0.0
u_2694,0.12661560736589775,39,0.0,0.787,0.0
u_2695,0.14133439618675278,7,0.0,0.803,0.0
u_2696,0.08424720646533806,56,0.0,0.513,0.0
u_2697,0.04456260638420565,33,0.0,0.787,0.0
u_2698,0.0002997601768575704,16,0.0,0.003,0.0
u_2699,0.024797706292742354,42,0.0,0.116,0.0
u_2700,0.06492630328182032,29,0.0,0.302,0.0
u_2701,0.0289695333034212,3,0.0,0.106,0.0
u_2702,0.001049617043787937,1,0.0,0.019,0.0
u_2703,0.12928490995739786,17,0.0,0.787,0.0
u_2704,0.004735008470405751,44,0.0,0.044,0.0
u_2705,0.14456005116078535,28,0.0,0.609,0.0
u_2706,0.000129573081772274,22,0.0,0.001,0.0
u_2707,0.16001057836960692,38,0.0,0.986,0.0
u_2708,0.0005872142470133842,36,0.0,0.004,0.0
u_2709,0.025350689158422028,27,0.0,0.223,0.0
u_2710,0.008422640561605842,48,0.0,0.031,0.0
u_2711,0.2089187749180653,29,0.0,0.973,0.0
u_2712,0.016820462502126213,45,0.0,0.102,0.0
u_2713,0.1321174862682091,65,0.0,0.787,0.0
u_2714,0.00022843663908317575,26,0.0,0.001,0.0
u_2715,0.00726958799077979,14,0.0,0.068,0.0
u_2716,0.012454632255967676,33,0.0,0.076,0.0
u_2717,0.00083608654661584,19,0.0,0.005,0.0
u_2718,0.09783587395639406,56,0.0,0.598,0.0
u_2719,0.03187380787457359,0,0.0,0.297,0.0
u_2720,0.09170719659755858,39,0.0,0.787,0.0
u_2721,0.14164662324657173,3,0.0,0.67,0.0
u_2722,0.023959692038772098,65,0.0,0.218,0.0
u_2723,0.006716170892074822,2,0.0,0.04,0.0
u_2724,0.004705543887024203,38,0.0,0.022,0.0
u_2725,0.012206703501611084,3,0.0,0.076,0.0
u_2726,0.038557005165446794,32,0.0,0.715,0.0
u_2727,0.008545450937254971,6,0.0,0.04,0.0
u_2728,0.009935030934678707,11,0.0,0.06,0.0
u_2729,0.06246980722212114,36,0.0,0.391,0.0
u_2730,0.18295234069586966,3,0.0,0.847,0.0
u_2731,0.04599075149098694,12,0.0,0.787,0.0
u_2732,0.16811282995836865,22,0.0,0.79,0.0
u_2733,0.00021319568834481255,27,0.0,0.002,0.0
u_2734,0.01737889585321255,15,0.0,0.1,0.0
u_2735,0.08289015568762391,45,0.0,0.787,0.0
u_2736,0.003941587905852985,2,0.0,0.025,0.0
u_2737,0.0008561276687036793,43,0.0,0.008,0.0
u_2738,0.04167628497711981,66,0.0,0.787,0.0
u_2739,0.003445106218122038,63,0.0,0.025,0.0
u_2740,0.03403791458296622,3,0.0,0.217,0.0
u_2741,0.14833486079964017,65,0.0,0.819,0.0
u_2742,0.011017265406798466,20,0.0,0.052,0.0
u_2743,0.19965494298310138,7,0.0,0.899,0.0
u_2744,0.0014753022864039224,22,0.0,0.009,0.0
u_2745,0.010716346422150625,19,0.0,0.047,0.0
u_2746,0.12485932378270122,47,0.0,0.603,0.0
u_2747,0.1369154722900587,30,0.0,0.787,0.0
u_2748,0.0007902848900770357,68,0.0,0.004,0.0
u_2749,0.006848389721465954,0,0.0,0.062,0.0
u_2750,0.03809552822944044,46,0.0,0.36,0.0
u_2751,0.04740342555067464,21,0.0,0.437,0.0
u_2752,0.03784978853803168,51,0.0,0.129,0.0
u_2753,0.0002337929241780493,15,0.0,0.001,0.0
u_2754,0.017415203018336278,31,0.0,0.08,0.0
u_2755,0.043223652004560444,6,0.0,0.787,0.0
u_2756,0.008119363077206168,15,0.0,0.049,0.0
u_2757,0.16744066973922683,16,0.0,0.787,0.0
u_2758,0.0001016528956471929,34,0.0,0.001,0.0
u_2759,0.0004641866501321383,49,0.0,0.002,0.0
u_2760,0.00014467616564240964,25,0.0,0.001,0.0
u_2761,0.003441807324611255,7,0.0,0.027,0.0
u_2762,0.01984061200841291,38,0.0,0.083,0.0
u_2763,0.01744482093715155,65,0.0,0.165,0.0
u_2764,0.046425110931191414,21,0.0,0.787,0.0
u_2765,0.18245641874291046,37,0.0,0.872,0.0
u_2766,0.042187762994729774,18,0.0,0.69,0.0
u_2767,0.0,-1,0.0,,
u_2768,0.0705884258898083,23,0.0,0.429,0.0
u_2769,0.01700148017005093,22,0.0,0.157,0.0
u_2770,0.0006631703806507616,65,0.0,0.006,0.0
u_2771,0.11367260498496491,25,0.0,0.416,0.0
u_2772,0.005393865031375416,17,0.0,0.049,0.0
u_2773,0.005641365552529268,6,0.0,0.033,0.0
u_2774,0.16447008435136085,26,0.0,0.605,0.0
u_2775,0.04216227226181332,13,0.0,0.787,0.0
u_2776,0.13614818833294098,64,0.0,0.787,0.0
u_2777,0.0022243696893745465,58,0.0,0.039,0.0
u_2778,0.05678678987614615,54,0.0,0.352,0.0
u_2779,0.00034671259068857433,40,0.0,0.003,0.0
u_2780,0.21531351689575362,26,0.0,0.787,0.0
u_2781,0.06261306943345302,60,0.0,0.586,0.0
u_2782,0.0011140225544224985,44,0.0,0.007,0.0
u_2783,0.03488432842956452,44,0.0,0.161,0.0
u_2784,0.06849838958704968,51,0.0,0.619,0.0
u_2785,0.011763505709469251,42,0.0,0.073,0.0
u_2786,0.012335723955978114,22,0.0,0.075,0.0
u_2787,0.04778143020619462,38,0.0,0.738,0.0
u_2788,0.0025309219331486462,1,0.0,0.016,0.0
u_2789,0.0203048060989326,55,0.0,0.125,0.0
u_2790,0.0011751004242299286,48,0.0,0.021,0.0
u_2791,0.005040156425858855,32,0.0,0.032,0.0
u_2792,0.05254515898820283,11,0.0,0.222,0.0
u_2793,0.05226015473861382,38,0.0,0.311,0.0
u_2794,0.06802290460033525,7,0.0,0.435,0.0
u_2795,0.028700346577673095,29,0.0,0.169,0.0
u_2796,0.004871501161137614,49,0.0,0.022,0.0
u_2797,0.00299768945983175,43,0.0,0.029,0.0
u_2798,0.0460919823766838,55,0.0,0.433,0.0
u_2799,0.000491253601071195,7,0.0,0.003,0.0
u_2800,0.0961807200650945,45,0.0,0.605,0.0
u_2801,0.010370164624366426,65,0.0,0.047,0.0
u_2802,0.02267468851656238,32,0.0,0.078,0.0
u_2803,0.008714862257433618,15,0.0,0.031,0.0
u_2804,0.007921122124647543,30,0.0,0.037,0.0
u_2805,0.00858989107706346,16,0.0,0.039,0.0
u_2806,0.22622692526716986,49,0.0,0.792,0.0
u_2807,0.010296427337811815,14,0.0,0.064,0.0
u_2808,0.0845751629433781,38,0.0,0.787,0.0
u_2809,0.09502589334871833,16,0.0,0.447,0.0
u_2810,0.12733720756181902,1,0.0,0.787,0.0
u_2811,0.0012399304068675585,33,0.0,0.006,0.0
u_2812,0.03147452884084245,33,0.0,0.283,0.0
u_2813,0.0001265852101647247,39,0.0,0.001,0.0
u_2814,0.02522340588295883,15,0.0,0.153,0.0
u_2815,0.05707336001743477,32,0.0,0.486,0.0
u_2816,0.020601087879367267,21,0.0,0.124,0.0
u_2817,0.08073998222264739,35,0.0,0.291,0.0
u_2818,0.078667486344243,1,0.0,0.736,0.0
u_2819,0.02968481744899759,18,0.0,0.179,0.0
u_2820,0.001292831207024626,24,0.0,0.012,0.0
u_2821,0.135043047881735,58,0.0,0.787,0.0
u_2822,0.10590303561742156,3,0.0,0.404,0.0
u_2823,0.04975159024512236,65,0.0,0.227,0.0
u_2824,0.12190196877100162,7,0.0,0.787,0.0
u_2825,0.034237081135270894,18,0.0,0.165,0.0
u_2826,0.0,-1,0.0,,
u_2827,0.004711699317065194,44,0.0,0.088,0.0
u_2828,0.04190942309433098,18,0.0,0.787,0.0
u_2829,0.0008218089398327204,48,0.0,0.008,0.0
u_2830,0.14934392416439926,10,0.0,0.895,0.0
u_2831,0.000840895061022867,45,0.0,0.005,0.0
u_2832,0.00013645242398198956,17,0.0,0.001,0.0
u_2833,0.000701209579744388,21,0.0,0.003,0.0
u_2834,0.08406884411181682,26,0.0,0.787,0.0
u_2835,0.08721028114676359,18,0.0,0.787,0.0
u_2836,0.2142740393154616,34,0.0,0.787,0.0
u_2837,0.0009118452606541202,21,0.0,0.008,0.0
u_2838,0.0772297558345076,62,0.0,0.729,0.0
u_2839,0.20447158589942335,30,0.0,0.755,0.0
u_2840,0.07088824034018384,31,0.0,0.446,0.0
u_2841,0.016232130470685172,7,0.0,0.049,0.0
u_2842,0.054164288262330516,46,0.0,0.449,0.0
u_2843,0.0017094125187686931,3,0.0,0.032,0.0
u_2844,0.009103291540951785,55,0.0,0.04,0.0
u_2845,0.0021246607660450607,14,0.0,0.038,0.0
u_2846,0.026926796874918914,51,0.0,0.169,0.0
u_2847,0.007311404736365433,7,0.0,0.027,0.0
u_2848,0.13369663975207402,12,0.0,0.787,0.0
u_2849,0.1105938749289386,37,0.0,0.998,0.0
u_2850,0.03619419148982239,1,0.0,0.217,0.0
u_2851,0.006658787345949496,16,0.0,0.061,0.0
u_2852,0.012968752675180427,28,0.0,0.081,0.0
u_2853,0.003410405328896263,44,0.0,0.03,0.0
u_2854,0.1304514345321571,63,0.0,0.787,0.0
u_2855,0.0863624042866317,55,0.0,0.557,0.0
u_2856,0.07036242047173785,48,0.0,0.317,0.0
u_2857,0.016935918275418495,5,0.0,0.139,0.0
u_2858,0.09170455928726326,22,0.0,0.787,0.0
u_2859,0.17152318522767618,31,0.0,0.787,0.0
u_2860,0.0839969537064203,0,0.0,0.787,0.0
u_2861,0.00017399238812814137,26,0.0,0.002,0.0
u_2862,0.08348452068526482,3,0.0,0.787,0.0
u_2863,0.00017705637778060113,26,0.0,0.002,0.0
u_2864,0.04814771790403695,25,0.0,0.3,0.0
u_2865,0.0083993346928509,6,0.0,0.053,0.0
u_2866,0.0369343683030251,34,0.0,0.164,0.0
u_2867,0.046111417467964065,43,0.0,0.211,0.0
u_2868,0.04332656577694949,0,0.0,0.787,0.0
u_2869,0.007897227300174404,7,0.0,0.049,0.0
u_2870,0.03641379957250623,5,0.0,0.601,0.0
u_2871,0.04238785341212482,15,0.0,0.787,0.0
u_2872,0.00025507964549628795,46,0.0,0.002,0.0
u_2873,0.047276559216244546,8,0.0,0.217,0.0
u_2874,0.2656849641107635,26,0.0,0.945,0.0
u_2875,0.03332937155196777,42,0.0,0.304,0.0
u_2876,0.10848319334427604,28,0.0,0.991,0.0
u_2877,0.04345979316392408,3,0.0,0.787,0.0
u_2878,0.000358732456582705,48,0.0,0.003,0.0
u_2879,0.00035244914678228567,3,0.0,0.002,0.0
u_2880,0.09368690763913731,17,0.0,0.787,0.0
u_2881,0.09881209809919039,26,0.0,0.898,0.0
u_2882,0.02885290128241976,40,0.0,0.181,0.0
u_2883,0.15248577911500197,0,0.0,0.72,0.0
u_2884,0.005438987967500181,22,0.0,0.031,0.0
u_2885,0.0059772361704776645,7,0.0,0.028,0.0
u_2886,0.015589843115664343,36,0.0,0.148,0.0
u_2887,0.03718502878869019,1,0.0,0.236,0.0
u_2888,0.08795787694382051,33,0.0,0.787,0.0
u_2889,0.0,-1,0.0,,
u_2890,0.00044377175362497696,3,0.0,0.003,0.0
u_2891,0.0020806802948039817,46,0.0,0.01,0.0
u_2892,0.04167599156349455,20,0.0,0.787,0.0
u_2893,0.20605489035832636,11,0.0,0.941,0.0
u_2894,0.05153252947766101,57,0.0,0.787,0.0
u_2895,0.022432658088446675,48,0.0,0.103,0.0
u_2896,0.113023502535019,27,0.0,0.966,0.0
u_2897,0.18092648603941658,26,0.0,0.849,0.0
u_2898,0.1322644225112052,0,0.0,0.787,0.0
u_2899,0.083088972519643,37,0.0,0.787,0.0
u_2900,0.03086435258736964,2,0.0,0.138,0.0
u_2901,0.00882265772159799,6,0.0,0.165,0.0
u_2902,0.048417171897603216,54,0.0,0.274,0.0
u_2903,0.09086760894678056,46,0.0,0.787,0.0
u_2904,0.0024796453521454963,19,0.0,0.015,0.0
u_2905,0.01269417915945606,65,0.0,0.056,0.0
u_2906,0.10733264070242507,30,0.0,0.62,0.0
u_2907,0.04966856601157741,7,0.0,0.787,0.0
u_2908,0.1320149752820982,15,0.0,0.787,0.0
u_2909,0.041923397040350426,48,0.0,0.262,0.0
u_2910,0.1706815038410186,15,0.0,0.787,0.0
u_2911,0.13449843193648578,3,0.0,0.787,0.0
u_2912,0.08536473336929523,13,0.0,0.787,0.0
u_2913,0.013856797929622069,47,0.0,0.088,0.0
u_2914,0.018671935110207098,34,0.0,0.117,0.0
u_2915,0.08570710567337432,68,0.0,0.787,0.0
u_2916,0.00015321197569413255,7,0.0,0.001,0.0
u_2917,0.04167588200230027,47,0.0,0.787,0.0
u_2918,0.0031638516042745922,49,0.0,0.03,0.0
u_2919,0.08929548042432361,8,0.0,0.787,0.0
u_2920,0.04267559715734039,28,0.0,0.787,0.0
u_2921,0.007764901563097789,51,0.0,0.034,0.0
u_2922,0.11008780780711193,45,0.0,0.385,0.0
u_2923,0.012150288404929053,14,0.0,0.053,0.0
u_2924,0.0427517680770073,43,0.0,0.787,0.0
u_2925,0.16618830660232617,40,0.0,0.787,0.0
u_2926,0.13428626702933932,57,0.0,0.787,0.0
u_2927,0.0007039933444822914,63,0.0,0.004,0.0
u_2928,0.00044967602591571595,5,0.0,0.003,0.0
u_2929,0.007435056632911893,16,0.0,0.036,0.0
u_2930,0.08292221994818336,58,0.0,0.787,0.0
u_2931,0.12936856786449227,13,0.0,0.787,0.0
u_2932,0.049153347618334176,18,0.0,0.185,0.0
u_2933,0.003112197453010724,3,0.0,0.028,0.0
u_2934,0.1376792216408969,68,0.0,0.788,0.0
u_2935,0.018773052613089775,7,0.0,0.164,0.0
u_2936,0.15872486196945848,39,0.0,0.966,0.0
u_2937,0.06902291095916532,2,0.0,0.415,0.0
u_2938,0.15654508789825164,46,0.0,0.982,0.0
u_2939,0.0070430274639924,17,0.0,0.04,0.0
u_2940,0.006927374273664371,1,0.0,0.043,0.0
u_2941,0.04655018713386604,63,0.0,0.217,0.0
u_2942,0.014866055165110236,49,0.0,0.093,0.0
u_2943,0.08462894147117724,35,0.0,0.787,0.0
u_2944,0.06258936503392232,7,0.0,0.572,0.0
u_2945,0.00019484648488398882,47,0.0,0.004,0.0
u_2946,0.13244690944954807,35,0.0,0.787,0.0
u_2947,0.006375096742872292,13,0.0,0.039,0.0
u_2948,0.051088353976962646,42,0.0,0.787,0.0
u_2949,0.08923418095780146,42,0.0,0.787,0.0
u_2950,0.0827410475467547,6,0.0,0.787,0.0
u_2951,0.015030248171751618,22,0.0,0.087,0.0
u_2952,0.21315413407220715,7,0.0,0.787,0.0
u_2953,0.05472296961562291,1,0.0,0.336,0.0
u_2954,0.03147903639391375,54,0.0,0.098,0.0
u_2955,0.03083977623094847,42,0.0,0.134,0.0
u_2956,0.011575013006769415,0,0.0,0.074,0.0
u_2957,0.0027414871908155777,3,0.0,0.013,0.0
u_2958,0.12491170855528336,46,0.0,0.787,0.0
u_2959,0.03200565238312628,3,0.0,0.27,0.0
u_2960,0.029066145895829565,33,0.0,0.124,0.0
u_2961,9.5159571146233e-05,25,0.0,0.001,0.0
u_2962,0.04533987291638711,62,0.0,0.787,0.0
u_2963,0.04496698500797503,29,0.0,0.787,0.0
u_2964,0.15992352956994527,58,0.0,0.931,0.0
u_2965,0.12660508274221494,18,0.0,0.787,0.0
u_2966,0.0,-1,0.0,,
u_2967,0.020550729743136986,39,0.0,0.111,0.0
u_2968,0.006637482376271204,39,0.0,0.054,0.0
u_2969,0.08311177710516819,37,0.0,0.787,0.0
u_2970,0.004010100407936447,30,0.0,0.033,0.0
u_2971,0.09418705673378047,7,0.0,0.787,0.0
u_2972,0.0014453696599971383,58,0.0,0.014,0.0
u_2973,0.031431110108399316,40,0.0,0.14,0.0
u_2974,0.08511344022825915,38,0.0,0.532,0.0
u_2975,0.023492235511510938,28,0.0,0.221,0.0
u_2976,0.006620042396996169,24,0.0,0.12,0.0
u_2977,0.0030897514781088155,14,0.0,0.013,0.0
u_2978,0.05019253359360138,30,0.0,0.315,0.0
u_2979,0.005634869027246884,57,0.0,0.031,0.0
u_2980,0.000372927915287297,21,0.0,0.003,0.0
u_2981,0.14051167409429155,10,0.0,0.828,0.0
u_2982,0.011342719713674464,40,0.0,0.071,0.0
u_2983,0.08980953268542304,26,0.0,0.787,0.0
u_2984,0.17540043889884652,1,0.0,0.787,0.0
u_2985,0.14680450578857654,15,0.0,0.795,0.0
u_2986,0.09982177677058404,21,0.0,0.932,0.0
u_2987,0.001940062247487485,36,0.0,0.035,0.0
u_2988,0.0004863763863171225,16,0.0,0.003,0.0
u_2989,0.06552943867680645,3,0.0,0.405,0.0
u_2990,0.1368897671984568,62,0.0,0.597,0.0
u_2991,0.08584835584833782,12,0.0,0.787,0.0
u_2992,0.08751542335066304,29,0.0,0.787,0.0
u_2993,0.08412566782746907,33,0.0,0.787,0.0
u_2994,0.06920987623914192,48,0.0,0.65,0.0
u_2995,0.14136792325324793,48,0.0,0.864,0.0
u_2996,0.03704947655654755,28,0.0,0.341,0.0
u_2997,0.04816666033776015,53,0.0,0.297,0.0
u_2998,0.014875610436074516,60,0.0,0.135,0.0
u_2999,0.054198837479985364,17,0.0,0.338,0.0
u_3000,0.0004013145155453387,45,0.0,0.006,0.0
u_3001,0.00030230842170643946,54,0.0,0.005,0.0
u_3002,0.04437560592981997,12,0.0,0.787,0.0
u_3003,0.00014328785862753482,3,0.0,0.003,0.0
u_3004,0.12403605935083278,36,0.0,0.787,0.0
u_3005,0.0007308154916827594,47,0.0,0.003,0.0
u_3006,0.001617713716154591,33,0.0,0.016,0.0
u_3007,0.0005472818144812079,0,0.0,0.003,0.0
u_3008,0.11394859835146437,68,0.0,0.975,0.0
u_3009,0.13359231974978264,44,0.0,0.787,0.0
u_3010,0.001159568214470112,51,0.0,0.011,0.0
u_3011,0.003384663034102846,29,0.0,0.03,0.0
u_3012,0.012474248340218656,39,0.0,0.076,0.0
u_3013,0.004373968218992514,26,0.0,0.074,0.0
u_3014,0.2161719401139896,53,0.0,0.797,0.0
u_3015,0.05114812854909534,32,0.0,0.305,0.0
u_3016,0.0005456045365648549,27,0.0,0.003,0.0
u_3017,0.08625089518375516,16,0.0,0.787,0.0
u_3018,0.04396625220624035,44,0.0,0.787,0.0
u_3019,0.06500206043964081,60,0.0,0.787,0.0
u_3020,0.04680144347217051,2,0.0,0.787,0.0
u_3021,0.008701131052526935,30,0.0,0.055,0.0
u_3022,0.0006294885001852263,14,0.0,0.002,0.0
u_3023,0.028905573252374722,48,0.0,0.168,0.0
u_3024,0.012366373153672658,44,0.0,0.072,0.0
u_3025,0.04167543797269657,2,0.0,0.787,0.0
u_3026,0.006354167763149225,3,0.0,0.04,0.0
u_3027,0.07176998104373505,22,0.0,0.453,0.0
u_3028,0.04250235728364534,3,0.0,0.787,0.0
u_3029,0.035179842991196614,18,0.0,0.328,0.0
u_3030,0.007213856739110637,39,0.0,0.043,0.0
u_3031,0.0007187416073938637,50,0.0,0.007,0.0
u_3032,0.08972453595791448,28,0.0,0.787,0.0
u_3033,0.0911556035744143,31,0.0,0.787,0.0
u_3034,0.031638058091508596,47,0.0,0.206,0.0
u_3035,0.002662513684900522,68,0.0,0.024,0.0
u_3036,0.08245822663360788,11,0.0,0.531,0.0
u_3037,0.005620573198757965,26,0.0,0.053,0.0
u_3038,0.01965863589149236,36,0.0,0.088,0.0
u_3039,0.0,-1,0.0,,
u_3040,0.010184461816215877,21,0.0,0.094,0.0
u_3041,0.0005349720413235753,23,0.0,0.003,0.0
u_3042,0.16998228912545632,42,0.0,0.787,0.0
u_3043,0.008803987502632057,10,0.0,0.137,0.0
u_3044,0.12713512425098503,0,0.0,0.787,0.0
u_3045,0.08453244013403113,8,0.0,0.787,0.0
u_3046,0.04112756077156005,27,0.0,0.252,0.0
u_3047,0.08326844084023848,15,0.0,0.787,0.0
u_3048,0.014715522126490552,28,0.0,0.063,0.0
u_3049,0.00033405751375229094,36,0.0,0.003,0.0
u_3050,0.003465554264084351,40,0.0,0.029,0.0
u_3051,0.03530183116482422,50,0.0,0.324,0.0
u_3052,0.12989915464253432,8,0.0,0.787,0.0
u_3053,0.039134355524845704,3,0.0,0.238,0.0
u_3054,0.08333497113886369,3,0.0,0.787,0.0
u_3055,0.12403544234771897,66,0.0,0.787,0.0
u_3056,0.03478646587687624,14,0.0,0.319,0.0
u_3057,0.0816869777189184,14,0.0,0.787,0.0
u_3058,0.023803302547468697,3,0.0,0.112,0.0
u_3059,0.0038331794515872107,22,0.0,0.035,0.0
u_3060,0.018848123576078915,14,0.0,0.118,0.0
u_3061,0.0024157659695575604,15,0.0,0.015,0.0
u_3062,0.08759859060884055,7,0.0,0.787,0.0
u_3063,0.042124892079894616,23,0.0,0.262,0.0
u_3064,0.043815005184112625,33,0.0,0.787,0.0
u_3065,0.005826032897680007,68,0.0,0.031,0.0
u_3066,0.0042027591889605325,27,0.0,0.025,0.0
u_3067,0.0430897475703539,65,0.0,0.787,0.0
u_3068,0.00334973518919263,43,0.0,0.031,0.0
u_3069,0.0021537873748592555,3,0.0,0.037,0.0
u_3070,0.0024274896390881406,24,0.0,0.023,0.0
u_3071,0.0013187744279855769,45,0.0,0.008,0.0
u_3072,0.12526933181598976,18,0.0,0.758,0.0
u_3073,0.13798084300524052,3,0.0,0.851,0.0
u_3074,0.09634804848320651,40,0.0,0.361,0.0
u_3075,0.04261023554392689,47,0.0,0.787,0.0
u_3076,0.16353632313665606,2,0.0,0.787,0.0
u_3077,0.04528524027984811,16,0.0,0.787,0.0
u_3078,0.003828341843589621,45,0.0,0.013,0.0
u_3079,0.00039013452546583083,29,0.0,0.003,0.0
u_3080,0.13344310002463033,49,0.0,0.787,0.0
u_3081,0.08712910862863178,3,0.0,0.787,0.0
u_3082,0.0447752191888988,6,0.0,0.196,0.0
u_3083,0.005121210302357532,38,0.0,0.031,0.0
u_3084,0.08000151171681441,0,0.0,0.706,0.0
u_3085,0.0030678650527475072,8,0.0,0.018,0.0
u_3086,0.0022189330960385575,31,0.0,0.014,0.0
u_3087,0.21034973206127155,23,0.0,0.787,0.0
u_3088,0.0014198128944886198,49,0.0,0.013,0.0
u_3089,0.09590213029462842,49,0.0,0.787,0.0
u_3090,0.12472526207922252,31,0.0,0.787,0.0
u_3091,0.13415788899951117,53,0.0,0.393,0.0
u_3092,0.015354765380448792,51,0.0,0.086,0.0
u_3093,0.0016990356337320755,38,0.0,0.016,0.0
u_3094,0.04591143401597214,39,0.0,0.171,0.0
u_3095,0.0009777822063989623,36,0.0,0.007,0.0
u_3096,0.0427721823519974,57,0.0,0.787,0.0
u_3097,0.17661773772043168,62,0.0,0.763,0.0
u_3098,0.00028287184788412643,36,0.0,0.003,0.0
u_3099,0.057520984831717935,50,0.0,0.541,0.0
u_3100,0.0007467002881896454,32,0.0,0.013,0.0
u_3101,0.00517372607273248,11,0.0,0.032,0.0
u_3102,0.010094491796304228,20,0.0,0.085,0.0
u_3103,0.047661037937720266,16,0.0,0.451,0.0
u_3104,0.006178522874337255,44,0.0,0.056,0.0
u_3105,0.00017857275942985822,31,0.0,0.002,0.0
u_3106,0.058108536367615087,19,0.0,0.545,0.0
u_3107,0.1106183051736596,46,0.0,0.529,0.0
u_3108,0.01905251283706047,40,0.0,0.111,0.0
u_3109,0.0001988589056501998,18,0.0,0.002,0.0
u_3110,0.08599250130681967,57,0.0,0.787,0.0
u_3111,0.0002572478939134403,32,0.0,0.001,0.0
u_3112,0.00010503310239611593,33,0.0,0.001,0.0
u_3113,0.0034526058627344695,37,0.0,0.021,0.0
u_3114,0.08606808928776985,1,0.0,0.787,0.0
u_3115,0.020274620204730563,7,0.0,0.186,0.0
u_3116,0.11943689974530201,1,0.0,0.536,0.0
u_3117,0.0019837032202685966,34,0.0,0.012,0.0
u_3118,0.08326119321908974,39,0.0,0.787,0.0
u_3119,0.08788471755846063,34,0.0,0.787,0.0
u_3120,0.015215405740958312,68,0.0,0.137,0.0
u_3121,0.13580498331217158,49,0.0,0.609,0.0
u_3122,0.04950846651028938,57,0.0,0.787,0.0
u_3123,0.0004072641294976448,7,0.0,0.004,0.0
u_3124,0.0005142581097245841,27,0.0,0.008,0.0
u_3125,0.027844350926525135,14,0.0,0.073,0.0
u_3126,0.21919543384483142,17,0.0,0.798,0.0
u_3127,0.06451394846848366,13,0.0,0.237,0.0
u_3128,0.032144079184522514,43,0.0,0.187,0.0
u_3129,0.041843009558770114,3,0.0,0.787,0.0
u_3130,0.012145601758347833,34,0.0,0.115,0.0
u_3131,0.08308195865376022,33,0.0,0.787,0.0
u_3132,0.0025273937923073306,33,0.0,0.016,0.0
u_3133,0.0015490924134338897,30,0.0,0.01,0.0
u_3134,0.1729221794023049,34,0.0,0.787,0.0
u_3135,0.0,-1,0.0,,
u_3136,0.012192678995617722,3,0.0,0.073,0.0
u_3137,0.0014643445822398158,58,0.0,0.014,0.0
u_3138,0.04355285857744447,13,0.0,0.787,0.0
u_3139,0.08662084619783092,25,0.0,0.787,0.0
u_3140,0.08573500190458325,12,0.0,0.787,0.0
u_3141,0.0003288790212146676,3,0.0,0.002,0.0
u_3142,0.00202947887150222,7,0.0,0.013,0.0
u_3143,0.0232283903626044,42,0.0,0.099,0.0
u_3144,0.00015093253467835492,46,0.0,0.001,0.0
u_3145,0.0023422628707707948,55,0.0,0.022,0.0
u_3146,0.04847687271987505,16,0.0,0.285,0.0
u_3147,0.00032299397770740857,35,0.0,0.002,0.0
u_3148,0.09757226922216083,30,0.0,0.815,0.0
u_3149,0.0027453846877382097,27,0.0,0.017,0.0
u_3150,0.001409401063559428,63,0.0,0.013,0.0
u_3151,0.0008246274172371065,29,0.0,0.007,0.0
u_3152,0.0057520247392789225,50,0.0,0.103,0.0
u_3153,0.09795500144597623,37,0.0,0.352,0.0
u_3154,0.09331649605611578,14,0.0,0.787,0.0
u_3155,0.00018491047908133818,53,0.0,0.001,0.0
u_3156,0.0006267233583347363,19,0.0,0.002,0.0
u_3157,0.0007875308325974986,3,0.0,0.007,0.0
u_3158,0.11413197464468564,7,0.0,0.305,0.0
u_3159,0.0,-1,0.0,,
u_3160,0.00048057302125392856,66,0.0,0.002,0.0
u_3161,0.08105934098326953,43,0.0,0.249,0.0
u_3162,0.043269400636404526,48,0.0,0.787,0.0
u_3163,4.5772252355047796e-05,57,0.0,0.001,0.0
u_3164,0.09566451526580752,58,0.0,0.557,0.0
u_3165,0.13551901922526313,57,0.0,0.787,0.0
u_3166,0.0005059680917650029,13,0.0,0.005,0.0
u_3167,0.02024438638047913,33,0.0,0.095,0.0
u_3168,0.008972107833904284,45,0.0,0.056,0.0
u_3169,0.18929162739247476,16,0.0,0.844,0.0
u_3170,0.0006844206565900795,12,0.0,0.004,0.0
u_3171,0.13007443371150562,7,0.0,0.787,0.0
u_3172,0.12678309487649597,3,0.0,0.787,0.0
u_3173,0.17110670639332334,5,0.0,0.787,0.0
u_3174,0.007303047346249977,51,0.0,0.07,0.0
u_3175,0.04375418699632356,6,0.0,0.787,0.0
u_3176,0.0001000868611590735,54,0.0,0.001,0.0
u_3177,0.06446749593312807,58,0.0,0.599,0.0
u_3178,0.00020969490663539958,0,0.0,0.002,0.0
u_3179,0.06930228931024897,40,0.0,0.309,0.0
u_3180,0.18968832220491194,56,0.0,0.787,0.0
u_3181,0.042632452636060796,46,0.0,0.787,0.0
u_3182,0.010841870546349323,27,0.0,0.049,0.0
u_3183,0.0002093185660723442,24,0.0,0.002,0.0
u_3184,0.0013439275883777853,12,0.0,0.008,0.0
u_3185,0.021471858508056656,16,0.0,0.08,0.0
u_3186,0.003444567244558419,2,0.0,0.02,0.0
u_3187,0.00020837002481454174,59,0.0,0.001,0.0
u_3188,0.0006492909233803825,47,0.0,0.006,0.0
u_3189,0.025601023916179362,3,0.0,0.236,0.0
u_3190,0.010713685460241767,15,0.0,0.095,0.0
u_3191,0.003169685400780076,34,0.0,0.028,0.0
u_3192,0.01540175006254022,3,0.0,0.096,0.0
u_3193,0.0048329892235528275,42,0.0,0.021,0.0
u_3194,0.0011805829612180675,32,0.0,0.007,0.0
u_3195,0.0035288406769958523,6,0.0,0.021,0.0
u_3196,0.004977291833933644,65,0.0,0.03,0.0
u_3197,0.09210639407753318,33,0.0,0.787,0.0
u_3198,0.055922315886001224,55,0.0,0.787,0.0
u_3199,0.0005121005694770694,13,0.0,0.004,0.0
u_3200,7.539401918879112e-05,25,0.0,0.001,0.0
u_3201,0.004865338760264433,12,0.0,0.041,0.0
u_3202,0.002831041113364521,26,0.0,0.018,0.0
u_3203,0.091175366283065,66,0.0,0.284,0.0
u_3204,0.08914018340733963,57,0.0,0.787,0.0
u_3205,0.004036281111897735,25,0.0,0.026,0.0
u_3206,0.026432229458693626,33,0.0,0.489,0.0
u_3207,0.0939953979548679,37,0.0,0.411,0.0
u_3208,0.12261089215733774,51,0.0,0.787,0.0
u_3209,0.038051553966211536,16,0.0,0.317,0.0
u_3210,0.0007187656055572964,14,0.0,0.006,0.0
u_3211,0.017513210593803313,57,0.0,0.107,0.0
u_3212,0.0017868959288249579,39,0.0,0.017,0.0
u_3213,0.0436898784761872,12,0.0,0.274,0.0
u_3214,0.08516168471146136,14,0.0,0.386,0.0
u_3215,0.0012600320301323518,3,0.0,0.006,0.0
u_3216,0.0019819618320483547,54,0.0,0.016,0.0
u_3217,0.00018068288376695316,44,0.0,0.003,0.0
u_3218,0.2666680809841341,51,0.0,0.956,0.0
u_3219,0.013043394506209862,3,0.0,0.084,0.0
u_3220,0.0029326094814395233,43,0.0,0.018,0.0
u_3221,0.023356968756062264,33,0.0,0.412,0.0
u_3222,0.000848510664576954,19,0.0,0.008,0.0
u_3223,0.08261394502552409,33,0.0,0.787,0.0
u_3224,0.09903177877109122,51,0.0,0.787,0.0
u_3225,0.00046855810474038525,33,0.0,0.003,0.0
u_3226,6.369908172766962e-05,53,0.0,0.001,0.0
u_3227,0.00014140920815902184,5,0.0,0.001,0.0
u_3228,0.02616303709176441,1,0.0,0.249,0.0
u_3229,0.0011045492696297433,31,0.0,0.007,0.0
u_3230,0.008977734470244395,60,0.0,0.083,0.0
u_3231,0.03884470038556219,32,0.0,0.122,0.0
u_3232,0.009037789622599946,0,0.0,0.044,0.0
u_3233,0.04246060442499974,17,0.0,0.787,0.0
u_3234,0.0033344778787253995,12,0.0,0.03,0.0
u_3235,0.00162127283296948,65,0.0,0.03,0.0
u_3236,0.03946309651813321,33,0.0,0.174,0.0
u_3237,0.002708836784034132,57,0.0,0.017,0.0
u_3238,0.005175572867515747,14,0.0,0.047,0.0
u_3239,0.009265069576622825,7,0.0,0.054,0.0
u_3240,0.002281393130584291,39,0.0,0.008,0.0
u_3241,0.13933747139005767,3,0.0,0.653,0.0
u_3242,0.012976335452126501,15,0.0,0.117,0.0
u_3243,0.10245808213236254,26,0.0,0.644,0.0
u_3244,0.21921444948795218,7,0.0,0.969,0.0
u_3245,0.08327842903679047,2,0.0,0.787,0.0
u_3246,0.12816014352572153,7,0.0,0.787,0.0
u_3247,0.010194611415155607,5,0.0,0.085,0.0
u_3248,0.0022426205682304122,49,0.0,0.021,0.0
u_3249,0.0880880082586272,33,0.0,0.514,0.0
u_3250,0.0005379182814579574,36,0.0,0.005,0.0
u_3251,0.06850250423763317,5,0.0,0.425,0.0
u_3252,0.05105256217964811,39,0.0,0.469,0.0
u_3253,0.014035949120175313,27,0.0,0.088,0.0
u_3254,0.051485908333517176,40,0.0,0.329,0.0
u_3255,0.03439450388748528,14,0.0,0.593,0.0
u_3256,0.0004260143093449906,10,0.0,0.004,0.0
u_3257,0.013640028528037732,7,0.0,0.126,0.0
u_3258,0.080113535821881,66,0.0,0.653,0.0
u_3259,0.01670786190071664,25,0.0,0.077,0.0
u_3260,0.0002228795894342229,29,0.0,0.001,0.0
u_3261,0.000472777272465989,48,0.0,0.004,0.0
u_3262,0.02824983012341925,15,0.0,0.172,0.0
u_3263,0.0005319617428216056,48,0.0,0.005,0.0
u_3264,0.04380164806980285,14,0.0,0.787,0.0
u_3265,0.004383580432724635,47,0.0,0.027,0.0
u_3266,0.0044821544942163834,19,0.0,0.08,0.0
u_3267,0.0011721577898209925,25,0.0,0.01,0.0
u_3268,0.006057120443813067,26,0.0,0.054,0.0
u_3269,0.02423053205683804,45,0.0,0.11,0.0
u_3270,0.08723805647198124,46,0.0,0.787,0.0
u_3271,0.08277154845181903,58,0.0,0.367,0.0
u_3272,0.021476879050581224,11,0.0,0.203,0.0
u_3273,0.1454194799329485,35,0.0,0.921,0.0
u_3274,0.0002720896549622879,20,0.0,0.002,0.0
u_3275,0.04287050951267135,6,0.0,0.787,0.0
u_3276,0.00010833751137236144,55,0.0,0.001,0.0
u_3277,0.12612040525282908,1,0.0,0.787,0.0
u_3278,0.08342882110649974,42,0.0,0.523,0.0
u_3279,0.0002383971766282051,35,0.0,0.004,0.0
u_3280,0.0013752136191125955,53,0.0,0.009,0.0
u_3281,0.009203548495355074,64,0.0,0.058,0.0
u_3282,0.05263332830575932,31,0.0,0.323,0.0
u_3283,0.0010721273755977469,7,0.0,0.01,0.0
u_3284,0.09730123878848246,42,0.0,0.348,0.0
u_3285,0.014082958095407347,0,0.0,0.086,0.0
u_3286,0.0010602277825922913,13,0.0,0.005,0.0
u_3287,0.1007274299103243,40,0.0,0.787,0.0
u_3288,9.612682622143867e-05,45,0.0,0.001,0.0
u_3289,0.000631794002494505,40,0.0,0.004,0.0
u_3290,0.0003530090363684442,63,0.0,0.003,0.0
u_3291,0.011168329825744776,7,0.0,0.071,0.0
u_3292,0.00021159459797526228,39,0.0,0.002,0.0
u_3293,0.0019649435596273894,11,0.0,0.009,0.0
u_3294,0.003653923310816881,39,0.0,0.017,0.0
u_3295,0.0003826791511129877,23,0.0,0.002,0.0
u_3296,0.0017267935104203808,39,0.0,0.016,0.0
u_3297,0.1664629249781309,49,0.0,0.631,0.0
u_3298,0.08694396487489132,14,0.0,0.787,0.0
u_3299,0.0019659788840106166,40,0.0,0.012,0.0
u_3300,0.07593123670356967,33,0.0,0.442,0.0
u_3301,0.08835996355853394,25,0.0,0.787,0.0
u_3302,0.1596792363184149,45,0.0,0.936,0.0
u_3303,0.04989523156824919,6,0.0,0.152,0.0
u_3304,0.005276331661956195,58,0.0,0.049,0.0
u_3305,0.0010564261890339869,51,0.0,0.007,0.0
u_3306,0.00018163447281581093,10,0.0,0.001,0.0
u_3307,0.007909175764552433,48,0.0,0.03,0.0
u_3308,0.0005308738168070611,17,0.0,0.005,0.0
u_3309,0.008425152898170295,7,0.0,0.078,0.0
u_3310,0.038896610354422274,6,0.0,0.229,0.0
u_3311,0.008989123458437318,15,0.0,0.054,0.0
u_3312,0.04435394753989694,49,0.0,0.787,0.0
u_3313,0.03649461849220016,42,0.0,0.136,0.0
u_3314,0.04944003198033967,62,0.0,0.24,0.0
u_3315,0.053796186902992704,48,0.0,0.258,0.0
u_3316,0.10457968797628202,2,0.0,0.639,0.0
u_3317,0.00040316171719894284,31,0.0,0.002,0.0
u_3318,0.1278629651042404,13,0.0,0.787,0.0
u_3319,0.006276445808820926,40,0.0,0.056,0.0
u_3320,0.004733808838362319,3,0.0,0.029,0.0
u_3321,0.12411479457603491,16,0.0,0.787,0.0
u_3322,0.003736972769092805,34,0.0,0.017,0.0
u_3323,0.025646917750967085,1,0.0,0.115,0.0
u_3324,0.12776525567691902,3,0.0,0.787,0.0
u_3325,0.09225006416622698,12,0.0,0.787,0.0
u_3326,0.0025041365101978923,7,0.0,0.014,0.0
u_3327,0.005405756240972513,46,0.0,0.016,0.0
u_3328,0.00012462079638889774,8,0.0,0.001,0.0
u_3329,0.033192571366610385,13,0.0,0.206,0.0
u_3330,0.126680105625572,35,0.0,0.787,0.0
u_3331,0.0017167888010227663,32,0.0,0.015,0.0
u_3332,0.01216733797079818,58,0.0,0.115,0.0
u_3333,0.08984507991013756,33,0.0,0.787,0.0
u_3334,0.10673245320975222,26,0.0,0.682,0.0
u_3335,0.013423754505798345,45,0.0,0.126,0.0
u_3336,0.0010168550024229853,66,0.0,0.005,0.0
u_3337,0.0022740956692161862,3,0.0,0.022,0.0
u_3338,0.10531292868207584,14,0.0,0.336,0.0
u_3339,0.0020045115118279074,38,0.0,0.017,0.0
u_3340,0.08348589701385535,62,0.0,0.787,0.0
u_3341,0.014821388618778863,0,0.0,0.128,0.0
u_3342,0.0011445486355968228,68,0.0,0.007,0.0
u_3343,9.02069944581522e-05,14,0.0,0.002,0.0
u_3344,0.008357047906456378,33,0.0,0.04,0.0
u_3345,0.0,-1,0.0,,
u_3346,0.0004288543485651894,27,0.0,0.003,0.0
u_3347,0.03783657217422534,30,0.0,0.158,0.0
u_3348,0.0002552089297271144,36,0.0,0.002,0.0
u_3349,0.13140449622202582,21,0.0,0.787,0.0
u_3350,0.02193362734685393,51,0.0,0.101,0.0
u_3351,0.04723957871277535,60,0.0,0.787,0.0
u_3352,0.1990982108222516,0,0.0,0.899,0.0
u_3353,0.0009185381986368561,3,0.0,0.006,0.0
u_3354,0.04236577550233453,17,0.0,0.787,0.0
u_3355,0.08143327779130749,44,0.0,0.787,0.0
u_3356,0.0006777667246998531,66,0.0,0.004,0.0
u_3357,0.003084365052214339,3,0.0,0.02,0.0
u_3358,0.08620020994122557,25,0.0,0.787,0.0
u_3359,0.007742444828864217,26,0.0,0.145,0.0
u_3360,0.0023865883238408056,43,0.0,0.01,0.0
u_3361,0.0002736736954100153,20,0.0,0.001,0.0
u_3362,0.0283177050470147,40,0.0,0.173,0.0
u_3363,0.056916619563519115,50,0.0,0.342,0.0
u_3364,0.21880709757494815,43,0.0,0.983,0.0
u_3365,0.0084029369357181,3,0.0,0.073,0.0
u_3366,0.0015399615863965778,7,0.0,0.01,0.0
u_3367,0.0019921198431813313,26,0.0,0.019,0.0
u_3368,0.06485782160679249,8,0.0,0.245,0.0
u_3369,0.004552898555673226,60,0.0,0.027,0.0
u_3370,0.02331868148186786,15,0.0,0.15,0.0
u_3371,0.04389514426658964,55,0.0,0.787,0.0
u_3372,0.042340485473744124,6,0.0,0.787,0.0
u_3373,0.07406140093173028,11,0.0,0.452,0.0
u_3374,0.12443308907271781,47,0.0,0.787,0.0
u_3375,0.00013781223092857776,5,0.0,0.001,0.0
u_3376,0.13610717377769835,12,0.0,0.418,0.0
u_3377,0.0948138185445877,19,0.0,0.41,0.0
u_3378,0.0023235975014010684,40,0.0,0.014,0.0
u_3379,0.13785332821980634,40,0.0,0.787,0.0
u_3380,0.03752419098543563,53,0.0,0.232,0.0
u_3381,0.0024680819370016464,6,0.0,0.016,0.0
u_3382,0.03669671866528814,25,0.0,0.175,0.0
u_3383,0.1780181391432868,25,0.0,0.819,0.0
u_3384,0.12066438596888773,8,0.0,0.768,0.0
u_3385,0.083806518432049,42,0.0,0.787,0.0
u_3386,0.1286483930029876,29,0.0,0.787,0.0
u_3387,0.003614481815732604,64,0.0,0.022,0.0
u_3388,0.1271948657757269,43,0.0,0.787,0.0
u_3389,0.0838937165493504,16,0.0,0.787,0.0
u_3390,0.0012251992708125887,14,0.0,0.008,0.0
u_3391,0.0029011724124234513,22,0.0,0.021,0.0
u_3392,8.656994231770419e-05,14,0.0,0.001,0.0
u_3393,0.05673538509661724,53,0.0,0.263,0.0
u_3394,0.001791784984527249,21,0.0,0.017,0.0
u_3395,0.10924000172220646,29,0.0,0.586,0.0
u_3396,0.015708674798177173,54,0.0,0.094,0.0
u_3397,0.04425897451564416,11,0.0,0.787,0.0
u_3398,0.016616131588459385,25,0.0,0.104,0.0
u_3399,0.0006858372334429026,2,0.0,0.013,0.0
u_3400,0.008689278416427412,34,0.0,0.04,0.0
u_3401,0.09909399537315958,59,0.0,0.787,0.0
u_3402,0.0015912834296453306,63,0.0,0.029,0.0
u_3403,0.00025603316309138476,34,0.0,0.005,0.0
u_3404,0.10004827825292975,58,0.0,0.788,0.0
u_3405,0.00012005163160880545,6,0.0,0.001,0.0
u_3406,0.015152947885843234,37,0.0,0.138,0.0
u_3407,0.0012504825172038106,24,0.0,0.012,0.0
u_3408,0.10757578285751682,30,0.0,0.658,0.0
u_3409,0.16618675107939185,36,0.0,0.727,0.0
u_3410,0.10665147372019129,44,0.0,0.637,0.0
u_3411,0.03574375275900445,6,0.0,0.216,0.0
u_3412,0.01940169738171039,60,0.0,0.176,0.0
u_3413,0.019755605930824087,45,0.0,0.121,0.0
u_3414,0.027549627727669716,11,0.0,0.172,0.0
u_3415,0.1546113298442851,8,0.0,0.96,0.0
u_3416,0.030358056720362646,15,0.0,0.282,0.0
u_3417,0.08609467747823338,29,0.0,0.787,0.0
u_3418,0.010483818802287078,34,0.0,0.092,0.0
u_3419,0.01241541280641475,48,0.0,0.074,0.0
u_3420,0.08604966402743187,6,0.0,0.787,0.0
u_3421,0.0005685459164244511,15,0.0,0.003,0.0
u_3422,0.11124026747894285,16,0.0,0.627,0.0
u_3423,0.001149621387837728,34,0.0,0.011,0.0
u_3424,0.08622332095038546,29,0.0,0.787,0.0
u_3425,0.1368196726774005,46,0.0,0.832,0.0
u_3426,0.0006855985084833124,15,0.0,0.012,0.0
u_3427,0.04217879979954451,45,0.0,0.203,0.0
u_3428,0.05776858912958022,25,0.0,0.328,0.0
u_3429,0.12280915179745198,1,0.0,0.787,0.0
u_3430,0.0471007273511305,7,0.0,0.787,0.0
u_3431,0.0005263867141270798,47,0.0,0.005,0.0
u_3432,0.00013420189508668226,32,0.0,0.001,0.0
u_3433,0.04426556556075458,22,0.0,0.211,0.0
u_3434,0.12683066614006708,16,0.0,0.787,0.0
u_3435,0.00017696879667402385,24,0.0,0.002,0.0
u_3436,0.0001409104960927656,35,0.0,0.001,0.0
u_3437,0.11072455037270465,40,0.0,0.411,0.0
u_3438,0.08240212699031162,7,0.0,0.787,0.0
u_3439,0.03663831187791995,8,0.0,0.606,0.0
u_3440,0.0003912971116426651,43,0.0,0.007,0.0
u_3441,0.04969642064445071,40,0.0,0.28,0.0
u_3442,0.031019664677042466,19,0.0,0.117,0.0
u_3443,0.0008567827733047214,34,0.0,0.005,0.0
u_3444,0.055902171413049054,2,0.0,0.354,0.0
u_3445,0.08352998935780574,5,0.0,0.787,0.0
u_3446,0.1313647876229846,20,0.0,0.787,0.0
u_3447,0.0002287586446819236,2,0.0,0.004,0.0
u_3448,0.026505775241454633,19,0.0,0.124,0.0
u_3449,0.010707061927045762,29,0.0,0.098,0.0
u_3450,0.08456836738776684,43,0.0,0.787,0.0
u_3451,0.02640655106684909,36,0.0,0.121,0.0
u_3452,0.043682056721875286,59,0.0,0.787,0.0
u_3453,0.006284083294996714,16,0.0,0.04,0.0
u_3454,0.00027524080661207943,16,0.0,0.003,0.0
u_3455,0.03350128070093133,14,0.0,0.2,0.0
u_3456,0.0,-1,0.0,,
u_3457,0.021419632629476923,57,0.0,0.201,0.0
u_3458,0.08315056984168606,56,0.0,0.787,0.0
u_3459,0.0004281835758535899,66,0.0,0.004,0.0
u_3460,0.05012065034174271,34,0.0,0.787,0.0
u_3461,0.04257677843644357,21,0.0,0.787,0.0
u_3462,0.08496671672140557,17,0.0,0.498,0.0
u_3463,0.04717860577568219,27,0.0,0.377,0.0
u_3464,0.04167717285065124,26,0.0,0.787,0.0
u_3465,0.0,-1,0.0,,
u_3466,0.0002091410854782377,6,0.0,0.002,0.0
u_3467,0.0015067528218479223,40,0.0,0.014,0.0
u_3468,0.0002316310254160769,25,0.0,0.002,0.0
u_3469,0.01670365890009811,43,0.0,0.278,0.0
u_3470,0.04389944397383578,1,0.0,0.787,0.0
u_3471,0.17127223041706646,42,0.0,0.989,0.0
u_3472,8.287785774973955e-05,3,0.0,0.002,0.0
u_3473,0.052213137184647866,43,0.0,0.45,0.0
u_3474,0.0989761948747639,68,0.0,0.474,0.0
u_3475,0.0,-1,0.0,,
u_3476,0.050100430608093736,46,0.0,0.798,0.0
u_3477,0.048230568852429316,3,0.0,0.787,0.0
u_3478,0.0384268104315972,40,0.0,0.226,0.0
u_3479,0.10279032411062851,66,0.0,0.787,0.0
u_3480,0.0038628541709077304,12,0.0,0.018,0.0
u_3481,0.1286400368219843,11,0.0,0.784,0.0
u_3482,0.0439704226033779,32,0.0,0.787,0.0
u_3483,0.024527476141632098,26,0.0,0.117,0.0
u_3484,0.09403793623590016,17,0.0,0.787,0.0
u_3485,0.08163414317926605,7,0.0,0.787,0.0
u_3486,0.004325963473991843,14,0.0,0.027,0.0
u_3487,0.01825420977317549,2,0.0,0.083,0.0
u_3488,0.002082533491304223,16,0.0,0.013,0.0
u_3489,0.13743352011544854,14,0.0,0.836,0.0
u_3490,0.06896793665648542,16,0.0,0.62,0.0
u_3491,0.04347807121069611,43,0.0,0.787,0.0
u_3492,0.043561199171362766,57,0.0,0.787,0.0
u_3493,0.05149457335389528,30,0.0,0.229,0.0
u_3494,0.1717445187541346,23,0.0,0.787,0.0
u_3495,0.025402108152643144,47,0.0,0.232,0.0
u_3496,0.07122260606504494,18,0.0,0.645,0.0
u_3497,0.03905578294732693,37,0.0,0.223,0.0
u_3498,0.08331513981775145,23,0.0,0.787,0.0
u_3499,0.012437165099527464,3,0.0,0.103,0.0
u_3500,0.001416241430478146,2,0.0,0.009,0.0
u_3501,0.0037187707191764625,31,0.0,0.023,0.0
u_3502,0.15162865939690506,33,0.0,0.967,0.0
u_3503,0.08340110096762589,16,0.0,0.495,0.0
u_3504,0.0007485819670898576,33,0.0,0.007,0.0
u_3505,0.00027039248445249797,29,0.0,0.002,0.0
u_3506,0.070967158549356,15,0.0,0.429,0.0
u_3507,0.046069580135221305,47,0.0,0.787,0.0
u_3508,0.005769259912817723,22,0.0,0.025,0.0
u_3509,0.1607634192051547,15,0.0,0.989,0.0
u_3510,0.0004190431584197671,30,0.0,0.004,0.0
u_3511,0.00850320006895316,25,0.0,0.082,0.0
u_3512,0.038767736131084946,42,0.0,0.354,0.0
u_3513,0.11704883534622422,46,0.0,0.502,0.0
u_3514,0.007543600941411473,21,0.0,0.046,0.0
u_3515,0.04985816006667679,2,0.0,0.302,0.0
u_3516,0.10244962603801978,25,0.0,0.952,0.0
u_3517,0.07633595465705424,11,0.0,0.684,0.0
u_3518,0.0009279869607068494,58,0.0,0.009,0.0
u_3519,0.0008444400112133162,18,0.0,0.007,0.0
u_3520,0.00222810977965938,15,0.0,0.04,0.0
u_3521,0.09069122730460252,26,0.0,0.787,0.0
u_3522,0.046087251212676254,16,0.0,0.787,0.0
u_3523,0.08717460411386008,1,0.0,0.787,0.0
u_3524,0.08637097493413745,30,0.0,0.326,0.0
u_3525,0.003539197384088959,43,0.0,0.022,0.0
u_3526,0.0004916001840638747,7,0.0,0.003,0.0
u_3527,0.046700284766176124,14,0.0,0.787,0.0
u_3528,0.013803816188744268,19,0.0,0.055,0.0
u_3529,0.0680389513390004,13,0.0,0.627,0.0
u_3530,0.046882176108341264,35,0.0,0.431,0.0
u_3531,0.0,-1,0.0,,
u_3532,0.029122548988387283,1,0.0,0.172,0.0
u_3533,0.08138927329639516,42,0.0,0.516,0.0
u_3534,0.17170110598611066,54,0.0,0.787,0.0
u_3535,0.00016318555942611656,13,0.0,0.002,0.0
u_3536,0.13160733422435628,27,0.0,0.64,0.0
u_3537,0.08758584763064692,13,0.0,0.787,0.0
u_3538,0.1389746290326547,38,0.0,0.624,0.0
u_3539,0.05494101730717581,9,0.0,0.787,0.0
u_3540,0.048686906491012635,22,0.0,0.275,0.0
u_3541,0.0006733607282446048,47,0.0,0.004,0.0
u_3542,0.01211929214389249,17,0.0,0.105,0.0
u_3543,0.042915833462476786,47,0.0,0.787,0.0
u_3544,0.042441387745540037,19,0.0,0.787,0.0
u_3545,0.08392275804817367,58,0.0,0.787,0.0
u_3546,0.008164734040174109,6,0.0,0.075,0.0
u_3547,0.01852357745724316,3,0.0,0.167,0.0
u_3548,0.000566462502725991,68,0.0,0.003,0.0
u_3549,0.00012394637348337421,30,0.0,0.001,0.0
u_3550,0.07843735613439617,32,0.0,0.378,0.0
u_3551,0.14088146880409969,54,0.0,0.787,0.0
u_3552,0.06994610746471108,7,0.0,0.634,0.0
u_3553,0.00012186860769183654,32,0.0,0.002,0.0
u_3554,0.0017105763398337858,44,0.0,0.006,0.0
u_3555,0.015502084543122779,1,0.0,0.125,0.0
u_3556,0.08268106271744509,3,0.0,0.787,0.0
u_3557,0.0005217285967119861,3,0.0,0.004,0.0
u_3558,0.0015906336331297675,19,0.0,0.01,0.0
u_3559,0.20641503448577583,16,0.0,0.787,0.0
u_3560,0.08687151984067594,19,0.0,0.787,0.0
u_3561,0.03901340097714964,15,0.0,0.238,0.0
u_3562,0.0016808784627478216,15,0.0,0.01,0.0
u_3563,0.009230417080782757,57,0.0,0.044,0.0
u_3564,0.000319720066298085,16,0.0,0.006,0.0
u_3565,0.001310958992811565,26,0.0,0.011,0.0
u_3566,0.006232185154838536,45,0.0,0.049,0.0
u_3567,0.21939917015176474,17,0.0,0.787,0.0
u_3568,0.004615869177604777,44,0.0,0.043,0.0
u_3569,0.1297035518237658,40,0.0,0.787,0.0
u_3570,0.03114169118295568,13,0.0,0.134,0.0
u_3571,0.037114354440624504,46,0.0,0.344,0.0
u_3572,0.00022093186204918814,6,0.0,0.001,0.0
u_3573,0.17124277302229934,7,0.0,0.787,0.0
u_3574,0.004276796959428719,39,0.0,0.039,0.0
u_3575,0.07462730854516582,1,0.0,0.461,0.0
u_3576,0.0012956080635252757,68,0.0,0.008,0.0
u_3577,0.0006787594002269363,16,0.0,0.005,0.0
u_3578,0.02669530153198603,36,0.0,0.24,0.0
u_3579,0.08582262532584997,63,0.0,0.787,0.0
u_3580,0.11321584006558377,32,0.0,0.527,0.0
u_3581,0.012506457292616971,30,0.0,0.077,0.0
u_3582,0.012628630800816177,64,0.0,0.079,0.0
u_3583,0.08867646152307816,0,0.0,0.787,0.0
u_3584,0.0434167901572377,58,0.0,0.787,0.0
u_3585,0.044164035708242434,43,0.0,0.249,0.0
u_3586,0.08061661434232868,55,0.0,0.751,0.0
u_3587,0.045565653870226056,3,0.0,0.787,0.0
u_3588,0.008638942518214754,26,0.0,0.041,0.0
u_3589,0.08658993712316737,16,0.0,0.787,0.0
u_3590,0.00034790476913974236,47,0.0,0.001,0.0
u_3591,0.04313472460598019,22,0.0,0.787,0.0
u_3592,0.0013935318504795285,10,0.0,0.018,0.0
u_3593,0.0006405644812038141,22,0.0,0.006,0.0
u_3594,0.011937229801458563,33,0.0,0.111,0.0
u_3595,0.0008563639499252565,22,0.0,0.008,0.0
u_3596,0.016407375694354756,3,0.0,0.282,0.0
u_3597,0.044471171155398385,27,0.0,0.787,0.0
u_3598,0.0489619194588455,27,0.0,0.311,0.0
u_3599,0.005483025578552642,2,0.0,0.025,0.0
u_3600,0.0010330409321175499,27,0.0,0.008,0.0
u_3601,0.015051804632764497,60,0.0,0.069,0.0
u_3602,0.1536659532618638,26,0.0,0.951,0.0
u_3603,0.1250628774040901,2,0.0,0.787,0.0
u_3604,0.0162462965718717,34,0.0,0.098,0.0
u_3605,0.0014504632087799282,66,0.0,0.009,0.0
u_3606,0.08495528044934271,3,0.0,0.787,0.0
u_3607,0.08285723212766126,3,0.0,0.787,0.0
u_3608,0.017149458464081432,59,0.0,0.081,0.0
u_3609,0.038712445493609776,8,0.0,0.359,0.0
u_3610,0.06279299282343198,46,0.0,0.547,0.0
u_3611,0.054951485608263205,69,0.0,0.787,0.0
u_3612,0.052584422351544535,33,0.0,0.328,0.0
u_3613,0.12588397205930446,38,0.0,0.787,0.0
u_3614,0.032218959180573374,39,0.0,0.601,0.0
u_3615,0.04337042273872627,44,0.0,0.787,0.0
u_3616,0.0023802781181757405,30,0.0,0.011,0.0
u_3617,0.034423226929973474,44,0.0,0.166,0.0
u_3618,0.08106649211524371,43,0.0,0.762,0.0
u_3619,0.0010374629926889322,35,0.0,0.01,0.0
u_3620,0.037577897258737426,30,0.0,0.346,0.0
u_3621,0.0022532894595338644,31,0.0,0.01,0.0
u_3622,0.007906685758207375,40,0.0,0.069,0.0
u_3623,0.10808250919578473,15,0.0,0.662,0.0
u_3624,0.011208304309211672,51,0.0,0.209,0.0
u_3625,0.12432841511061804,7,0.0,0.787,0.0
u_3626,0.02905708776982559,24,0.0,0.174,0.0
u_3627,0.0001371548885963717,7,0.0,0.001,0.0
u_3628,0.08555445533660355,24,0.0,0.787,0.0
u_3629,0.08405185772625712,31,0.0,0.787,0.0
u_3630,0.0005381700142261889,55,0.0,0.003,0.0
u_3631,0.08382170004895359,35,0.0,0.787,0.0
u_3632,0.06069891422789035,3,0.0,0.377,0.0
u_3633,0.0016873988296466026,23,0.0,0.031,0.0
u_3634,0.010935076189072319,46,0.0,0.069,0.0
u_3635,0.0003131892488334617,30,0.0,0.002,0.0
u_3636,0.03200450739636274,22,0.0,0.151,0.0
u_3637,0.010034801059079165,3,0.0,0.063,0.0
u_3638,0.08836102367613023,60,0.0,0.787,0.0
u_3639,0.002807195480474547,63,0.0,0.025,0.0
u_3640,0.08348422658504538,27,0.0,0.787,0.0
u_3641,0.00028333515935252137,33,0.0,0.002,0.0
u_3642,0.0033042884907304565,3,0.0,0.061,0.0
u_3643,0.1299937704603763,59,0.0,0.828,0.0
u_3644,0.01577864904484518,7,0.0,0.148,0.0
u_3645,0.16001698001498266,2,0.0,0.891,0.0
u_3646,0.05640508891674003,39,0.0,0.344,0.0
u_3647,0.07197537009731812,2,0.0,0.422,0.0
u_3648,0.0025502033618695712,36,0.0,0.015,0.0
u_3649,0.07378822151011281,45,0.0,0.438,0.0
u_3650,0.08498542790151635,18,0.0,0.787,0.0
u_3651,0.0008530693872706378,40,0.0,0.008,0.0
u_3652,0.014973882753128429,65,0.0,0.143,0.0
u_3653,0.02871852565054813,13,0.0,0.261,0.0
u_3654,0.0774878979302464,17,0.0,0.448,0.0
u_3655,0.003065237569628837,17,0.0,0.028,0.0
u_3656,0.029054565820329146,14,0.0,0.183,0.0
u_3657,0.08375571837161165,42,0.0,0.787,0.0
u_3658,0.010709162873758674,53,0.0,0.177,0.0
u_3659,0.11675736855593301,33,0.0,0.747,0.0
u_3660,0.00021989578011583492,17,0.0,0.002,0.0
u_3661,0.1282474982277125,28,0.0,0.787,0.0
u_3662,0.00040768035420283514,50,0.0,0.002,0.0
u_3663,0.07661481919344491,42,0.0,0.681,0.0
u_3664,0.0890678893944285,47,0.0,0.787,0.0
u_3665,0.1684953038989077,27,0.0,0.919,0.0
u_3666,0.04545340325198153,1,0.0,0.787,0.0
u_3667,0.047042599349207695,15,0.0,0.787,0.0
u_3668,0.002300149504225817,23,0.0,0.022,0.0
u_3669,0.085898168210957,34,0.0,0.787,0.0
u_3670,0.01407295633839676,14,0.0,0.09,0.0
u_3671,0.13506682479454632,3,0.0,0.807,0.0
u_3672,0.03397282219185493,0,0.0,0.215,0.0
u_3673,0.08942753841948718,42,0.0,0.536,0.0
u_3674,0.045190737458703494,17,0.0,0.787,0.0
u_3675,0.056401188529277294,15,0.0,0.524,0.0
u_3676,0.047323657283030084,37,0.0,0.406,0.0
u_3677,0.05716357317530773,33,0.0,0.34,0.0
u_3678,0.12520970659094108,2,0.0,0.787,0.0
u_3679,0.013037987824755324,47,0.0,0.121,0.0
u_3680,0.08984302986429885,7,0.0,0.787,0.0
u_3681,0.013313204419048381,55,0.0,0.25,0.0
u_3682,0.16371233922915365,47,0.0,0.787,0.0
u_3683,0.004924195952526585,47,0.0,0.031,0.0
u_3684,0.0025583517511688163,40,0.0,0.015,0.0
u_3685,0.04234866052360883,18,0.0,0.787,0.0
u_3686,0.042902270347168155,31,0.0,0.787,0.0
u_3687,0.013058150825240774,39,0.0,0.118,0.0
u_3688,0.0009134294665432397,47,0.0,0.004,0.0
u_3689,0.08207316708377807,32,0.0,0.787,0.0
u_3690,0.000283699735807922,29,0.0,0.002,0.0
u_3691,0.004185822526405088,57,0.0,0.038,0.0
u_3692,0.08629815485000439,2,0.0,0.787,0.0
u_3693,0.010269145895285851,11,0.0,0.061,0.0
u_3694,0.027142881045201274,11,0.0,0.171,0.0
u_3695,0.0,-1,0.0,,
u_3696,0.12696072725516266,3,0.0,0.787,0.0
u_3697,0.0002935298419203395,14,0.0,0.002,0.0
u_3698,0.00759822778778458,27,0.0,0.037,0.0
u_3699,0.02337437933483925,11,0.0,0.145,0.0
u_3700,0.006050367032535851,65,0.0,0.028,0.0
u_3701,0.07323470560530436,43,0.0,0.469,0.0
u_3702,6.778985402343865e-05,3,0.0,0.001,0.0
u_3703,0.11825677809571762,17,0.0,0.745,0.0
u_3704,0.01876884575635965,53,0.0,0.117,0.0
u_3705,0.001655564240469405,66,0.0,0.007,0.0
u_3706,0.025908358669763317,49,0.0,0.155,0.0
u_3707,0.03897833714799263,16,0.0,0.236,0.0
u_3708,0.005844878423579374,16,0.0,0.033,0.0
u_3709,0.04661300784188818,49,0.0,0.419,0.0
u_3710,0.08568494931061205,6,0.0,0.787,0.0
u_3711,0.014570918638579003,55,0.0,0.068,0.0
u_3712,0.00028067324618259764,35,0.0,0.002,0.0
u_3713,0.1242748367090139,3,0.0,0.787,0.0
u_3714,0.19073343406075616,6,0.0,0.912,0.0
u_3715,0.13021604861463928,33,0.0,0.828,0.0
u_3716,0.0014850266054537236,33,0.0,0.007,0.0
u_3717,0.007022474933089346,66,0.0,0.06,0.0
u_3718,0.006721761145368163,31,0.0,0.055,0.0
u_3719,0.0695755429407459,7,0.0,0.652,0.0
u_3720,0.004481122161235211,30,0.0,0.028,0.0
u_3721,0.045558150091105296,13,0.0,0.205,0.0
u_3722,0.002773001335703742,33,0.0,0.017,0.0
u_3723,0.21221545944502837,12,0.0,0.982,0.0
u_3724,0.05743726080600811,29,0.0,0.247,0.0
u_3725,0.0031091214818206956,38,0.0,0.02,0.0
u_3726,0.03834475648581838,29,0.0,0.244,0.0
u_3727,0.00220950733738573,31,0.0,0.021,0.0
u_3728,0.0002189382903673562,15,0.0,0.001,0.0
u_3729,0.13599746045231204,27,0.0,0.614,0.0
u_3730,0.0027856086276378898,7,0.0,0.016,0.0
u_3731,0.025554406069229367,18,0.0,0.156,0.0
u_3732,0.048453980747959244,27,0.0,0.446,0.0
u_3733,0.04405539922914785,68,0.0,0.787,0.0
u_3734,0.022484531236738665,26,0.0,0.14,0.0
u_3735,0.038728739397550005,66,0.0,0.239,0.0
u_3736,9.776452740495026e-05,35,0.0,0.001,0.0
u_3737,0.008767654015009218,2,0.0,0.079,0.0
u_3738,0.05081361007801756,13,0.0,0.47,0.0
u_3739,0.02776298019927571,18,0.0,0.238,0.0
u_3740,0.052900637984259515,7,0.0,0.239,0.0
u_3741,0.004580765572145095,51,0.0,0.022,0.0
u_3742,0.0210208944594881,3,0.0,0.125,0.0
u_3743,0.16807066467202122,40,0.0,0.761,0.0
u_3744,0.00863180266483037,33,0.0,0.04,0.0
u_3745,0.006523423347482436,26,0.0,0.118,0.0
u_3746,0.06600136702175105,10,0.0,0.419,0.0
u_3747,0.1362088620379996,44,0.0,0.787,0.0
u_3748,0.026428533624308834,30,0.0,0.248,0.0
u_3749,0.00011150876297576559,16,0.0,0.001,0.0
u_3750,0.0020195383784450127,14,0.0,0.012,0.0
u_3751,0.04217121847969027,5,0.0,0.787,0.0
u_3752,0.0028004435803404776,59,0.0,0.026,0.0
u_3753,0.0001232242586264192,13,0.0,0.002,0.0
u_3754,0.04983702699328083,31,0.0,0.787,0.0
u_3755,0.11687157370200331,19,0.0,0.51,0.0
u_3756,0.09771367724990357,24,0.0,0.372,0.0
u_3757,0.00270132503034965,42,0.0,0.024,0.0
u_3758,0.005142176055384919,16,0.0,0.095,0.0
u_3759,0.009182917967620245,59,0.0,0.073,0.0
u_3760,0.10043109488477608,47,0.0,0.787,0.0
u_3761,0.053241048745074966,16,0.0,0.331,0.0
u_3762,0.10344743067782147,42,0.0,0.629,0.0
u_3763,0.008799784357837846,25,0.0,0.055,0.0
u_3764,0.08590303667089455,33,0.0,0.787,0.0
u_3765,0.0004912643259072875,31,0.0,0.002,0.0
u_3766,0.01118627710272964,19,0.0,0.108,0.0
u_3767,0.07682247428326062,34,0.0,0.462,0.0
u_3768,0.0002348739036472868,22,0.0,0.002,0.0
u_3769,0.04229159250002083,27,0.0,0.787,0.0
u_3770,0.08445040428672743,51,0.0,0.787,0.0
u_3771,0.058905772633201986,56,0.0,0.258,0.0
u_3772,0.14091407600632724,32,0.0,0.787,0.0
u_3773,0.04587136118440094,65,0.0,0.787,0.0
u_3774,0.0004267685353760903,13,0.0,0.004,0.0
u_3775,0.0038313391254912715,3,0.0,0.036,0.0
u_3776,0.1213080707930258,3,0.0,0.731,0.0
u_3777,0.0014758433507514022,63,0.0,0.013,0.0
u_3778,0.0020304911806606893,25,0.0,0.019,0.0
u_3779,0.0002811047916292702,40,0.0,0.002,0.0
u_3780,0.12034059475891638,18,0.0,0.787,0.0
u_3781,0.012384744239185931,51,0.0,0.078,0.0
u_3782,0.0023896867981060424,46,0.0,0.022,0.0
u_3783,0.00032211736283531433,12,0.0,0.002,0.0
u_3784,0.12569476262166102,54,0.0,0.578,0.0
u_3785,0.08785992289925385,48,0.0,0.787,0.0
u_3786,0.023719249181502824,13,0.0,0.134,0.0
u_3787,0.08327787634236401,30,0.0,0.787,0.0
u_3788,0.0014320931240167306,33,0.0,0.012,0.0
u_3789,0.00927834513563528,31,0.0,0.084,0.0
u_3790,0.002475963545048341,13,0.0,0.029,0.0
u_3791,0.0018688243605296012,14,0.0,0.011,0.0
u_3792,0.04179479520196566,43,0.0,0.787,0.0
u_3793,0.0002342193324211795,26,0.0,0.002,0.0
u_3794,0.00020183559173373008,30,0.0,0.003,0.0
u_3795,0.0872024228156783,49,0.0,0.787,0.0
u_3796,0.03251878138384926,59,0.0,0.306,0.0
u_3797,0.0004981334420864304,19,0.0,0.004,0.0
u_3798,0.0795491509704962,42,0.0,0.47,0.0
u_3799,0.08966026566994185,30,0.0,0.393,0.0
u_3800,0.0471412613896201,32,0.0,0.417,0.0
u_3801,0.0005557459062192972,1,0.0,0.01,0.0
u_3802,0.1604552407348144,15,0.0,0.736,0.0
u_3803,0.0003333800539346163,14,0.0,0.003,0.0
u_3804,0.05130358705154963,3,0.0,0.297,0.0
u_3805,0.08728289592796304,18,0.0,0.787,0.0
u_3806,0.015318158359244438,36,0.0,0.07,0.0
u_3807,0.011944295855675725,26,0.0,0.037,0.0
u_3808,0.041675567901332276,49,0.0,0.787,0.0
u_3809,0.012389306239533396,6,0.0,0.075,0.0
u_3810,0.12667060219803736,31,0.0,0.787,0.0
u_3811,0.008657013775798595,55,0.0,0.079,0.0
u_3812,0.044520373298930604,45,0.0,0.787,0.0
u_3813,0.04247187850045629,44,0.0,0.787,0.0
u_3814,0.0223193256096182,16,0.0,0.108,0.0
u_3815,0.0001912735037030492,7,0.0,0.002,0.0
u_3816,0.051904305876545036,22,0.0,0.241,0.0
u_3817,0.10555840066646516,6,0.0,0.909,0.0
u_3818,0.06870254546373986,1,0.0,0.263,0.0
u_3819,0.087787663014733,48,0.0,0.787,0.0
u_3820,0.12375061976245635,58,0.0,0.787,0.0
u_3821,0.0007808850071618735,7,0.0,0.005,0.0
u_3822,0.046369347651460856,8,0.0,0.787,0.0
u_3823,0.11029409884647358,42,0.0,0.694,0.0
u_3824,0.0024731064044261402,68,0.0,0.011,0.0
u_3825,0.002937083462964566,58,0.0,0.025,0.0
u_3826,0.0026120909354489194,21,0.0,0.008,0.0
u_3827,0.0027039901468958586,63,0.0,0.016,0.0
u_3828,0.012790694767073445,25,0.0,0.061,0.0
u_3829,0.04941876738780035,43,0.0,0.787,0.0
u_3830,0.12376038276903609,65,0.0,0.787,0.0
u_3831,0.0024053666593007532,18,0.0,0.044,0.0
u_3832,0.006633296814729299,35,0.0,0.062,0.0
u_3833,0.007241649881117574,65,0.0,0.033,0.0
u_3834,0.00021548092661222485,25,0.0,0.001,0.0
u_3835,0.0005036088017335432,33,0.0,0.003,0.0
u_3836,0.09362723804845959,16,0.0,0.874,0.0
u_3837,0.08458724541146666,28,0.0,0.787,0.0
u_3838,0.000365418760831209,54,0.0,0.002,0.0
u_3839,0.0004451067478682066,32,0.0,0.004,0.0
u_3840,0.02744086686476693,63,0.0,0.231,0.0
u_3841,0.0005264793869651726,18,0.0,0.005,0.0
u_3842,0.02773741801123315,45,0.0,0.256,0.0
u_3843,0.0062006762884523605,45,0.0,0.056,0.0
u_3844,0.002710877426211419,33,0.0,0.016,0.0
u_3845,0.0,-1,0.0,,
u_3846,0.08596819269677254,7,0.0,0.787,0.0
u_3847,0.006866218233538747,12,0.0,0.03,0.0
u_3848,0.02631851099961109,56,0.0,0.243,0.0
u_3849,0.09387788414613636,57,0.0,0.787,0.0
u_3850,0.08959364913988618,57,0.0,0.787,0.0
u_3851,0.02619060343863331,25,0.0,0.156,0.0
u_3852,0.0006673874259782491,29,0.0,0.006,0.0
u_3853,0.0835698360573995,29,0.0,0.787,0.0
u_3854,0.10201085066718842,28,0.0,0.475,0.0
u_3855,0.12698610547373876,34,0.0,0.771,0.0
u_3856,0.08610617280242007,22,0.0,0.787,0.0
u_3857,0.02233432943278427,7,0.0,0.132,0.0
u_3858,0.05350396568914395,27,0.0,0.343,0.0
u_3859,0.00690629954047957,26,0.0,0.041,0.0
u_3860,0.0010967649266127272,7,0.0,0.006,0.0
u_3861,0.02602427999344231,39,0.0,0.474,0.0
u_3862,0.0015591334905764155,40,0.0,0.007,0.0
u_3863,0.003401794297241492,34,0.0,0.031,0.0
u_3864,0.00381629877693983,49,0.0,0.023,0.0
u_3865,0.04496223593750947,42,0.0,0.787,0.0
u_3866,0.14320444829999476,35,0.0,0.674,0.0
u_3867,0.006003682496398501,17,0.0,0.033,0.0
u_3868,0.006624331914676453,35,0.0,0.04,0.0
u_3869,0.024375329819484287,26,0.0,0.152,0.0
u_3870,0.012325202793708266,40,0.0,0.106,0.0
u_3871,0.04529751463609385,26,0.0,0.288,0.0
u_3872,0.16136986936387793,10,0.0,0.921,0.0
u_3873,0.08286645512262929,68,0.0,0.787,0.0
u_3874,5.550000450930982e-05,60,0.0,0.001,0.0
u_3875,0.0004133586166840149,33,0.0,0.008,0.0
u_3876,0.00023399693492965202,40,0.0,0.002,0.0
u_3877,0.11983857231912831,21,0.0,0.659,0.0
u_3878,0.001277503396950069,7,0.0,0.012,0.0
u_3879,0.04401375441227981,10,0.0,0.787,0.0
u_3880,0.0006336153059080363,22,0.0,0.004,0.0
u_3881,0.003439265195811507,6,0.0,0.064,0.0
u_3882,0.022898903187983363,28,0.0,0.136,0.0
u_3883,0.04373893890863543,21,0.0,0.27,0.0
u_3884,0.017513641461510736,6,0.0,0.152,0.0
u_3885,0.12156347952994603,3,0.0,0.787,0.0
u_3886,0.0001737562092602374,42,0.0,0.001,0.0
u_3887,0.00014709530032612497,15,0.0,0.001,0.0
u_3888,0.19636977058964564,7,0.0,0.95,0.0
u_3889,0.0011256157691786131,46,0.0,0.011,0.0
u_3890,0.2306507185323151,12,0.0,0.886,0.0
u_3891,0.07629455537200755,17,0.0,0.702,0.0
u_3892,0.008459910128716188,27,0.0,0.078,0.0
u_3893,0.08781733452506764,25,0.0,0.787,0.0
u_3894,0.002599201096253119,3,0.0,0.014,0.0
u_3895,0.03757909484753426,33,0.0,0.351,0.0
u_3896,0.08635015871706114,32,0.0,0.787,0.0
u_3897,0.17997609660509614,49,0.0,0.787,0.0
u_3898,0.08502258028808611,40,0.0,0.787,0.0
u_3899,0.04468781750623513,68,0.0,0.787,0.0
u_3900,0.04696018945267769,10,0.0,0.787,0.0
u_3901,0.03239437483756615,32,0.0,0.195,0.0
u_3902,0.003211060587775547,66,0.0,0.031,0.0
u_3903,0.07717995790579382,3,0.0,0.458,0.0
u_3904,0.0009992473776246813,7,0.0,0.009,0.0
u_3905,0.03699773397085099,32,0.0,0.351,0.0
u_3906,0.00014153241986603407,25,0.0,0.001,0.0
u_3907,0.023655607227288055,10,0.0,0.426,0.0
u_3908,0.12695719787130216,19,0.0,0.787,0.0
u_3909,0.0006991691044178815,6,0.0,0.013,0.0
u_3910,0.04440190731582702,26,0.0,0.787,0.0
u_3911,0.08650543646776573,56,0.0,0.787,0.0
u_3912,0.051143756896209605,44,0.0,0.487,0.0
u_3913,0.14350591957646336,48,0.0,0.857,0.0
u_3914,0.0008812591610596936,34,0.0,0.003,0.0
u_3915,0.033347789108370295,22,0.0,0.268,0.0
u_3916,0.10685893748822604,15,0.0,0.66,0.0
u_3917,0.0878986780212681,51,0.0,0.539,0.0
u_3918,0.05073715971002129,43,0.0,0.787,0.0
u_3919,0.042229146161014385,54,0.0,0.787,0.0
u_3920,0.056304358144263496,43,0.0,0.2,0.0
u_3921,0.0026575255159831056,0,0.0,0.025,0.0
u_3922,0.026570169170882393,33,0.0,0.162,0.0
u_3923,0.1248351616190234,31,0.0,0.787,0.0
u_3924,0.00936619336787358,35,0.0,0.143,0.0
u_3925,0.008800157334954357,34,0.0,0.049,0.0
u_3926,0.003635424926200928,26,0.0,0.034,0.0
u_3927,7.542850605993339e-05,20,0.0,0.001,0.0
u_3928,0.027356393481563216,7,0.0,0.235,0.0
u_3929,0.04215312448264101,0,0.0,0.787,0.0
u_3930,0.21602291863263248,21,0.0,0.766,0.0
u_3931,0.1061460664580114,43,0.0,0.902,0.0
u_3932,0.03855022467424252,45,0.0,0.234,0.0
u_3933,0.04298535603598513,53,0.0,0.787,0.0
u_3934,0.01860596766509346,48,0.0,0.081,0.0
u_3935,0.03629236085094797,3,0.0,0.219,0.0
u_3936,0.08573133599661074,34,0.0,0.787,0.0
u_3937,0.04357024916425095,18,0.0,0.796,0.0
u_3938,0.011081327129538058,26,0.0,0.059,0.0
u_3939,0.0889305457717658,16,0.0,0.787,0.0
u_3940,0.000668743710285292,42,0.0,0.004,0.0
u_3941,0.007005524066806301,2,0.0,0.064,0.0
u_3942,0.08748026007799821,31,0.0,0.786,0.0
u_3943,0.0002363150307117152,7,0.0,0.002,0.0
u_3944,0.005449156203562118,40,0.0,0.048,0.0
u_3945,0.0570007473748811,29,0.0,0.318,0.0
u_3946,0.0037136463372348253,33,0.0,0.033,0.0
u_3947,0.07030244507008433,40,0.0,0.63,0.0
u_3948,0.00013247231580701413,48,0.0,0.001,0.0
u_3949,0.06892028061479953,53,0.0,0.636,0.0
u_3950,0.00024468022638440904,44,0.0,0.004,0.0
u_3951,0.011737931768029125,6,0.0,0.069,0.0
u_3952,0.08438777634596485,18,0.0,0.787,0.0
u_3953,0.016419900728801468,24,0.0,0.239,0.0
u_3954,0.017840842742363385,9,0.0,0.149,0.0
u_3955,0.0013368011693530267,38,0.0,0.008,0.0
u_3956,0.06433555570607705,3,0.0,0.377,0.0
u_3957,0.014184591277928394,25,0.0,0.134,0.0
u_3958,0.010424720710318776,15,0.0,0.06,0.0
u_3959,0.08636326702519886,12,0.0,0.787,0.0
u_3960,0.00019716717427158218,8,0.0,0.002,0.0
u_3961,0.08339014572125067,18,0.0,0.389,0.0
u_3962,0.001733516909724928,63,0.0,0.016,0.0
u_3963,0.0020977245813517892,3,0.0,0.013,0.0
u_3964,0.02613180533948837,16,0.0,0.229,0.0
u_3965,0.001391559671904412,6,0.0,0.013,0.0
u_3966,0.0054255572441713595,7,0.0,0.034,0.0
u_3967,0.0001369948621888381,1,0.0,0.001,0.0
u_3968,7.482444904281796e-05,50,0.0,0.001,0.0
u_3969,0.05010789143559042,36,0.0,0.472,0.0
u_3970,0.029723350313601998,62,0.0,0.175,0.0
u_3971,0.003926859069839935,26,0.0,0.034,0.0
u_3972,0.020023808227498222,33,0.0,0.176,0.0
u_3973,0.04213218568093786,14,0.0,0.787,0.0
u_3974,0.042633272368752834,33,0.0,0.787,0.0
u_3975,0.011612141664619506,7,0.0,0.073,0.0
u_3976,0.003881205349403652,17,0.0,0.036,0.0
u_3977,0.08873006280269181,49,0.0,0.787,0.0
u_3978,0.054924210226532606,11,0.0,0.266,0.0
u_3979,0.0006361390913263368,40,0.0,0.004,0.0
u_3980,0.11120458513857101,49,0.0,0.887,0.0
u_3981,0.0006745658862785854,42,0.0,0.012,0.0
u_3982,0.0014910731283806742,46,0.0,0.007,0.0
u_3983,0.000283099453564574,10,0.0,0.005,0.0
u_3984,0.0,-1,0.0,,
u_3985,0.00023714908473688033,43,0.0,0.002,0.0
u_3986,0.1404545189099161,3,0.0,0.787,0.0
u_3987,0.06716629241995825,8,0.0,0.616,0.0
u_3988,0.042303584620699344,58,0.0,0.324,0.0
u_3989,0.06607855695451377,20,0.0,0.63,0.0
u_3990,0.08491203647860468,32,0.0,0.787,0.0
u_3991,0.00038452552536972123,3,0.0,0.004,0.0
u_3992,0.014275713019456881,19,0.0,0.081,0.0
u_3993,0.04283823840122037,0,0.0,0.386,0.0
u_3994,0.06576506120318895,30,0.0,0.617,0.0
u_3995,0.00015824610119658514,30,0.0,0.003,0.0
u_3996,6.77181084301917e-05,36,0.0,0.001,0.0
u_3997,0.08522652346540514,0,0.0,0.787,0.0
u_3998,0.07921344260899528,3,0.0,0.377,0.0
u_3999,0.09975181834525336,30,0.0,0.948,0.0
u_4000,0.00033234014483705514,13,0.0,0.003,0.0
u_4001,0.0957099865052493,26,0.0,0.579,0.0
u_4002,0.01945013705831914,3,0.0,0.121,0.0
u_4003,0.048134891513822504,3,0.0,0.787,0.0
u_4004,0.04337470375742297,35,0.0,0.787,0.0
u_4005,0.0024062739396921505,15,0.0,0.022,0.0
u_4006,0.0021884864477212935,33,0.0,0.013,0.0
u_4007,0.0003489354669651575,66,0.0,0.003,0.0
u_4008,0.008388430719480736,39,0.0,0.076,0.0
u_4009,0.04471105860054429,16,0.0,0.787,0.0
u_4010,0.05828205822139801,48,0.0,0.212,0.0
u_4011,0.0,-1,0.0,,
u_4012,0.02805046849211172,6,0.0,0.269,0.0
u_4013,0.0070179771199390005,35,0.0,0.06,0.0
u_4014,0.02377837390383826,7,0.0,0.225,0.0
u_4015,0.05182400958913239,8,0.0,0.787,0.0
u_4016,0.005187195562986691,23,0.0,0.024,0.0
u_4017,0.01899190285103276,54,0.0,0.118,0.0
u_4018,0.00013432814194966068,42,0.0,0.001,0.0
u_4019,0.12322491142446974,49,0.0,0.787,0.0
u_4020,0.002176822240118141,33,0.0,0.013,0.0
u_4021,0.00031219837407101106,12,0.0,0.001,0.0
u_4022,0.003611114547969371,1,0.0,0.065,0.0
u_4023,0.029509855109440153,36,0.0,0.271,0.0
u_4024,0.002753395476445556,12,0.0,0.017,0.0
u_4025,0.00029805170962457126,33,0.0,0.002,0.0
u_4026,0.053425672206616905,33,0.0,0.498,0.0
u_4027,0.0839288234448471,40,0.0,0.394,0.0
u_4028,0.0001431287144757321,40,0.0,0.001,0.0
u_4029,0.040323758446994366,42,0.0,0.359,0.0
u_4030,5.5012038548463834e-05,30,0.0,0.001,0.0
u_4031,0.006480736049896389,33,0.0,0.06,0.0
u_4032,0.08368716576789315,48,0.0,0.787,0.0
u_4033,0.04298549622254865,43,0.0,0.787,0.0
u_4034,0.084637758783424,0,0.0,0.787,0.0
u_4035,0.09061069491492653,7,0.0,0.787,0.0
u_4036,0.030036820774721213,33,0.0,0.185,0.0
u_4037,0.1701026362349943,30,0.0,0.787,0.0
u_4038,0.0002076884944640595,26,0.0,0.001,0.0
u_4039,0.0442315587846633,3,0.0,0.787,0.0
u_4040,0.0024253614602460236,45,0.0,0.009,0.0
u_4041,0.0033396578674084044,23,0.0,0.021,0.0
u_4042,0.2124068781192117,40,0.0,0.808,0.0
u_4043,0.00769739451941342,18,0.0,0.071,0.0
u_4044,0.1293347792464373,13,0.0,0.787,0.0
u_4045,0.0022254546884311666,21,0.0,0.019,0.0
u_4046,0.00014926295717030292,44,0.0,0.001,0.0
u_4047,0.02334799119742109,1,0.0,0.185,0.0
u_4048,0.10378079347174027,50,0.0,0.646,0.0
u_4049,0.00030284172369601456,25,0.0,0.003,0.0
u_4050,0.05586779147264032,7,0.0,0.264,0.0
u_4051,0.05783803318311777,55,0.0,0.787,0.0
u_4052,0.041676869292441535,25,0.0,0.787,0.0
u_4053,0.0012765046252019622,22,0.0,0.008,0.0
u_4054,0.05650043970524055,39,0.0,0.262,0.0
u_4055,0.004515668064275391,54,0.0,0.028,0.0
u_4056,0.004762862625316217,42,0.0,0.03,0.0
u_4057,0.010333317238965073,34,0.0,0.049,0.0
u_4058,0.11966937855819762,38,0.0,0.555,0.0
u_4059,0.08743376088195501,39,0.0,0.787,0.0
u_4060,0.004919042448523173,33,0.0,0.023,0.0
u_4061,0.0005730711772914924,14,0.0,0.01,0.0
u_4062,0.12836183692222755,32,0.0,0.787,0.0
u_4063,0.02310064852156251,42,0.0,0.143,0.0
u_4064,0.02583064375492978,7,0.0,0.159,0.0
u_4065,0.008188700167352564,23,0.0,0.051,0.0
u_4066,0.0014123211388349622,3,0.0,0.006,0.0
u_4067,0.001104932255272835,47,0.0,0.007,0.0
u_4068,0.0865526213503958,27,0.0,0.787,0.0
u_4069,0.018691139239369083,15,0.0,0.162,0.0
u_4070,0.007917873282961134,1,0.0,0.045,0.0
u_4071,0.1330638877437066,40,0.0,0.787,0.0
u_4072,0.12723599709200722,51,0.0,0.808,0.0
u_4073,0.12976255051189786,5,0.0,0.787,0.0
u_4074,0.09414554125101814,19,0.0,0.787,0.0
u_4075,0.0007866555665124865,16,0.0,0.005,0.0
u_4076,0.04190756223270833,42,0.0,0.787,0.0
u_4077,0.0007536808806900425,3,0.0,0.006,0.0
u_4078,0.000340364073964149,27,0.0,0.003,0.0
u_4079,0.09014928481294028,3,0.0,0.787,0.0
u_4080,0.04652070300042172,54,0.0,0.787,0.0
u_4081,0.00039935339211210583,25,0.0,0.003,0.0
u_4082,0.0010573936864000642,20,0.0,0.008,0.0
u_4083,0.0008047906988865433,46,0.0,0.005,0.0
u_4084,0.03100285794778226,58,0.0,0.274,0.0
u_4085,0.04756073650115773,15,0.0,0.416,0.0
u_4086,0.0001907926573425051,32,0.0,0.002,0.0
u_4087,0.005550102611279282,46,0.0,0.052,0.0
u_4088,0.028238649098353705,34,0.0,0.461,0.0
u_4089,0.00763130987214438,16,0.0,0.071,0.0
u_4090,0.0005969343546077138,26,0.0,0.006,0.0
u_4091,8.320344002838998e-05,51,0.0,0.001,0.0
u_4092,0.020228750714054736,30,0.0,0.184,0.0
u_4093,0.060021929956301893,33,0.0,0.354,0.0
u_4094,0.09045084956399932,28,0.0,0.787,0.0
u_4095,0.10498085760047036,12,0.0,0.485,0.0
u_4096,0.03438911577319679,29,0.0,0.193,0.0
u_4097,0.05295095981350141,35,0.0,0.447,0.0
u_4098,0.08334260005857753,42,0.0,0.787,0.0
u_4099,0.03934876401416879,31,0.0,0.623,0.0
u_4100,0.006838754007356162,44,0.0,0.06,0.0
u_4101,0.01507909342834114,49,0.0,0.142,0.0
u_4102,0.0004984471851773382,25,0.0,0.003,0.0
u_4103,0.041896154519817964,63,0.0,0.787,0.0
u_4104,0.0,-1,0.0,,
u_4105,0.0004456840692470196,38,0.0,0.003,0.0
u_4106,0.19994267955088646,11,0.0,0.87,0.0
u_4107,0.009132425544494316,29,0.0,0.083,0.0
u_4108,0.0043425001877224634,38,0.0,0.027,0.0
u_4109,0.0001300311171779584,7,0.0,0.002,0.0
u_4110,0.0006209131634871571,25,0.0,0.006,0.0
u_4111,0.08026480388572034,68,0.0,0.457,0.0
u_4112,0.08933928662172377,23,0.0,0.787,0.0
u_4113,0.11454112267032485,15,0.0,0.724,0.0
u_4114,0.12151955792586595,32,0.0,0.579,0.0
u_4115,0.021580722174839126,5,0.0,0.103,0.0
u_4116,0.0,-1,0.0,,
u_4117,0.0006910612765726484,2,0.0,0.004,0.0
u_4118,0.1202443833434389,36,0.0,0.757,0.0
u_4119,0.05933334053998209,24,0.0,0.951,0.0
u_4120,0.030186653164459596,39,0.0,0.19,0.0
u_4121,0.09541244716127864,54,0.0,0.787,0.0
u_4122,0.0016487097022075273,22,0.0,0.015,0.0
u_4123,0.048072331040421974,18,0.0,0.787,0.0
u_4124,0.00233440271042392,54,0.0,0.014,0.0
u_4125,0.02517408199152712,49,0.0,0.223,0.0
u_4126,0.004559628568330394,57,0.0,0.017,0.0
u_4127,0.13035418808850718,31,0.0,0.787,0.0
u_4128,0.0021452223312456316,19,0.0,0.039,0.0
u_4129,0.06827512031997947,0,0.0,0.401,0.0
u_4130,0.0058155045803129244,5,0.0,0.027,0.0
u_4131,0.05461380915742073,46,0.0,0.334,0.0
u_4132,0.0,-1,0.0,,
u_4133,0.05674300137191922,25,0.0,0.364,0.0
u_4134,0.08367181597758973,20,0.0,0.721,0.0
u_4135,0.04270071053968433,11,0.0,0.787,0.0
u_4136,0.08249098589580407,15,0.0,0.787,0.0
u_4137,0.08240155679945632,38,0.0,0.787,0.0
u_4138,0.054951485608263205,41,0.0,0.787,0.0
u_4139,0.11440112028046058,60,0.0,0.667,0.0
u_4140,0.000991369087346925,16,0.0,0.006,0.0
u_4141,0.06313125161449734,31,0.0,0.385,0.0
u_4142,0.012369163367870684,30,0.0,0.075,0.0
u_4143,0.13642307213614288,63,0.0,0.787,0.0
u_4144,0.02626692533549913,26,0.0,0.242,0.0
u_4145,0.0,-1,0.0,,
u_4146,0.0,-1,0.0,,
u_4147,0.04553190302644718,27,0.0,0.787,0.0
u_4148,0.04973852360136134,34,0.0,0.787,0.0
u_4149,0.00038267221752265096,26,0.0,0.002,0.0
u_4150,0.05160344939338865,35,0.0,0.787,0.0
u_4151,0.042201980500797286,33,0.0,0.37,0.0
u_4152,0.08629041864559424,1,0.0,0.787,0.0
u_4153,0.008960617319873517,3,0.0,0.056,0.0
u_4154,0.00010284067160548495,40,0.0,0.001,0.0
u_4155,0.024938034495925066,28,0.0,0.159,0.0
u_4156,0.026801526341898464,17,0.0,0.223,0.0
u_4157,0.0421167762825452,40,0.0,0.787,0.0
u_4158,0.04277294991873605,43,0.0,0.787,0.0
u_4159,0.0012709826084455688,30,0.0,0.008,0.0
u_4160,0.0,-1,0.0,,
u_4161,0.13728548801527163,42,0.0,0.787,0.0
u_4162,0.00028613001920749887,22,0.0,0.002,0.0
u_4163,0.04218861850528188,49,0.0,0.787,0.0
u_4164,0.12567758365607873,1,0.0,0.787,0.0
u_4165,0.001166242159399138,33,0.0,0.007,0.0
u_4166,0.00464951007937805,20,0.0,0.029,0.0
u_4167,0.0838430308107912,6,0.0,0.307,0.0
u_4168,0.05196606779677854,11,0.0,0.469,0.0
u_4169,0.0007913556322673341,14,0.0,0.005,0.0
u_4170,0.04207407031422843,47,0.0,0.189,0.0
u_4171,0.0,-1,0.0,,
u_4172,0.1253305135392003,68,0.0,0.787,0.0
u_4173,0.1622732371138534,5,0.0,0.987,0.0
u_4174,0.0006596337171838551,63,0.0,0.009,0.0
u_4175,0.1258934328960142,63,0.0,0.787,0.0
u_4176,0.0038869028202178696,26,0.0,0.014,0.0
u_4177,0.00864460622618337,48,0.0,0.076,0.0
u_4178,0.04231973177483205,60,0.0,0.787,0.0
u_4179,0.023143972021860783,35,0.0,0.205,0.0
u_4180,0.004589450500876643,39,0.0,0.026,0.0
u_4181,0.0001053860955347126,24,0.0,0.002,0.0
u_4182,0.033652735012456976,14,0.0,0.199,0.0
u_4183,0.1236194588014897,17,0.0,0.787,0.0
u_4184,0.12562305299519855,59,0.0,0.787,0.0
u_4185,0.09655142414308769,23,0.0,0.567,0.0
u_4186,0.0609901012777004,3,0.0,0.574,0.0
u_4187,0.12270142273520629,57,0.0,0.787,0.0
u_4188,0.019365663256615404,27,0.0,0.069,0.0
u_4189,0.0001730358701995878,30,0.0,0.003,0.0
u_4190,0.15349797757155023,7,0.0,0.717,0.0
u_4191,0.0007688891840597782,1,0.0,0.005,0.0
u_4192,0.06706304227048025,48,0.0,0.352,0.0
u_4193,0.0321184190771461,12,0.0,0.167,0.0
u_4194,0.04167574167773442,2,0.0,0.787,0.0
u_4195,0.02984778175667578,3,0.0,0.518,0.0
u_4196,0.011159542531872825,3,0.0,0.07,0.0
u_4197,0.0010296971306385438,3,0.0,0.006,0.0
u_4198,0.0017033500381195027,0,0.0,0.031,0.0
u_4199,0.12253247795863188,0,0.0,0.787,0.0
u_4200,0.0006896700663866958,43,0.0,0.006,0.0
u_4201,0.04273014016464059,7,0.0,0.787,0.0
u_4202,0.031029352555503913,7,0.0,0.293,0.0
u_4203,0.08424276412258071,51,0.0,0.787,0.0
u_4204,0.06732540378355535,22,0.0,0.413,0.0
u_4205,0.12315965390949656,40,0.0,0.787,0.0
u_4206,8.23414202630548e-05,25,0.0,0.001,0.0
u_4207,0.0003862422873307839,22,0.0,0.004,0.0
u_4208,0.0011223177639540095,15,0.0,0.011,0.0
u_4209,0.0027812220745591825,37,0.0,0.025,0.0
u_4210,0.022841695320044573,25,0.0,0.136,0.0
u_4211,0.0014171500600600102,13,0.0,0.013,0.0
u_4212,0.09116279782038127,59,0.0,0.787,0.0
u_4213,0.003259526910377922,38,0.0,0.028,0.0
u_4214,0.019151264195221576,8,0.0,0.09,0.0
u_4215,0.016692932205846046,39,0.0,0.078,0.0
u_4216,0.00041126159327177075,14,0.0,0.003,0.0
u_4217,0.05887164726458093,19,0.0,0.357,0.0
u_4218,0.0,-1,0.0,,
u_4219,0.03309825078526862,36,0.0,0.156,0.0
u_4220,0.047017428650175164,45,0.0,0.435,0.0
u_4221,0.07272807957289183,31,0.0,0.449,0.0
u_4222,0.10351684446555946,6,0.0,0.976,0.0
u_4223,0.0003584589377619794,14,0.0,0.003,0.0
u_4224,0.0005979450335699863,2,0.0,0.004,0.0
u_4225,0.0427119702059497,16,0.0,0.787,0.0
u_4226,0.08533426517525393,16,0.0,0.787,0.0
u_4227,0.09246932364735447,16,0.0,0.865,0.0
u_4228,0.00040558567212111926,30,0.0,0.004,0.0
u_4229,0.02543777754334618,40,0.0,0.159,0.0
u_4230,0.08678507557116516,56,0.0,0.787,0.0
u_4231,0.007706534818486776,1,0.0,0.066,0.0
u_4232,0.18110068357341816,47,0.0,0.696,0.0
u_4233,0.0003460961929511226,43,0.0,0.003,0.0
u_4234,0.030919884374778574,0,0.0,0.185,0.0
u_4235,0.03751038572003176,36,0.0,0.238,0.0
u_4236,0.10001324016725831,11,0.0,0.61,0.0
u_4237,0.011338528549836496,7,0.0,0.071,0.0
u_4238,0.044952982671928675,33,0.0,0.787,0.0
u_4239,0.0002871015639659711,22,0.0,0.003,0.0
u_4240,0.00012528465492642765,36,0.0,0.001,0.0
u_4241,0.0075783040524503315,3,0.0,0.066,0.0
u_4242,0.0,-1,0.0,,
u_4243,0.12679062039588473,43,0.0,0.787,0.0
u_4244,0.00017463858460655272,35,0.0,0.002,0.0
u_4245,0.03260136586036602,33,0.0,0.313,0.0
u_4246,0.0035447698409636352,14,0.0,0.016,0.0
u_4247,0.0,-1,0.0,,
u_4248,0.014771809952763202,38,0.0,0.125,0.0
u_4249,0.04293190140926923,6,0.0,0.787,0.0
u_4250,0.00023659426369723052,29,0.0,0.002,0.0
u_4251,0.11347928104733915,68,0.0,0.514,0.0
u_4252,0.0005839697934222188,31,0.0,0.004,0.0
u_4253,0.001598121081447114,24,0.0,0.01,0.0
u_4254,0.00028188937367880677,1,0.0,0.005,0.0
u_4255,0.08270686579714082,7,0.0,0.787,0.0
u_4256,0.0,-1,0.0,,
u_4257,0.053067529067794245,44,0.0,0.787,0.0
u_4258,0.053341603001610144,10,0.0,0.335,0.0
u_4259,0.011032929671198679,43,0.0,0.068,0.0
u_4260,0.13029211963670775,43,0.0,0.787,0.0
u_4261,0.15681296849823673,57,0.0,0.967,0.0
u_4262,0.02003363038572364,43,0.0,0.125,0.0
u_4263,0.1266036173117434,1,0.0,0.787,0.0
u_4264,7.263375037399087e-05,25,0.0,0.001,0.0
u_4265,0.0,-1,0.0,,
u_4266,0.009298560770292907,40,0.0,0.053,0.0
u_4267,0.0648541508635005,32,0.0,0.293,0.0
u_4268,0.0026823579589943217,56,0.0,0.017,0.0
u_4269,0.12451557627141957,57,0.0,0.787,0.0
u_4270,0.03334601916720522,29,0.0,0.199,0.0
u_4271,0.0031729012502753366,38,0.0,0.029,0.0
u_4272,0.0008405634004477791,10,0.0,0.005,0.0
u_4273,0.000860021154809283,5,0.0,0.008,0.0
u_4274,0.0850819223331467,11,0.0,0.787,0.0
u_4275,8.969208451807579e-05,48,0.0,0.002,0.0
u_4276,0.008745628819275325,47,0.0,0.081,0.0
u_4277,0.04199733188865491,14,0.0,0.787,0.0
u_4278,0.12254117607711956,27,0.0,0.787,0.0
u_4279,0.028460156802161213,7,0.0,0.396,0.0
u_4280,0.0012976954441886205,18,0.0,0.008,0.0
u_4281,0.19242338354171049,10,0.0,0.787,0.0
u_4282,0.0005471276617820526,42,0.0,0.003,0.0
u_4283,0.0015180593715985373,53,0.0,0.013,0.0
u_4284,0.05260762095689082,40,0.0,0.232,0.0
u_4285,0.05492931668772623,14,0.0,0.353,0.0
u_4286,0.0002262500836292719,34,0.0,0.001,0.0
u_4287,0.20118913042926037,45,0.0,0.787,0.0
u_4288,0.09216478508516551,31,0.0,0.787,0.0
u_4289,0.00045176131560177774,43,0.0,0.003,0.0
u_4290,0.03895967810561582,2,0.0,0.356,0.0
u_4291,0.00288607782438129,34,0.0,0.013,0.0
u_4292,0.02654458387653584,16,0.0,0.237,0.0
u_4293,9.137601373494175e-05,39,0.0,0.001,0.0
u_4294,0.08365686805576059,38,0.0,0.787,0.0
u_4295,0.005565663888112467,32,0.0,0.035,0.0
u_4296,0.12940191892397335,63,0.0,0.787,0.0
u_4297,0.0003619507884230034,18,0.0,0.002,0.0
u_4298,0.0006356013172080789,38,0.0,0.004,0.0
u_4299,0.005095594204225134,7,0.0,0.031,0.0
u_4300,0.00804129626529603,0,0.0,0.074,0.0
u_4301,0.038655771523447104,3,0.0,0.364,0.0
u_4302,0.015181533299373879,33,0.0,0.143,0.0
u_4303,0.045415052751028646,66,0.0,0.787,0.0
u_4304,0.002811954366424092,7,0.0,0.027,0.0
u_4305,0.00044481932768358437,24,0.0,0.004,0.0
u_4306,0.04425671904148894,43,0.0,0.787,0.0
u_4307,0.008023023552358637,30,0.0,0.077,0.0
u_4308,0.009476699927354754,39,0.0,0.059,0.0
u_4309,0.04249298407312416,49,0.0,0.787,0.0
u_4310,0.0005113382026797556,54,0.0,0.008,0.0
u_4311,0.004001089541341962,19,0.0,0.038,0.0
u_4312,0.001372850546188743,16,0.0,0.008,0.0
u_4313,0.03264298610674003,16,0.0,0.185,0.0
u_4314,0.12302352489967464,50,0.0,0.787,0.0
u_4315,0.1265470297455542,30,0.0,0.795,0.0
u_4316,0.08434789643271258,27,0.0,0.787,0.0
u_4317,0.0,-1,0.0,,
u_4318,0.008118995014210003,43,0.0,0.066,0.0
u_4319,0.00019430892285100595,30,0.0,0.002,0.0
u_4320,0.09103076831311926,20,0.0,0.787,0.0
u_4321,0.0,-1,0.0,,
u_4322,0.001974012802155963,20,0.0,0.012,0.0
u_4323,0.04167663340481759,16,0.0,0.787,0.0
u_4324,0.0044931372000883915,47,0.0,0.027,0.0
u_4325,0.0006682800195394779,32,0.0,0.004,0.0
u_4326,0.00020765185642506392,26,0.0,0.002,0.0
u_4327,0.09798143008960761,14,0.0,0.787,0.0
u_4328,0.053264775438464,33,0.0,0.83,0.0
u_4329,0.12556312178816884,39,0.0,0.73,0.0
u_4330,0.0008126038462339389,46,0.0,0.007,0.0
u_4331,0.0041103643135316555,6,0.0,0.036,0.0
u_4332,0.022640700956836343,3,0.0,0.142,0.0
u_4333,0.08722857554893422,7,0.0,0.787,0.0
u_4334,0.012000871295386815,18,0.0,0.038,0.0
u_4335,0.004910997348663057,34,0.0,0.041,0.0
u_4336,0.01888311062218566,42,0.0,0.113,0.0
u_4337,0.05390629155373029,39,0.0,0.968,0.0
u_4338,0.049601196636182475,1,0.0,0.787,0.0
u_4339,0.06444830162262337,47,0.0,0.574,0.0
u_4340,0.024380521802222502,53,0.0,0.411,0.0
u_4341,0.01418731731996466,23,0.0,0.131,0.0
u_4342,0.004719999921974717,22,0.0,0.041,0.0
u_4343,0.0,-1,0.0,,
u_4344,0.0003687514472709333,51,0.0,0.003,0.0
u_4345,0.12719258614842766,30,0.0,0.787,0.0
u_4346,0.0,-1,0.0,,
u_4347,0.04296887766008208,25,0.0,0.787,0.0
u_4348,0.051593881141415526,1,0.0,0.479,0.0
u_4349,0.12537492987364138,43,0.0,0.787,0.0
u_4350,0.0012485812599173003,3,0.0,0.007,0.0
u_4351,0.016362499646274647,5,0.0,0.101,0.0
u_4352,0.0005414246019024223,53,0.0,0.005,0.0
u_4353,0.0023194906833476758,27,0.0,0.018,0.0
u_4354,0.0014823422448626122,40,0.0,0.023,0.0
u_4355,0.015958410382754952,19,0.0,0.098,0.0
u_4356,0.0007119021356315464,54,0.0,0.013,0.0
u_4357,0.006932897058333436,44,0.0,0.033,0.0
u_4358,0.02723913663550142,34,0.0,0.216,0.0
u_4359,0.002013014167066053,44,0.0,0.035,0.0
u_4360,0.0023158630229591208,2,0.0,0.021,0.0
u_4361,0.0009030472969076492,39,0.0,0.017,0.0
u_4362,0.04971749090083782,8,0.0,0.787,0.0
u_4363,0.0018286744948304095,36,0.0,0.012,0.0
u_4364,0.0,-1,0.0,,
u_4365,0.07526542476676477,43,0.0,0.453,0.0
u_4366,0.05462354302015114,26,0.0,0.2,0.0
u_4367,0.09726523386059638,27,0.0,0.787,0.0
u_4368,0.008707725114008764,42,0.0,0.08,0.0
u_4369,0.022031443572832477,42,0.0,0.103,0.0
u_4370,0.020169827173215586,40,0.0,0.093,0.0
u_4371,0.05254889099287926,0,0.0,0.247,0.0
u_4372,0.01749806991804687,8,0.0,0.15,0.0
u_4373,0.004642358296840103,27,0.0,0.041,0.0
u_4374,0.00010865228006698084,45,0.0,0.002,0.0
u_4375,0.0776170900521945,26,0.0,0.684,0.0
u_4376,0.08584831120042964,26,0.0,0.787,0.0
u_4377,0.015174055458115265,32,0.0,0.089,0.0
u_4378,0.04457746860204929,50,0.0,0.787,0.0
u_4379,0.0,-1,0.0,,
u_4380,0.04704555355804581,17,0.0,0.212,0.0
u_4381,0.08266886258958075,59,0.0,0.787,0.0
u_4382,0.03802468561815563,7,0.0,0.242,0.0
u_4383,0.011580358077952935,27,0.0,0.107,0.0
u_4384,0.00031958046288908673,14,0.0,0.003,0.0
u_4385,0.004036693074943221,3,0.0,0.035,0.0
u_4386,0.00689642604542365,3,0.0,0.044,0.0
u_4387,0.014640141401916995,3,0.0,0.139,0.0
u_4388,0.0013526983136977293,29,0.0,0.008,0.0
u_4389,0.0005230578138116996,53,0.0,0.003,0.0
u_4390,0.04091614528463513,11,0.0,0.252,0.0
u_4391,0.08381386364661403,5,0.0,0.388,0.0
u_4392,0.0010957225547673513,3,0.0,0.007,0.0
u_4393,0.16683286336750075,35,0.0,0.787,0.0
u_4394,0.04214292690235095,28,0.0,0.787,0.0
u_4395,0.009175571557597897,59,0.0,0.056,0.0
u_4396,0.08381198127296702,48,0.0,0.787,0.0
u_4397,0.0013843282537967295,8,0.0,0.009,0.0
u_4398,0.0003328886406715213,11,0.0,0.003,0.0
u_4399,0.22824801608168363,15,0.0,0.98,0.0
u_4400,0.001521246833618969,57,0.0,0.013,0.0
u_4401,0.12415419458129236,11,0.0,0.787,0.0
u_4402,0.0034544238680545747,16,0.0,0.033,0.0
u_4403,0.04300135166831538,1,0.0,0.787,0.0
u_4404,0.0009557923359270311,5,0.0,0.004,0.0
u_4405,0.0017996129523057333,24,0.0,0.015,0.0
u_4406,0.09138452321702313,22,0.0,0.787,0.0
u_4407,0.13220473584496098,38,0.0,0.787,0.0
u_4408,0.04092337661952995,3,0.0,0.661,0.0
u_4409,0.01799416218903736,32,0.0,0.108,0.0
u_4410,0.0014951801307802551,59,0.0,0.009,0.0
u_4411,0.05036872969782414,56,0.0,0.23,0.0
u_4412,0.017391784373094982,35,0.0,0.109,0.0
u_4413,0.15392226147488017,47,0.0,0.945,0.0
u_4414,0.0027396474616715972,19,0.0,0.023,0.0
u_4415,0.0828142227851936,13,0.0,0.393,0.0
u_4416,0.09043450648161494,29,0.0,0.578,0.0
u_4417,0.14562790859370098,3,0.0,0.875,0.0
u_4418,0.08627668098674471,19,0.0,0.537,0.0
u_4419,0.12353727957877188,16,0.0,0.787,0.0
u_4420,0.0551691096653674,46,0.0,0.503,0.0
u_4421,0.08883272282017084,30,0.0,0.787,0.0
u_4422,0.0001232012554052788,55,0.0,0.002,0.0
u_4423,0.00031385698354830714,56,0.0,0.003,0.0
u_4424,0.0011034889822063817,43,0.0,0.005,0.0
u_4425,0.0,-1,0.0,,
u_4426,0.000384850366687744,33,0.0,0.002,0.0
u_4427,0.0038417498884785435,53,0.0,0.024,0.0
u_4428,0.08210820475885808,12,0.0,0.787,0.0
u_4429,0.0018584544181785689,62,0.0,0.01,0.0
u_4430,0.048905156046012935,13,0.0,0.787,0.0
u_4431,0.00288840339304887,6,0.0,0.025,0.0
u_4432,0.05909227636734563,13,0.0,0.516,0.0
u_4433,0.0005262956167637824,18,0.0,0.005,0.0
u_4434,0.014164865847101808,22,0.0,0.131,0.0
u_4435,0.00014534029262913096,6,0.0,0.001,0.0
u_4436,0.08740681244354927,23,0.0,0.787,0.0
u_4437,0.05673689061061284,47,0.0,0.51,0.0
u_4438,0.01594237312044606,44,0.0,0.077,0.0
u_4439,0.04484218920834411,29,0.0,0.787,0.0
u_4440,0.07876081240280422,30,0.0,0.751,0.0
u_4441,0.09147937523976814,59,0.0,0.792,0.0
u_4442,0.05345446574873227,33,0.0,0.513,0.0
u_4443,0.0007210674500943892,43,0.0,0.013,0.0
u_4444,0.018140704645281325,22,0.0,0.108,0.0
u_4445,0.002947168508477999,11,0.0,0.027,0.0
u_4446,0.011783185548268977,47,0.0,0.092,0.0
u_4447,0.08293452813210618,15,0.0,0.787,0.0
u_4448,0.0005959612782167703,12,0.0,0.005,0.0
u_4449,0.045370641579068664,10,0.0,0.787,0.0
u_4450,0.005854067825821459,33,0.0,0.037,0.0
u_4451,0.0031096541519210594,32,0.0,0.019,0.0
u_4452,0.0003946246898771402,32,0.0,0.004,0.0
u_4453,0.14372280908375365,3,0.0,0.917,0.0
u_4454,0.010159956166493737,33,0.0,0.066,0.0
u_4455,0.10637932723373256,6,0.0,0.939,0.0
u_4456,0.08576125760289446,66,0.0,0.787,0.0
u_4457,0.16180566570746346,24,0.0,0.988,0.0
u_4458,0.12465105619440939,44,0.0,0.787,0.0
u_4459,0.010242397779699193,39,0.0,0.094,0.0
u_4460,0.0006595781706097584,7,0.0,0.003,0.0
u_4461,0.021029751862303825,27,0.0,0.092,0.0
u_4462,0.01623947581592017,31,0.0,0.098,0.0
u_4463,0.06510480833810331,48,0.0,0.291,0.0
u_4464,0.011564131519874569,53,0.0,0.067,0.0
u_4465,0.11891680266159131,26,0.0,0.694,0.0
u_4466,0.008628537748023805,31,0.0,0.08,0.0
u_4467,0.054951485608263205,52,0.0,0.787,0.0
u_4468,0.0003704168772998627,43,0.0,0.002,0.0
u_4469,0.00487032786040848,35,0.0,0.04,0.0
u_4470,0.047988890965731806,0,0.0,0.787,0.0
u_4471,0.0049807615779260146,5,0.0,0.044,0.0
u_4472,0.009703529162292838,0,0.0,0.09,0.0
u_4473,0.0007884480751948388,32,0.0,0.007,0.0
u_4474,0.0002185546769559406,13,0.0,0.001,0.0
u_4475,0.000530830061772252,53,0.0,0.004,0.0
u_4476,0.01016666603628529,46,0.0,0.057,0.0
u_4477,0.003457159244794653,47,0.0,0.056,0.0
u_4478,0.13191508864499152,50,0.0,0.787,0.0
u_4479,0.04916798338459139,35,0.0,0.315,0.0
u_4480,0.04278899009847719,58,0.0,0.787,0.0
u_4481,0.0016520652871554002,7,0.0,0.008,0.0
u_4482,0.05994378841339691,55,0.0,0.529,0.0
u_4483,0.006133992368376648,51,0.0,0.047,0.0
u_4484,0.0,-1,0.0,,
u_4485,0.021920531218738555,44,0.0,0.129,0.0
u_4486,0.00037689234124288934,6,0.0,0.003,0.0
u_4487,0.028034440161544577,45,0.0,0.267,0.0
u_4488,0.020480678048588833,25,0.0,0.12,0.0
u_4489,0.00035774708254579887,44,0.0,0.003,0.0
u_4490,0.000389321003171168,14,0.0,0.002,0.0
u_4491,0.00045776577717082076,11,0.0,0.004,0.0
u_4492,0.014482765383804098,16,0.0,0.068,0.0
u_4493,0.08406211044158242,7,0.0,0.787,0.0
u_4494,0.00207395257466202,19,0.0,0.019,0.0
u_4495,0.009318909526443648,55,0.0,0.056,0.0
u_4496,0.12439590658469803,33,0.0,0.774,0.0
u_4497,0.13067412736410072,32,0.0,0.787,0.0
u_4498,0.04251541152507207,14,0.0,0.787,0.0
u_4499,0.018488484681993538,34,0.0,0.174,0.0
u_4500,0.0972197307115859,68,0.0,0.787,0.0
u_4501,0.00018464351816283928,39,0.0,0.001,0.0
u_4502,0.0009232743305089197,55,0.0,0.006,0.0
u_4503,0.0,-1,0.0,,
u_4504,0.005020964698168631,14,0.0,0.047,0.0
u_4505,0.0,-1,0.0,,
u_4506,0.030619769885949506,44,0.0,0.194,0.0
u_4507,0.0006501324393600657,18,0.0,0.011,0.0
u_4508,0.08222666434493794,19,0.0,0.787,0.0
u_4509,0.02283883018493247,8,0.0,0.141,0.0
u_4510,0.000540665446241512,17,0.0,0.003,0.0
u_4511,0.026307639578491443,43,0.0,0.162,0.0
u_4512,0.0038762403258139925,23,0.0,0.024,0.0
u_4513,0.0008127388168899499,21,0.0,0.007,0.0
u_4514,0.0,-1,0.0,,
u_4515,8.172639386746197e-05,33,0.0,0.001,0.0
u_4516,0.0,-1,0.0,,
u_4517,0.0466818302636293,14,0.0,0.787,0.0
u_4518,8.802272829308719e-05,14,0.0,0.001,0.0
u_4519,0.0668192156599317,31,0.0,0.621,0.0
u_4520,0.041972588102799475,17,0.0,0.787,0.0
u_4521,0.000547612384089794,5,0.0,0.009,0.0
u_4522,0.08252021008268293,1,0.0,0.787,0.0
u_4523,0.0922560257465307,31,0.0,0.787,0.0
u_4524,0.052971447017190185,43,0.0,0.328,0.0
u_4525,0.0014838625087810764,0,0.0,0.009,0.0
u_4526,0.062154115779844366,3,0.0,0.397,0.0
u_4527,0.047327889577336205,43,0.0,0.387,0.0
u_4528,0.0026443869268238432,26,0.0,0.026,0.0
u_4529,0.089043303551901,30,0.0,0.787,0.0
u_4530,6.14200268198728e-05,50,0.0,0.001,0.0
u_4531,0.024915339372023827,50,0.0,0.11,0.0
u_4532,0.012184513607479438,45,0.0,0.065,0.0
u_4533,0.008660267571760877,19,0.0,0.079,0.0
u_4534,0.09039204450587568,6,0.0,0.787,0.0
u_4535,0.00032246746655843636,7,0.0,0.003,0.0
u_4536,0.001445266744525886,37,0.0,0.022,0.0
u_4537,0.07186489315599409,15,0.0,0.436,0.0
u_4538,0.08258401783161039,60,0.0,0.787,0.0
u_4539,0.08407368393618321,25,0.0,0.787,0.0
u_4540,0.007337727106690868,60,0.0,0.067,0.0
u_4541,0.20299142136655787,44,0.0,0.915,0.0
u_4542,0.09045945937145297,51,0.0,0.787,0.0
u_4543,0.13146313666025064,6,0.0,0.792,0.0
u_4544,0.08785181897458486,6,0.0,0.784,0.0
u_4545,0.12677203247666538,26,0.0,0.787,0.0
u_4546,0.001196768234467677,37,0.0,0.011,0.0
u_4547,0.1353118814723433,3,0.0,0.815,0.0
u_4548,0.00016578340952472362,42,0.0,0.001,0.0
u_4549,0.001029431789649441,19,0.0,0.006,0.0
u_4550,0.04578237677885265,24,0.0,0.787,0.0
u_4551,0.043140039697704205,57,0.0,0.787,0.0
u_4552,0.0,-1,0.0,,
u_4553,0.010003778287542425,54,0.0,0.058,0.0
u_4554,0.16529134018193173,46,0.0,0.787,0.0
u_4555,0.009982823715603682,32,0.0,0.18,0.0
u_4556,0.035698753476461946,16,0.0,0.332,0.0
u_4557,0.14943529091629582,43,0.0,0.861,0.0
u_4558,0.08243566719116754,42,0.0,0.762,0.0
u_4559,0.03509005469383448,2,0.0,0.311,0.0
u_4560,0.043804066897217914,17,0.0,0.787,0.0
u_4561,0.022230541729144203,32,0.0,0.192,0.0
u_4562,0.004240510657167677,16,0.0,0.073,0.0
u_4563,0.0006006993056705379,34,0.0,0.01,0.0
u_4564,0.001303206199919616,35,0.0,0.012,0.0
u_4565,0.0,-1,0.0,,
u_4566,0.1737976478793802,7,0.0,0.76,0.0
u_4567,0.15310508380399657,7,0.0,0.908,0.0
u_4568,0.007828149345701647,17,0.0,0.061,0.0
u_4569,0.13225755204881232,33,0.0,0.787,0.0
u_4570,0.005842182154771121,18,0.0,0.033,0.0
u_4571,0.08126563628965834,29,0.0,0.787,0.0
u_4572,0.011156222008978041,42,0.0,0.1,0.0
u_4573,0.08809424238848211,49,0.0,0.819,0.0
u_4574,0.026814528273570136,45,0.0,0.164,0.0
u_4575,0.006265163793760163,19,0.0,0.059,0.0
u_4576,0.09202940114203476,34,0.0,0.787,0.0
u_4577,0.16321289155458552,0,0.0,0.749,0.0
u_4578,0.021072367621814178,53,0.0,0.12,0.0
u_4579,0.012981179353856735,17,0.0,0.076,0.0
u_4580,0.0006684704355837473,34,0.0,0.011,0.0
u_4581,0.1329714715092646,1,0.0,0.787,0.0
u_4582,0.006872390200753471,28,0.0,0.117,0.0
u_4583,0.0003900264283233114,31,0.0,0.002,0.0
u_4584,0.04460397515886636,17,0.0,0.787,0.0
u_4585,0.07400860105067417,42,0.0,0.644,0.0
u_4586,0.09269913455006909,25,0.0,0.787,0.0
u_4587,0.022717999980309777,23,0.0,0.144,0.0
u_4588,0.08597998122570658,45,0.0,0.787,0.0
u_4589,0.00037147257014117453,23,0.0,0.001,0.0
u_4590,0.009419098526166089,51,0.0,0.058,0.0
u_4591,0.010547423470251482,10,0.0,0.099,0.0
u_4592,0.019468729547112422,27,0.0,0.106,0.0
u_4593,0.013896474289468995,1,0.0,0.119,0.0
u_4594,0.10437457188654627,6,0.0,0.968,0.0
u_4595,0.03783283181504926,13,0.0,0.234,0.0
u_4596,0.034090174490945896,55,0.0,0.212,0.0
u_4597,0.05959869074203067,45,0.0,0.481,0.0
u_4598,0.08385977597866184,37,0.0,0.787,0.0
u_4599,0.002783599196161689,62,0.0,0.015,0.0
u_4600,0.13552716768845255,48,0.0,0.787,0.0
u_4601,0.04960406624013684,3,0.0,0.787,0.0
u_4602,0.013882183552046156,63,0.0,0.258,0.0
u_4603,0.0011256295847082108,6,0.0,0.021,0.0
u_4604,0.05567504363366559,45,0.0,0.337,0.0
u_4605,0.0838958537178278,33,0.0,0.787,0.0
u_4606,0.041713661428188296,12,0.0,0.382,0.0
u_4607,0.0004952784540893067,30,0.0,0.004,0.0
u_4608,0.09675415378063713,53,0.0,0.787,0.0
u_4609,0.05772387812139587,18,0.0,0.543,0.0
u_4610,0.0,-1,0.0,,
u_4611,0.0010670934158076666,44,0.0,0.016,0.0
u_4612,0.17530181774348094,43,0.0,0.787,0.0
u_4613,0.08041443088934835,34,0.0,0.759,0.0
u_4614,0.001906992259494304,39,0.0,0.018,0.0
u_4615,0.0008275177937712725,10,0.0,0.007,0.0
u_4616,0.0024552921204056273,65,0.0,0.014,0.0
u_4617,0.08647597859239231,34,0.0,0.787,0.0
u_4618,0.0,-1,0.0,,
u_4619,0.042945049275324,40,0.0,0.787,0.0
u_4620,0.0002796870588646667,11,0.0,0.002,0.0
u_4621,0.036981579442388765,31,0.0,0.341,0.0
u_4622,0.0004784126488390667,59,0.0,0.008,0.0
u_4623,0.00040437321470593454,30,0.0,0.003,0.0
u_4624,0.00019882741249412176,22,0.0,0.001,0.0
u_4625,0.04194408377670865,25,0.0,0.787,0.0
u_4626,0.14844535728805203,7,0.0,0.892,0.0
u_4627,0.0,-1,0.0,,
u_4628,0.0244498356267954,12,0.0,0.095,0.0
u_4629,0.00011767862405767996,18,0.0,0.001,0.0
u_4630,0.030012501017961556,13,0.0,0.448,0.0
u_4631,0.08181859698620189,32,0.0,0.501,0.0
u_4632,0.01033477927796533,66,0.0,0.191,0.0
u_4633,0.0004035462261132399,46,0.0,0.004,0.0
u_4634,0.006271515902871468,13,0.0,0.055,0.0
u_4635,0.08775370498958085,2,0.0,0.809,0.0
u_4636,0.014275038872718372,43,0.0,0.125,0.0
u_4637,0.002107349368403139,23,0.0,0.02,0.0
u_4638,0.13165668768446315,34,0.0,0.787,0.0
u_4639,0.0001693311086167244,15,0.0,0.001,0.0
u_4640,0.0005627667999495333,36,0.0,0.01,0.0
u_4641,0.034398753995841115,35,0.0,0.205,0.0
u_4642,0.054997447204126894,39,0.0,0.346,0.0
u_4643,0.00039069976546830245,49,0.0,0.002,0.0
u_4644,0.0007730772284769943,45,0.0,0.007,0.0
u_4645,0.011981010312903499,6,0.0,0.072,0.0
u_4646,0.006776456691901594,43,0.0,0.041,0.0
u_4647,0.08304629910506979,18,0.0,0.787,0.0
u_4648,0.07965878061711432,11,0.0,0.51,0.0
u_4649,0.010954114678793344,34,0.0,0.069,0.0
u_4650,0.003458426537613415,16,0.0,0.016,0.0
u_4651,0.0220667453957837,3,0.0,0.134,0.0
u_4652,0.0007696308504902474,42,0.0,0.005,0.0
u_4653,0.0416763186689511,3,0.0,0.787,0.0
u_4654,0.016854422037976123,29,0.0,0.163,0.0
u_4655,0.010693054297286711,27,0.0,0.049,0.0
u_4656,0.009428726979715484,27,0.0,0.083,0.0
u_4657,0.0002652818469163073,66,0.0,0.002,0.0
u_4658,0.08557221769087948,47,0.0,0.787,0.0
u_4659,0.009704196956582447,18,0.0,0.083,0.0
u_4660,0.0031213382572241773,1,0.0,0.056,0.0
u_4661,0.04050106574431934,11,0.0,0.255,0.0
u_4662,0.12754699353499102,35,0.0,0.787,0.0
u_4663,0.03578485781513555,0,0.0,0.311,0.0
u_4664,0.0005245289872872272,14,0.0,0.005,0.0
u_4665,0.085036207561101,5,0.0,0.787,0.0
u_4666,0.18094975444584457,34,0.0,0.85,0.0
u_4667,0.005623808397071284,45,0.0,0.051,0.0
u_4668,0.049912630221940084,49,0.0,0.465,0.0
u_4669,0.0007635755865439481,16,0.0,0.007,0.0
u_4670,0.016331288612076993,14,0.0,0.146,0.0
u_4671,0.025921090863668037,6,0.0,0.156,0.0
u_4672,0.12435027276957705,6,0.0,0.787,0.0
u_4673,0.05008508503566854,8,0.0,0.461,0.0
u_4674,0.018117022529136648,41,0.0,0.259,0.0
u_4675,0.0022420628117923126,50,0.0,0.019,0.0
u_4676,0.010318744827324228,34,0.0,0.093,0.0
u_4677,0.0003429762199195554,23,0.0,0.002,0.0
u_4678,0.039005533013598354,49,0.0,0.349,0.0
u_4679,0.16571008346019833,44,0.0,0.787,0.0
u_4680,0.07955808058051596,14,0.0,0.709,0.0
u_4681,0.0006780701897563645,2,0.0,0.006,0.0
u_4682,0.04704805360702904,21,0.0,0.787,0.0
u_4683,0.15842375935225705,34,0.0,0.751,0.0
u_4684,0.08330790552846924,27,0.0,0.787,0.0
u_4685,0.0009683218179378268,35,0.0,0.006,0.0
u_4686,0.0446035462500726,42,0.0,0.787,0.0
u_4687,0.012114455662600736,24,0.0,0.221,0.0
u_4688,0.002028123245395972,39,0.0,0.013,0.0
u_4689,0.0019370422037863907,51,0.0,0.012,0.0
u_4690,0.00014873038395981058,18,0.0,0.003,0.0
u_4691,0.08721484873626983,58,0.0,0.787,0.0
u_4692,0.12776811164187846,40,0.0,0.787,0.0
u_4693,0.05877450452469243,24,0.0,0.543,0.0
u_4694,0.01718541985252133,2,0.0,0.105,0.0
u_4695,0.0047485929166013775,69,0.0,0.068,0.0
u_4696,0.004099043352932607,32,0.0,0.026,0.0
u_4697,0.0036703554079031836,15,0.0,0.023,0.0
u_4698,0.0230876377486981,33,0.0,0.109,0.0
u_4699,0.091027973846066,7,0.0,0.787,0.0
u_4700,0.000943841048020784,40,0.0,0.017,0.0
u_4701,0.0023845094673703806,2,0.0,0.014,0.0
u_4702,0.11293513207218377,16,0.0,0.658,0.0
u_4703,0.00899226285070808,53,0.0,0.156,0.0
u_4704,0.004253347320835429,3,0.0,0.02,0.0
u_4705,0.0002097863385291842,49,0.0,0.002,0.0
u_4706,0.01295895561450707,17,0.0,0.078,0.0
u_4707,0.04364834729092335,44,0.0,0.787,0.0
u_4708,0.005975861264845491,19,0.0,0.028,0.0
u_4709,0.010093260158571435,36,0.0,0.188,0.0
u_4710,0.0007815887758675315,18,0.0,0.003,0.0
u_4711,0.13945650153561417,65,0.0,0.657,0.0
u_4712,0.0956686341213829,16,0.0,0.787,0.0
u_4713,0.07224471444701339,18,0.0,0.458,0.0
u_4714,0.062354000791299075,43,0.0,0.592,0.0
u_4715,0.09463578671811526,32,0.0,0.787,0.0
u_4716,0.0,-1,0.0,,
u_4717,0.13024791333283028,42,0.0,0.787,0.0
u_4718,0.0909085336956963,54,0.0,0.872,0.0
u_4719,0.0003524439545023829,31,0.0,0.003,0.0
u_4720,0.012684217574907019,25,0.0,0.078,0.0
u_4721,0.08793821245616396,8,0.0,0.787,0.0
u_4722,0.00037206688069831283,31,0.0,0.002,0.0
u_4723,0.03978947585861769,7,0.0,0.735,0.0
u_4724,0.012957555348623084,49,0.0,0.076,0.0
u_4725,0.005058544705312784,22,0.0,0.049,0.0
u_4726,0.09517540727259644,12,0.0,0.787,0.0
u_4727,0.0812042496814015,34,0.0,0.787,0.0
u_4728,0.021976712008294017,26,0.0,0.101,0.0
u_4729,0.012495898763504059,57,0.0,0.077,0.0
u_4730,0.010248515768449758,44,0.0,0.087,0.0
u_4731,0.04813996816359807,19,0.0,0.787,0.0
u_4732,0.0014306837589439499,32,0.0,0.009,0.0
u_4733,0.08272453281225381,50,0.0,0.787,0.0
u_4734,0.06552739223259452,13,0.0,0.603,0.0
u_4735,0.0007389567014615886,46,0.0,0.003,0.0
u_4736,0.007948022493942972,32,0.0,0.049,0.0
u_4737,0.02748040201188341,26,0.0,0.25,0.0
u_4738,0.04954233150066029,16,0.0,0.787,0.0
u_4739,0.001025688407719792,16,0.0,0.01,0.0
u_4740,0.023608678633797002,66,0.0,0.138,0.0
u_4741,0.0006616045288606762,6,0.0,0.006,0.0
u_4742,0.03311592731775442,43,0.0,0.297,0.0
u_4743,0.032492806625682276,51,0.0,0.153,0.0
u_4744,0.0022200328817098026,5,0.0,0.018,0.0
u_4745,0.04896695003898974,34,0.0,0.293,0.0
u_4746,0.0006549282204316717,32,0.0,0.006,0.0
u_4747,0.00017195807990369046,13,0.0,0.001,0.0
u_4748,0.008715618518888097,43,0.0,0.042,0.0
u_4749,0.04503089626595832,55,0.0,0.392,0.0
u_4750,0.044521003019902965,17,0.0,0.787,0.0
u_4751,0.02858751501344891,46,0.0,0.182,0.0
u_4752,0.1158552268807988,40,0.0,0.519,0.0
u_4753,0.12620748036942295,0,0.0,0.787,0.0
u_4754,0.07549653470839215,16,0.0,0.461,0.0
u_4755,0.0001079893312010783,42,0.0,0.001,0.0
u_4756,0.12428558139299122,15,0.0,0.591,0.0
u_4757,0.008617713260837935,43,0.0,0.157,0.0
u_4758,0.02376965285229784,23,0.0,0.142,0.0
u_4759,0.043408108495497914,33,0.0,0.787,0.0
u_4760,0.05023439483762059,13,0.0,0.787,0.0
u_4761,0.01853308714473872,65,0.0,0.162,0.0
u_4762,0.010803464067529913,62,0.0,0.067,0.0
u_4763,0.12221266399111247,1,0.0,0.787,0.0
u_4764,0.09168802698973189,40,0.0,0.787,0.0
u_4765,0.0677727461925415,63,0.0,0.612,0.0
u_4766,0.015169075080099426,36,0.0,0.121,0.0
u_4767,0.16707510586400906,49,0.0,0.787,0.0
u_4768,0.0005562908898498649,47,0.0,0.005,0.0
u_4769,0.004079735659269972,12,0.0,0.025,0.0
u_4770,0.006010498828811367,3,0.0,0.056,0.0
u_4771,0.042780431883133324,14,0.0,0.787,0.0
u_4772,0.051745025333186916,12,0.0,0.483,0.0
u_4773,0.057714310123679974,5,0.0,0.348,0.0
u_4774,0.00276369573086012,7,0.0,0.018,0.0
u_4775,0.0007972978675416629,26,0.0,0.007,0.0
u_4776,0.0441683160078391,16,0.0,0.787,0.0
u_4777,0.08564643110832973,16,0.0,0.774,0.0
u_4778,0.15353867761335183,56,0.0,0.687,0.0
u_4779,0.12487733773425191,64,0.0,0.787,0.0
u_4780,0.004716859878932715,2,0.0,0.028,0.0
u_4781,0.13283087695404253,19,0.0,0.787,0.0
u_4782,0.12510385272966326,39,0.0,0.787,0.0
u_4783,0.061225425969773574,25,0.0,0.388,0.0
u_4784,0.0013733803379173811,3,0.0,0.025,0.0
u_4785,0.10027021462253492,17,0.0,0.906,0.0
u_4786,0.0019728035539156746,31,0.0,0.012,0.0
u_4787,0.0033482829154573668,30,0.0,0.031,0.0
u_4788,0.20454926788631325,13,0.0,0.787,0.0
u_4789,0.04228594449368062,7,0.0,0.787,0.0
u_4790,0.0075862616148187215,50,0.0,0.028,0.0
u_4791,0.0005880184734881016,34,0.0,0.004,0.0
u_4792,0.042238470032381126,27,0.0,0.787,0.0
u_4793,0.12724294929245794,7,0.0,0.787,0.0
u_4794,0.09954149152231313,2,0.0,0.827,0.0
u_4795,0.004879380673836547,7,0.0,0.044,0.0
u_4796,0.08507948734481373,30,0.0,0.787,0.0
u_4797,0.0174523663167782,14,0.0,0.158,0.0
u_4798,0.04277912999795912,60,0.0,0.787,0.0
u_4799,0.046219971735704246,14,0.0,0.787,0.0
u_4800,0.11877211732971164,60,0.0,0.722,0.0
u_4801,0.00038195760035828017,65,0.0,0.002,0.0
u_4802,0.04264475176226752,38,0.0,0.787,0.0
u_4803,0.00627494147526452,12,0.0,0.056,0.0
u_4804,0.0026972310431372867,43,0.0,0.04,0.0
u_4805,0.0024065550935556176,43,0.0,0.045,0.0
u_4806,0.00041813327194082473,42,0.0,0.007,0.0
u_4807,0.002320304750643297,43,0.0,0.02,0.0
u_4808,0.014343202118238111,30,0.0,0.087,0.0
u_4809,0.001147733550190838,62,0.0,0.01,0.0
u_4810,0.09088739156164233,11,0.0,0.787,0.0
u_4811,0.006555953038701388,35,0.0,0.062,0.0
u_4812,0.04307753633483786,13,0.0,0.787,0.0
u_4813,0.17069453509512364,57,0.0,0.979,0.0
u_4814,0.0012792555719953987,53,0.0,0.008,0.0
u_4815,0.0160844599440293,60,0.0,0.148,0.0
u_4816,0.00015866661342466888,14,0.0,0.002,0.0
u_4817,0.04709951679273463,68,0.0,0.433,0.0
u_4818,0.008033862633092154,31,0.0,0.07,0.0
u_4819,0.023094793645520258,12,0.0,0.259,0.0
u_4820,0.02265201706992717,14,0.0,0.203,0.0
u_4821,0.12379607396169544,16,0.0,0.787,0.0
u_4822,0.008094021763464696,33,0.0,0.077,0.0
u_4823,0.0,-1,0.0,,
u_4824,0.0,-1,0.0,,
u_4825,0.037750720916942655,26,0.0,0.33,0.0
u_4826,0.08819340762643003,7,0.0,0.787,0.0
u_4827,0.011970126430191153,44,0.0,0.114,0.0
u_4828,0.00040224885130159314,7,0.0,0.004,0.0
u_4829,0.04167682501508319,36,0.0,0.787,0.0
u_4830,0.0016035068056018174,13,0.0,0.027,0.0
u_4831,0.04602022296856791,18,0.0,0.27,0.0
u_4832,0.014005355207339042,3,0.0,0.127,0.0
u_4833,0.1268859636503655,33,0.0,0.787,0.0
u_4834,0.06325762677503326,34,0.0,0.532,0.0
u_4835,0.0002653815397027358,3,0.0,0.002,0.0
u_4836,7.924075034278092e-05,17,0.0,0.001,0.0
u_4837,0.04224030962919461,39,0.0,0.787,0.0
u_4838,0.08189467036115762,15,0.0,0.787,0.0
u_4839,0.025387246391787906,33,0.0,0.217,0.0
u_4840,0.008505907704202677,3,0.0,0.149,0.0
u_4841,0.0,-1,0.0,,
u_4842,0.0,-1,0.0,,
u_4843,0.00455981086869795,16,0.0,0.035,0.0
u_4844,0.005832435754201151,38,0.0,0.034,0.0
u_4845,0.051443873532695715,1,0.0,0.787,0.0
u_4846,0.12937782851098126,25,0.0,0.787,0.0
u_4847,0.0011474241384903838,42,0.0,0.01,0.0
u_4848,0.00017324028366368804,47,0.0,0.003,0.0
u_4849,0.12429139098915248,32,0.0,0.787,0.0
u_4850,0.08862909682066762,30,0.0,0.787,0.0
u_4851,0.07001172177762159,19,0.0,0.617,0.0
u_4852,0.08452480725995636,58,0.0,0.787,0.0
u_4853,0.001582055429113875,43,0.0,0.014,0.0
u_4854,0.012644185842548415,48,0.0,0.116,0.0
u_4855,0.0459706045427964,12,0.0,0.787,0.0
u_4856,0.0006678407210356369,13,0.0,0.004,0.0
u_4857,0.055315268813698255,28,0.0,0.345,0.0
u_4858,0.000259607587818369,20,0.0,0.002,0.0
u_4859,0.03714699878197317,14,0.0,0.351,0.0
u_4860,0.08426330249606423,0,0.0,0.787,0.0
u_4861,0.0008297140530958045,34,0.0,0.005,0.0
u_4862,0.13225668232341223,16,0.0,0.787,0.0
u_4863,0.13276325545221374,2,0.0,0.787,0.0
u_4864,0.044015475549766876,16,0.0,0.787,0.0
u_4865,0.08548641896303824,0,0.0,0.499,0.0
u_4866,0.0011509443853564248,36,0.0,0.011,0.0
u_4867,0.04397098183382088,33,0.0,0.787,0.0
u_4868,0.1383309939446468,30,0.0,0.787,0.0
u_4869,0.09060903321826681,16,0.0,0.832,0.0
u_4870,0.12228411884636424,57,0.0,0.787,0.0
u_4871,0.08663353326791594,16,0.0,0.787,0.0
u_4872,0.08540143088411929,5,0.0,0.787,0.0
u_4873,0.0007195704378615347,12,0.0,0.006,0.0
u_4874,0.008794061432726277,10,0.0,0.081,0.0
u_4875,0.0038513844067257154,32,0.0,0.037,0.0
u_4876,0.04743503790945603,22,0.0,0.787,0.0
u_4877,0.08417636333370375,15,0.0,0.787,0.0
u_4878,0.0001471538341513346,7,0.0,0.003,0.0
u_4879,0.02539526850702553,8,0.0,0.141,0.0
u_4880,0.03644362123086224,33,0.0,0.639,0.0
u_4881,0.009277472199097192,32,0.0,0.073,0.0
u_4882,0.0003493317076572056,28,0.0,0.003,0.0
u_4883,0.023501328388912272,16,0.0,0.139,0.0
u_4884,0.08371818472656962,3,0.0,0.787,0.0
u_4885,0.041405204508281786,23,0.0,0.364,0.0
u_4886,0.005005309324540917,53,0.0,0.048,0.0
u_4887,0.04909421303761312,35,0.0,0.787,0.0
u_4888,0.08399473592391703,16,0.0,0.793,0.0
u_4889,0.00405890748332928,39,0.0,0.025,0.0
u_4890,0.0037864293501242608,40,0.0,0.035,0.0
u_4891,0.09567131011352313,32,0.0,0.886,0.0
u_4892,0.1001085830392334,48,0.0,0.624,0.0
u_4893,0.05439885759573171,36,0.0,0.509,0.0
u_4894,0.0017357863995120647,3,0.0,0.029,0.0
u_4895,0.0023304940597964597,29,0.0,0.014,0.0
u_4896,0.0016673942545982008,3,0.0,0.03,0.0
u_4897,0.08480153977023096,59,0.0,0.787,0.0
u_4898,0.005752188972733227,36,0.0,0.035,0.0
u_4899,0.00039791257632228335,25,0.0,0.002,0.0
u_4900,0.02808223675223938,25,0.0,0.165,0.0
u_4901,0.0011040592700518141,25,0.0,0.01,0.0
u_4902,0.01793878836170029,63,0.0,0.166,0.0
u_4903,0.03593807681119929,18,0.0,0.307,0.0
u_4904,0.0,-1,0.0,,
u_4905,0.12269279945978268,18,0.0,0.787,0.0
u_4906,0.054066107329264236,15,0.0,0.334,0.0
u_4907,0.0007936732527211636,17,0.0,0.007,0.0
u_4908,0.11772057178617788,53,0.0,0.724,0.0
u_4909,0.014303463483782156,14,0.0,0.13,0.0
u_4910,0.08510635490356308,66,0.0,0.787,0.0
u_4911,0.151000078005604,39,0.0,0.787,0.0
u_4912,0.0005330847744322624,57,0.0,0.005,0.0
u_4913,0.09780881123408865,65,0.0,0.787,0.0
u_4914,0.043113435689250613,42,0.0,0.787,0.0
u_4915,0.04524633550130788,3,0.0,0.787,0.0
u_4916,0.0014942800715249335,11,0.0,0.028,0.0
u_4917,0.015973390639472305,65,0.0,0.101,0.0
u_4918,0.0006509971849783474,50,0.0,0.006,0.0
u_4919,0.09073382947370233,40,0.0,0.787,0.0
u_4920,0.0001519523400657493,33,0.0,0.001,0.0
u_4921,0.09087884556638705,50,0.0,0.787,0.0
u_4922,0.0035530203765261757,20,0.0,0.022,0.0
u_4923,0.003030766862695666,36,0.0,0.052,0.0
u_4924,0.0008814603469458342,33,0.0,0.005,0.0
u_4925,0.0005172528698696158,11,0.0,0.005,0.0
u_4926,0.0017307053033587454,16,0.0,0.016,0.0
u_4927,0.001347384499434057,55,0.0,0.024,0.0
u_4928,0.042263009824258006,43,0.0,0.263,0.0
u_4929,8.666056853940407e-05,39,0.0,0.001,0.0
u_4930,0.09731502367546321,6,0.0,0.785,0.0
u_4931,0.026952048250871944,2,0.0,0.251,0.0
u_4932,0.0954120351823835,42,0.0,0.868,0.0
u_4933,0.0,-1,0.0,,
u_4934,0.062109925130304805,45,0.0,0.585,0.0
u_4935,0.04505981367170593,43,0.0,0.787,0.0
u_4936,0.051679255103191914,19,0.0,0.474,0.0
u_4937,0.0013987475789866161,11,0.0,0.009,0.0
u_4938,0.1074307451028086,3,0.0,0.622,0.0
u_4939,0.000251219889904265,18,0.0,0.004,0.0
u_4940,0.0816703835615202,22,0.0,0.721,0.0
u_4941,0.08957685516699071,39,0.0,0.787,0.0
u_4942,0.0005590131629900093,8,0.0,0.005,0.0
u_4943,0.009986026371917105,42,0.0,0.186,0.0
u_4944,0.006122382607521881,1,0.0,0.111,0.0
u_4945,0.09217747304229786,17,0.0,0.587,0.0
u_4946,0.002236579594137571,15,0.0,0.014,0.0
u_4947,0.043486988379812117,19,0.0,0.787,0.0
u_4948,0.049729767480351975,46,0.0,0.86,0.0
u_4949,0.1905505210744883,43,0.0,0.866,0.0
u_4950,0.05769639312959157,6,0.0,0.503,0.0
u_4951,0.08539339431885773,27,0.0,0.787,0.0
u_4952,0.0627082835744985,10,0.0,0.58,0.0
u_4953,0.05098677248870224,10,0.0,0.324,0.0
u_4954,0.022261561167285282,55,0.0,0.205,0.0
u_4955,0.009714661653468366,6,0.0,0.029,0.0
u_4956,0.08158354123540204,62,0.0,0.787,0.0
u_4957,0.0,-1,0.0,,
u_4958,0.07984164493912285,40,0.0,0.767,0.0
u_4959,0.04231822054458166,20,0.0,0.787,0.0
u_4960,0.13088331791829938,2,0.0,0.787,0.0
u_4961,0.0013631904257371756,31,0.0,0.012,0.0
u_4962,0.0,-1,0.0,,
u_4963,0.1358355077252836,6,0.0,0.857,0.0
u_4964,0.025758649964316958,62,0.0,0.158,0.0
u_4965,0.00041481965525916206,27,0.0,0.003,0.0
u_4966,0.025603090226919964,22,0.0,0.239,0.0
u_4967,0.08364686147434656,1,0.0,0.787,0.0
u_4968,0.00019143795045939283,33,0.0,0.002,0.0
u_4969,0.000150631538780148,40,0.0,0.001,0.0
u_4970,0.013185145677921827,26,0.0,0.12,0.0
u_4971,0.00018775993107245475,7,0.0,0.001,0.0
u_4972,0.0,-1,0.0,,
u_4973,0.08844746821370378,68,0.0,0.787,0.0
u_4974,0.014193497235662197,49,0.0,0.135,0.0
u_4975,0.07757178108812976,40,0.0,0.693,0.0
u_4976,0.07070282329357923,14,0.0,0.627,0.0
u_4977,0.004170078642948143,8,0.0,0.037,0.0
u_4978,0.030933212503278473,16,0.0,0.19,0.0
u_4979,0.022750729702556864,45,0.0,0.127,0.0
u_4980,0.0823878975114515,62,0.0,0.787,0.0
u_4981,0.00020153043167218216,25,0.0,0.002,0.0
u_4982,0.08504981323608818,50,0.0,0.787,0.0
u_4983,0.0005376063627646507,48,0.0,0.009,0.0
u_4984,0.12357393342910784,14,0.0,0.787,0.0
u_4985,0.004029176535778753,46,0.0,0.07,0.0
u_4986,0.001212281737287008,58,0.0,0.011,0.0
u_4987,0.04887580856847828,17,0.0,0.787,0.0
u_4988,0.042235671264162764,40,0.0,0.787,0.0
u_4989,0.0018141148509907932,7,0.0,0.011,0.0
u_4990,0.08525742458714755,30,0.0,0.787,0.0
u_4991,0.0315268350937722,11,0.0,0.276,0.0
u_4992,0.0002744456477903397,3,0.0,0.002,0.0
u_4993,0.04287777271468425,16,0.0,0.787,0.0
u_4994,0.08541753762623037,45,0.0,0.787,0.0
u_4995,0.10105801485404495,39,0.0,0.481,0.0
u_4996,0.12936723201892447,32,0.0,0.787,0.0
u_4997,0.043107673802777934,38,0.0,0.787,0.0
u_4998,0.005340744461300386,43,0.0,0.098,0.0
u_4999,0.07770634477179646,19,0.0,0.716,0.0
u_5000,0.0009674887053312602,72,0.0,0.002,0.0
u_5001,0.5962092297233343,72,0.0,0.981,0.0
u_5002,0.008720999593311157,72,0.0,0.024,0.0
u_5003,0.007414619089432917,72,0.0,0.021,0.0
u_5004,0.0014982623973678044,72,0.0,0.004,0.0
u_5005,0.01725654543974553,72,0.0,0.041,0.0
u_5006,0.0012613243177133306,72,0.0,0.003,0.0
u_5007,0.007228593734045275,72,0.0,0.018,0.0
u_5008,0.10034277492150417,72,0.0,0.246,0.0
u_5009,0.055552299213482405,72,0.0,0.132,0.0
u_5010,0.0005913006690599375,72,0.0,0.001,0.0
u_5011,0.10384751088105039,72,0.0,0.22,0.0
u_5012,0.11830884017711735,72,0.0,0.195,0.0
u_5013,0.599138625934948,72,0.0,0.787,0.0
u_5014,0.057175109709893535,67,0.0,0.281,0.0
u_5015,0.0005071284010011,67,0.0,0.001,0.0
u_5016,0.010154466239447204,67,0.0,0.02,0.0
u_5017,0.00039409752609843174,67,0.0,0.001,0.0
u_5018,0.2927142382945321,67,0.0,0.707,0.0
u_5019,0.012990856302087773,67,0.0,0.03,0.0
u_5020,0.061172977601725076,67,0.0,0.3,0.0
u_5021,0.08824706299031387,67,0.0,0.166,0.0
u_5022,0.0032069526399878937,67,0.0,0.008,0.0
u_5023,0.0006704691990903852,67,0.0,0.002,0.0
u_5024,0.46915899736472466,67,0.0,0.787,0.0
u_5025,0.001574439542867728,73,0.0,0.003,0.0
u_5026,0.08161635189332439,73,0.0,0.208,0.0
u_5027,0.04604525139116946,73,0.0,0.091,0.0
u_5028,0.17315376740022653,73,0.0,0.472,0.0
u_5029,0.06979950087979844,73,0.0,0.138,0.0
u_5030,0.194497332545591,73,0.0,0.383,0.0
u_5031,0.00523978935275075,73,0.0,0.01,0.0
u_5032,0.0573069158321195,73,0.0,0.188,0.0
u_5033,0.0036059435587705354,73,0.0,0.007,0.0
u_5034,0.017272348013757405,73,0.0,0.031,0.0
u_5035,0.014485610168729915,73,0.0,0.029,0.0
u_5036,0.004331391192429736,73,0.0,0.01,0.0
u_5037,0.5087566541983379,73,0.0,0.787,0.0
u_5038,0.519800110734048,73,0.0,0.787,0.0
u_5039,0.00025491937882247674,71,0.0,0.001,0.0
u_5040,0.0002549378798702089,71,0.0,0.001,0.0
u_5041,0.0003377589192274356,71,0.0,0.001,0.0
u_5042,0.00035463393010833137,71,0.0,0.001,0.0
u_5043,0.00041541223360915826,71,0.0,0.001,0.0
u_5044,0.000269703613728776,71,0.0,0.001,0.0
u_5045,0.00021830646927539646,71,0.0,0.001,0.0
u_5046,0.0003453874726636141,71,0.0,0.001,0.0
u_5047,0.006765047460104611,76,0.0,0.019,0.0
u_5048,0.006765334454822402,76,0.0,0.019,0.0
u_5049,0.009049368069077298,4,0.0,0.019,0.0
u_5050,0.0036833843521016088,4,0.0,0.019,0.0
u_5051,0.00805989008965021,4,0.0,0.019,0.0
u_5052,0.006767085217246703,76,0.0,0.019,0.0
u_5053,0.006767701105621354,76,0.0,0.019,0.0
u_5054,0.008097998732497792,76,0.0,0.019,0.0
u_5055,0.0036838645085806466,76,0.0,0.019,0.0
u_5056,0.00806313000000428,76,0.0,0.019,0.0
u_5057,0.0009212344188954603,75,0.0,0.006,0.0
u_5058,0.001462458957718097,75,0.0,0.006,0.0
u_5059,0.0009905802873943798,75,0.0,0.006,0.0
u_5060,0.0009906576245217063,75,0.0,0.006,0.0
u_5061,0.0017349481999338234,75,0.0,0.006,0.0
u_5062,0.07436993542607434,70,0.0,0.147,0.0
u_5063,0.000581082579464731,70,0.0,0.001,0.0
u_5064,0.1253644021390973,70,0.0,0.991,0.0
u_5065,0.0008028777099525838,70,0.0,0.002,0.0
u_5066,0.0027388149573522214,70,0.0,0.006,0.0
u_5067,0.009470671118361836,70,0.0,0.023,0.0
u_5068,0.012567699370792601,70,0.0,0.027,0.0
u_5069,0.0019558822076135808,70,0.0,0.005,0.0
u_5070,0.00022723800249286878,70,0.0,0.001,0.0
u_5071,0.0023377450417748423,70,0.0,0.005,0.0
u_5072,0.029350373664808367,70,0.0,0.062,0.0
u_5073,0.026263796192191317,70,0.0,0.073,0.0
u_5074,0.016072253855689483,70,0.0,0.045,0.0
u_5075,0.16811079985190672,70,0.0,0.358,0.0
u_5076,0.0008572382406685211,70,0.0,0.002,0.0
u_5077,0.28357949690594836,70,0.0,0.793,0.0
u_5078,0.08071714966249818,70,0.0,0.226,0.0
u_5079,0.7226891869657324,70,0.72,0.787,1.0
u_5080,0.3925728468579239,70,0.0,0.787,0.0
u_5081,0.14482840439835773,74,0.0,0.71,0.0
u_5082,0.05744015885215836,74,0.0,0.221,0.0
u_5083,0.004154002556984225,74,0.0,0.015,0.0
u_5084,0.0037609599128326223,74,0.0,0.022,0.0
u_5085,0.010976435963129477,74,0.0,0.067,0.0
u_5086,0.004022835818964599,74,0.0,0.024,0.0
u_5087,0.04696488361414946,74,0.0,0.132,0.0
u_5088,0.005609401546448428,74,0.0,0.016,0.0
u_5089,0.00943411285068273,74,0.0,0.022,0.0
u_5090,0.002880539613435886,74,0.0,0.014,0.0
u_5091,0.002294405278604029,74,0.0,0.006,0.0
u_5092,0.004140309323654586,74,0.0,0.012,0.0
u_5093,0.017107834025932533,74,0.0,0.048,0.0
u_5094,0.2740775492525707,74,0.0,0.787,0.0
u_5095,0.4349960033214638,74,0.0,0.787,0.0
u_5096,0.38774739382626255,74,0.0,0.787,0.0
u_5097,0.007017124430847764,61,0.0,0.014,0.0
u_5098,0.012354627849464518,61,0.0,0.057,0.0
u_5099,0.00063170315779031,61,0.0,0.001,0.0
u_5100,0.06906664438411919,61,0.0,0.152,0.0
u_5101,0.0015043176262421643,61,0.0,0.003,0.0
u_5102,0.00044279153380748026,61,0.0,0.004,0.0
u_5103,0.006847496644692288,61,0.0,0.033,0.0
u_5104,0.00038388838908186024,61,0.0,0.001,0.0
u_5105,0.027257115998318305,61,0.0,0.052,0.0
u_5106,0.05855382510673555,61,0.0,0.26,0.0
u_5107,0.07547210289769782,61,0.0,0.147,0.0
u_5108,0.022439143361028605,61,0.0,0.043,0.0
u_5109,0.003900821842244864,61,0.0,0.008,0.0
u_5110,0.1357675791154526,61,0.0,0.659,0.0
u_5111,0.2840128861414853,61,0.0,0.787,0.0
u_5112,0.36949381736406556,61,0.0,0.787,0.0
u_5113,0.45752874564081875,61,0.0,0.787,0.0
